seed,solver_type,run_index,status,nfev,final_mse,time_sec
0,BFGS_Single,0,True,38,0.24283668821601742,0.03490638732910156
0,BFGS_MultiStart,0,True,36,0.2428366882160193,0.010785102844238281
0,BFGS_MultiStart,1,True,38,0.24283668821601925,0.009895086288452148
0,BFGS_MultiStart,2,False,59,0.24283668821602128,0.010321617126464844
0,BFGS_MultiStart,3,True,34,0.2428366882160205,0.010145425796508789
0,BFGS_MultiStart,4,True,40,0.24283668821601817,0.012253522872924805
1,BFGS_Single,0,True,35,0.18682925848549942,0.015918493270874023
1,BFGS_MultiStart,0,True,35,0.18682925848549642,0.01911449432373047
1,BFGS_MultiStart,1,True,30,0.18682925848549264,0.015398740768432617
1,BFGS_MultiStart,2,True,62,0.1868292584854929,0.03148674964904785
1,BFGS_MultiStart,3,True,36,0.18682925848550005,0.024109363555908203
1,BFGS_MultiStart,4,True,36,0.18682925848549148,0.02397894859313965
2,BFGS_Single,0,True,56,0.26770338437653757,0.03924226760864258
2,BFGS_MultiStart,0,True,30,0.26770338437653257,0.01638054847717285
2,BFGS_MultiStart,1,True,35,0.2677033843765332,0.025266408920288086
2,BFGS_MultiStart,2,True,32,0.2677033843765336,0.023321151733398438
2,BFGS_MultiStart,3,True,32,0.2677033843765364,0.02468085289001465
2,BFGS_MultiStart,4,True,56,0.2677033843765258,0.036971092224121094
3,BFGS_Single,0,True,55,0.26221873475739454,0.036612510681152344
3,BFGS_MultiStart,0,True,34,0.26221873475739554,0.022657155990600586
3,BFGS_MultiStart,1,True,57,0.2622187347573878,0.031992197036743164
3,BFGS_MultiStart,2,True,40,0.2622187347573922,0.02575087547302246
3,BFGS_MultiStart,3,True,40,0.26221873475739377,0.020477294921875
3,BFGS_MultiStart,4,True,69,0.2622187347573897,0.0303647518157959
4,BFGS_Single,0,True,34,0.23185802432224195,0.0190427303314209
4,BFGS_MultiStart,0,True,41,0.23185802432223193,0.0313107967376709
4,BFGS_MultiStart,1,True,35,0.2318580243222352,0.02637505531311035
4,BFGS_MultiStart,2,True,41,0.23185802432223795,0.026174068450927734
4,BFGS_MultiStart,3,True,31,0.23185802432224284,0.01832723617553711
4,BFGS_MultiStart,4,True,60,0.23185802432223976,0.030324697494506836
5,BFGS_Single,0,True,35,0.22272025031669423,0.020466327667236328
5,BFGS_MultiStart,0,True,36,0.22272025031669077,0.018877029418945312
5,BFGS_MultiStart,1,True,60,0.2227202503166936,0.03206610679626465
5,BFGS_MultiStart,2,True,34,0.22272025031668993,0.016919374465942383
5,BFGS_MultiStart,3,True,40,0.22272025031669226,0.02035236358642578
5,BFGS_MultiStart,4,True,28,0.22272025031669201,0.00864720344543457
6,BFGS_Single,0,True,37,0.24195850130668356,0.01958179473876953
6,BFGS_MultiStart,0,True,36,0.2419585013066841,0.017467975616455078
6,BFGS_MultiStart,1,True,55,0.24195850130668106,0.019194364547729492
6,BFGS_MultiStart,2,True,42,0.2419585013066811,0.01246023178100586
6,BFGS_MultiStart,3,True,36,0.2419585013066895,0.017323732376098633
6,BFGS_MultiStart,4,True,54,0.24195850130668276,0.024502277374267578
7,BFGS_Single,0,True,60,0.24536134636858592,0.026444435119628906
7,BFGS_MultiStart,0,True,32,0.2453613463685884,0.014533281326293945
7,BFGS_MultiStart,1,True,59,0.24536134636858692,0.02108454704284668
7,BFGS_MultiStart,2,True,60,0.24536134636858664,0.019991397857666016
7,BFGS_MultiStart,3,True,26,0.24536134636859147,0.004972219467163086
7,BFGS_MultiStart,4,True,39,0.24536134636859283,0.018855810165405273
8,BFGS_Single,0,True,37,0.31517855175068415,0.017716407775878906
8,BFGS_MultiStart,0,True,59,0.3151785517506804,0.01718735694885254
8,BFGS_MultiStart,1,True,58,0.3151785517506763,0.027776002883911133
8,BFGS_MultiStart,2,True,27,0.3151785517506798,0.011059761047363281
8,BFGS_MultiStart,3,True,46,0.31517855175067766,0.024624347686767578
8,BFGS_MultiStart,4,True,44,0.31517855175068177,0.022691965103149414
9,BFGS_Single,0,True,32,0.2524133697607704,0.015202045440673828
9,BFGS_MultiStart,0,True,34,0.25241336976077305,0.015570640563964844
9,BFGS_MultiStart,1,True,33,0.25241336976077894,0.014854192733764648
9,BFGS_MultiStart,2,True,37,0.2524133697607807,0.0185549259185791
9,BFGS_MultiStart,3,True,30,0.25241336976076606,0.013167858123779297
9,BFGS_MultiStart,4,True,36,0.25241336976077344,0.01812887191772461
10,BFGS_Single,0,True,61,0.2334351620158254,0.036383628845214844
10,BFGS_MultiStart,0,True,59,0.23343516201582423,0.039441823959350586
10,BFGS_MultiStart,1,True,40,0.23343516201582568,0.030667543411254883
10,BFGS_MultiStart,2,True,37,0.23343516201582395,0.027506589889526367
10,BFGS_MultiStart,3,False,51,0.23343516201582384,0.02950453758239746
10,BFGS_MultiStart,4,True,44,0.23343516201584447,0.023343563079833984
11,BFGS_Single,0,True,36,0.24528964379217874,0.018382787704467773
11,BFGS_MultiStart,0,True,38,0.24528964379217602,0.023328065872192383
11,BFGS_MultiStart,1,True,40,0.245289643792182,0.03660917282104492
11,BFGS_MultiStart,2,True,37,0.24528964379218005,0.02928614616394043
11,BFGS_MultiStart,3,True,60,0.24528964379217916,0.03236222267150879
11,BFGS_MultiStart,4,True,43,0.24528964379218005,0.028050899505615234
12,BFGS_Single,0,True,37,0.28699505660683283,0.03000617027282715
12,BFGS_MultiStart,0,True,30,0.28699505660683716,0.02145862579345703
12,BFGS_MultiStart,1,True,41,0.28699505660683683,0.02724170684814453
12,BFGS_MultiStart,2,True,69,0.28699505660683733,0.0407099723815918
12,BFGS_MultiStart,3,True,35,0.2869950566068356,0.016887664794921875
12,BFGS_MultiStart,4,True,83,0.2869950566068289,0.031529903411865234
13,BFGS_Single,0,True,31,0.21175682603296359,0.015555381774902344
13,BFGS_MultiStart,0,True,29,0.21175682603296336,0.012317180633544922
13,BFGS_MultiStart,1,True,36,0.2117568260329653,0.021142244338989258
13,BFGS_MultiStart,2,True,67,0.2117568260329623,0.037384748458862305
13,BFGS_MultiStart,3,True,42,0.21175682603296136,0.022622108459472656
13,BFGS_MultiStart,4,True,65,0.2117568260329656,0.03370356559753418
14,BFGS_Single,0,True,60,0.24931055310486275,0.03087472915649414
14,BFGS_MultiStart,0,True,33,0.24931055310486994,0.0211184024810791
14,BFGS_MultiStart,1,True,56,0.2493105531048673,0.026956558227539062
14,BFGS_MultiStart,2,True,34,0.24931055310486466,0.01606917381286621
14,BFGS_MultiStart,3,True,51,0.2493105531048653,0.020020723342895508
14,BFGS_MultiStart,4,True,36,0.2493105531048672,0.02002429962158203
15,BFGS_Single,0,True,58,0.26525135478181017,0.027677536010742188
15,BFGS_MultiStart,0,True,38,0.26525135478181167,0.021232128143310547
15,BFGS_MultiStart,1,True,35,0.2652513547818197,0.020145893096923828
15,BFGS_MultiStart,2,True,60,0.2652513547818286,0.028387784957885742
15,BFGS_MultiStart,3,True,38,0.2652513547818153,0.018252134323120117
15,BFGS_MultiStart,4,True,37,0.2652513547818117,0.021131277084350586
16,BFGS_Single,0,True,57,0.22657017300978824,0.023115158081054688
16,BFGS_MultiStart,0,True,59,0.22657017300977386,0.022175312042236328
16,BFGS_MultiStart,1,True,63,0.22657017300977683,0.0342252254486084
16,BFGS_MultiStart,2,True,35,0.2265701730097803,0.019072771072387695
16,BFGS_MultiStart,3,True,36,0.22657017300977925,0.017987966537475586
16,BFGS_MultiStart,4,True,33,0.226570173009776,0.012609004974365234
17,BFGS_Single,0,True,38,0.3061255175167017,0.012518644332885742
17,BFGS_MultiStart,0,True,62,0.3061255175167075,0.01494288444519043
17,BFGS_MultiStart,1,True,36,0.30612551751671274,0.010619163513183594
17,BFGS_MultiStart,2,True,36,0.30612551751671135,0.011419296264648438
17,BFGS_MultiStart,3,True,50,0.3061255175167023,0.010524988174438477
17,BFGS_MultiStart,4,True,25,0.30612551751670336,0.0059814453125
18,BFGS_Single,0,True,36,0.29338825838575816,0.010502338409423828
18,BFGS_MultiStart,0,True,36,0.2933882583857649,0.009669065475463867
18,BFGS_MultiStart,1,True,87,0.29338825838575633,0.015403509140014648
18,BFGS_MultiStart,2,True,35,0.293388258385758,0.007483005523681641
18,BFGS_MultiStart,3,True,32,0.2933882583857574,0.00950479507446289
18,BFGS_MultiStart,4,True,32,0.2933882583857666,0.007631778717041016
19,BFGS_Single,0,True,34,0.1830667759954592,0.007341861724853516
19,BFGS_MultiStart,0,True,23,0.18306677599546087,0.004502296447753906
19,BFGS_MultiStart,1,True,38,0.18306677599547436,0.016094207763671875
19,BFGS_MultiStart,2,True,64,0.18306677599546076,0.028512954711914062
19,BFGS_MultiStart,3,True,67,0.1830667759954573,0.022314786911010742
19,BFGS_MultiStart,4,True,36,0.18306677599546264,0.018419742584228516
20,BFGS_Single,0,True,39,0.28679619094232456,0.02190113067626953
20,BFGS_MultiStart,0,True,30,0.2867961909423268,0.014414310455322266
20,BFGS_MultiStart,1,True,35,0.2867961909423207,0.01639699935913086
20,BFGS_MultiStart,2,True,32,0.28679619094232056,0.015682458877563477
20,BFGS_MultiStart,3,True,37,0.2867961909423308,0.01895737648010254
20,BFGS_MultiStart,4,True,33,0.2867961909423223,0.017460107803344727
21,BFGS_Single,0,True,32,0.2647431715753965,0.015162229537963867
21,BFGS_MultiStart,0,True,68,0.2647431715753977,0.03334832191467285
21,BFGS_MultiStart,1,True,31,0.26474317157540145,0.010607242584228516
21,BFGS_MultiStart,2,True,65,0.264743171575626,0.02087855339050293
21,BFGS_MultiStart,3,True,61,0.2647431715753962,0.02412247657775879
21,BFGS_MultiStart,4,True,40,0.26474317157539584,0.025432586669921875
22,BFGS_Single,0,True,55,0.23667390985694306,0.026200056076049805
22,BFGS_MultiStart,0,True,65,0.23667390985694026,0.040036916732788086
22,BFGS_MultiStart,1,True,58,0.23667390985693634,0.028743743896484375
22,BFGS_MultiStart,2,True,33,0.23667390985693892,0.016385555267333984
22,BFGS_MultiStart,3,True,37,0.2366739098569387,0.023121118545532227
22,BFGS_MultiStart,4,True,51,0.23667390985693515,0.02465510368347168
23,BFGS_Single,0,True,37,0.2421711406969261,0.02006244659423828
23,BFGS_MultiStart,0,True,41,0.2421711406969232,0.02585601806640625
23,BFGS_MultiStart,1,True,37,0.2421711406969332,0.020054340362548828
23,BFGS_MultiStart,2,True,30,0.242171140696931,0.01862621307373047
23,BFGS_MultiStart,3,True,44,0.24217114069692317,0.02585124969482422
23,BFGS_MultiStart,4,True,61,0.24217114069694431,0.025997638702392578
24,BFGS_Single,0,True,46,0.253596820704823,0.019140958786010742
24,BFGS_MultiStart,0,True,30,0.25359682070482414,0.012950897216796875
24,BFGS_MultiStart,1,True,39,0.25359682070482675,0.015327692031860352
24,BFGS_MultiStart,2,True,72,0.2535968207048249,0.023879051208496094
24,BFGS_MultiStart,3,True,60,0.25359682070482076,0.025645732879638672
24,BFGS_MultiStart,4,True,36,0.25359682070482803,0.014611005783081055
25,BFGS_Single,0,True,65,0.2872199473293987,0.030777454376220703
25,BFGS_MultiStart,0,True,66,0.2872199473293986,0.033386945724487305
25,BFGS_MultiStart,1,True,35,0.28721994732939515,0.02202153205871582
25,BFGS_MultiStart,2,True,58,0.2872199473294203,0.03833317756652832
25,BFGS_MultiStart,3,True,32,0.2872199473293945,0.021347761154174805
25,BFGS_MultiStart,4,True,28,0.28721994732940215,0.01766204833984375
26,BFGS_Single,0,True,35,0.23356028430951517,0.017447233200073242
26,BFGS_MultiStart,0,True,58,0.23356028430951628,0.02806854248046875
26,BFGS_MultiStart,1,True,63,0.23356028430951653,0.032204627990722656
26,BFGS_MultiStart,2,True,41,0.23356028430953527,0.01878046989440918
26,BFGS_MultiStart,3,True,34,0.23356028430951223,0.020753860473632812
26,BFGS_MultiStart,4,True,41,0.2335602843095147,0.028281688690185547
27,BFGS_Single,0,True,34,0.20390032022549345,0.01995229721069336
27,BFGS_MultiStart,0,True,65,0.20390032022549542,0.025161266326904297
27,BFGS_MultiStart,1,True,33,0.20390032022548948,0.013350963592529297
27,BFGS_MultiStart,2,True,34,0.20390032022549107,0.017516374588012695
27,BFGS_MultiStart,3,True,34,0.2039003202254907,0.020597219467163086
27,BFGS_MultiStart,4,True,42,0.2039003202254926,0.022695541381835938
28,BFGS_Single,0,True,62,0.23293369874077183,0.027599573135375977
28,BFGS_MultiStart,0,True,35,0.23293369874076814,0.017480134963989258
28,BFGS_MultiStart,1,True,55,0.23293369874077313,0.023911237716674805
28,BFGS_MultiStart,2,True,40,0.23293369874077224,0.020122528076171875
28,BFGS_MultiStart,3,True,48,0.23293369874077027,0.018940448760986328
28,BFGS_MultiStart,4,True,44,0.23293369874077127,0.02780938148498535
29,BFGS_Single,0,True,31,0.3182051847673694,0.016701936721801758
29,BFGS_MultiStart,0,True,37,0.318205184767369,0.020159482955932617
29,BFGS_MultiStart,1,False,69,0.31820518476736437,0.025549650192260742
29,BFGS_MultiStart,2,True,56,0.31820518476736886,0.03367209434509277
29,BFGS_MultiStart,3,True,63,0.3182051847673704,0.038686513900756836
29,BFGS_MultiStart,4,True,56,0.31820518476736037,0.02244114875793457
30,BFGS_Single,0,True,37,0.26386071825080504,0.02538585662841797
30,BFGS_MultiStart,0,True,34,0.26386071825080837,0.02101874351501465
30,BFGS_MultiStart,1,True,37,0.26386071825080515,0.01918768882751465
30,BFGS_MultiStart,2,True,58,0.2638607182508053,0.028023958206176758
30,BFGS_MultiStart,3,True,34,0.26386071825080365,0.01985764503479004
30,BFGS_MultiStart,4,True,48,0.26386071825080704,0.012501716613769531
31,BFGS_Single,0,True,34,0.27769872169930165,0.0185396671295166
31,BFGS_MultiStart,0,True,62,0.27769872169930027,0.0568690299987793
31,BFGS_MultiStart,1,True,37,0.277698721699301,0.036698102951049805
31,BFGS_MultiStart,2,True,35,0.27769872169930326,0.013379812240600586
31,BFGS_MultiStart,3,True,36,0.27769872169930376,0.030109643936157227
31,BFGS_MultiStart,4,True,58,0.2776987216993024,0.022974729537963867
32,BFGS_Single,0,True,60,0.2523419002907439,0.020018339157104492
32,BFGS_MultiStart,0,True,34,0.25234190029075004,0.015240907669067383
32,BFGS_MultiStart,1,True,43,0.2523419002907503,0.021565675735473633
32,BFGS_MultiStart,2,True,58,0.25234190029074594,0.021395206451416016
32,BFGS_MultiStart,3,True,39,0.2523419002907447,0.014774799346923828
32,BFGS_MultiStart,4,True,49,0.25234190029074316,0.014922618865966797
33,BFGS_Single,0,True,39,0.24310543694087836,0.011751174926757812
33,BFGS_MultiStart,0,True,32,0.24310543694087353,0.008588314056396484
33,BFGS_MultiStart,1,True,40,0.24310543694088319,0.013322830200195312
33,BFGS_MultiStart,2,True,70,0.24310543694089018,0.01583075523376465
33,BFGS_MultiStart,3,True,61,0.2431054369408716,0.013533592224121094
33,BFGS_MultiStart,4,True,36,0.2431054369408702,0.009626388549804688
34,BFGS_Single,0,True,36,0.18926892089020936,0.008768320083618164
34,BFGS_MultiStart,0,True,47,0.18926892089020345,0.010781288146972656
34,BFGS_MultiStart,1,True,64,0.18926892089020814,0.022768020629882812
34,BFGS_MultiStart,2,True,60,0.18926892089020647,0.02456188201904297
34,BFGS_MultiStart,3,True,39,0.18926892089020472,0.01822519302368164
34,BFGS_MultiStart,4,True,32,0.18926892089021202,0.014984369277954102
35,BFGS_Single,0,True,58,0.27606886031586947,0.020749807357788086
35,BFGS_MultiStart,0,True,24,0.2760688603158851,0.008589029312133789
35,BFGS_MultiStart,1,True,40,0.27606886031585826,0.01781010627746582
35,BFGS_MultiStart,2,True,36,0.2760688603158632,0.017342090606689453
35,BFGS_MultiStart,3,True,36,0.2760688603158628,0.01356816291809082
35,BFGS_MultiStart,4,True,35,0.2760688603158632,0.011428594589233398
36,BFGS_Single,0,True,32,0.2741902871306223,0.010573863983154297
36,BFGS_MultiStart,0,True,37,0.274190287130622,0.012572288513183594
36,BFGS_MultiStart,1,True,54,0.27419028713062515,0.018803119659423828
36,BFGS_MultiStart,2,True,37,0.2741902871306198,0.01264047622680664
36,BFGS_MultiStart,3,True,32,0.27419028713062066,0.011069059371948242
36,BFGS_MultiStart,4,True,30,0.27419028713062166,0.00921177864074707
37,BFGS_Single,0,True,37,0.25057292875856974,0.013051033020019531
37,BFGS_MultiStart,0,True,42,0.25057292875857995,0.01824784278869629
37,BFGS_MultiStart,1,True,56,0.2505729287585726,0.018563032150268555
37,BFGS_MultiStart,2,True,37,0.2505729287585701,0.01005864143371582
37,BFGS_MultiStart,3,True,39,0.2505729287585718,0.008948802947998047
37,BFGS_MultiStart,4,True,37,0.25057292875857007,0.008296489715576172
38,BFGS_Single,0,True,60,0.31233818526384494,0.012084245681762695
38,BFGS_MultiStart,0,True,36,0.31233818526384177,0.008696794509887695
38,BFGS_MultiStart,1,True,38,0.31233818526384416,0.0071222782135009766
38,BFGS_MultiStart,2,True,36,0.3123381852638423,0.008322477340698242
38,BFGS_MultiStart,3,True,60,0.312338185263844,0.010533332824707031
38,BFGS_MultiStart,4,True,35,0.31233818526384144,0.0073430538177490234
39,BFGS_Single,0,True,33,0.2486718892710384,0.005973100662231445
39,BFGS_MultiStart,0,True,36,0.24867188927103093,0.008911371231079102
39,BFGS_MultiStart,1,True,39,0.248671889271037,0.009580373764038086
39,BFGS_MultiStart,2,True,40,0.24867188927106149,0.010769128799438477
39,BFGS_MultiStart,3,True,63,0.2486718892710368,0.014441251754760742
39,BFGS_MultiStart,4,True,64,0.24867188927103695,0.013604879379272461
40,BFGS_Single,0,True,34,0.22468993903613954,0.008147716522216797
40,BFGS_MultiStart,0,True,34,0.2246899390361303,0.009911537170410156
40,BFGS_MultiStart,1,True,63,0.2246899390361309,0.013851642608642578
40,BFGS_MultiStart,2,True,35,0.22468993903613296,0.009525060653686523
40,BFGS_MultiStart,3,True,34,0.22468993903612783,0.009117603302001953
40,BFGS_MultiStart,4,True,60,0.22468993903612972,0.01505422592163086
41,BFGS_Single,0,True,54,0.2634729741702785,0.01258397102355957
41,BFGS_MultiStart,0,True,62,0.2634729741702715,0.023776769638061523
41,BFGS_MultiStart,1,True,37,0.2634729741702776,0.014440536499023438
41,BFGS_MultiStart,2,True,30,0.26347297417027643,0.014152288436889648
41,BFGS_MultiStart,3,True,71,0.26347297417027726,0.023553848266601562
41,BFGS_MultiStart,4,True,60,0.26347297417027893,0.01917433738708496
42,BFGS_Single,0,True,56,0.21372035277751888,0.018108129501342773
42,BFGS_MultiStart,0,True,57,0.21372035277752255,0.02360367774963379
42,BFGS_MultiStart,1,True,33,0.21372035277751922,0.014338254928588867
42,BFGS_MultiStart,2,True,31,0.21372035277751913,0.0075130462646484375
42,BFGS_MultiStart,3,True,37,0.21372035277753523,0.014916658401489258
42,BFGS_MultiStart,4,True,60,0.21372035277752977,0.013872146606445312
43,BFGS_Single,0,True,81,0.24575539364857402,0.01672530174255371
43,BFGS_MultiStart,0,False,50,0.24575539364857052,0.009764671325683594
43,BFGS_MultiStart,1,True,65,0.24575539364856733,0.02685070037841797
43,BFGS_MultiStart,2,True,38,0.24575539364857155,0.008539199829101562
43,BFGS_MultiStart,3,True,33,0.24575539364857846,0.009756803512573242
43,BFGS_MultiStart,4,True,39,0.24575539364857454,0.013972043991088867
44,BFGS_Single,0,True,37,0.2511111241507039,0.010355710983276367
44,BFGS_MultiStart,0,True,35,0.2511111241506964,0.009106874465942383
44,BFGS_MultiStart,1,True,35,0.25111112415069775,0.011152029037475586
44,BFGS_MultiStart,2,True,37,0.25111112415069453,0.009514808654785156
44,BFGS_MultiStart,3,True,36,0.25111112415069825,0.007968664169311523
44,BFGS_MultiStart,4,True,43,0.25111112415069536,0.009830474853515625
45,BFGS_Single,0,True,26,0.2241742690542144,0.005998373031616211
45,BFGS_MultiStart,0,True,34,0.22417426905356916,0.013602256774902344
45,BFGS_MultiStart,1,True,34,0.22417426905357218,0.008564472198486328
45,BFGS_MultiStart,2,True,39,0.2241742690535691,0.009530782699584961
45,BFGS_MultiStart,3,True,45,0.22417426905357274,0.010040760040283203
45,BFGS_MultiStart,4,True,68,0.22417426905356833,0.024323701858520508
46,BFGS_Single,0,True,41,0.20967045454811337,0.02115631103515625
46,BFGS_MultiStart,0,True,36,0.2096704545481129,0.015820980072021484
46,BFGS_MultiStart,1,True,35,0.20967045454811442,0.014305591583251953
46,BFGS_MultiStart,2,True,35,0.20967045454811242,0.014937162399291992
46,BFGS_MultiStart,3,True,37,0.2096704545481141,0.01642751693725586
46,BFGS_MultiStart,4,True,38,0.2096704545481164,0.01858997344970703
47,BFGS_Single,0,True,31,0.2602321695945095,0.014510393142700195
47,BFGS_MultiStart,0,True,38,0.2602321695944966,0.015877246856689453
47,BFGS_MultiStart,1,True,60,0.260232169594497,0.02889108657836914
47,BFGS_MultiStart,2,True,58,0.26023216959451,0.025869131088256836
47,BFGS_MultiStart,3,True,37,0.2602321695945001,0.01674675941467285
47,BFGS_MultiStart,4,True,63,0.26023216959449763,0.02678656578063965
48,BFGS_Single,0,True,38,0.24951865835854004,0.018750429153442383
48,BFGS_MultiStart,0,True,36,0.24951865835854117,0.022142410278320312
48,BFGS_MultiStart,1,True,37,0.24951865835854398,0.02127242088317871
48,BFGS_MultiStart,2,True,39,0.24951865835854112,0.014236211776733398
48,BFGS_MultiStart,3,True,32,0.24951865835854692,0.015126466751098633
48,BFGS_MultiStart,4,True,39,0.24951865835853845,0.013940095901489258
49,BFGS_Single,0,True,37,0.246116043115718,0.01676201820373535
49,BFGS_MultiStart,0,True,39,0.24611604311572502,0.016480207443237305
49,BFGS_MultiStart,1,True,37,0.246116043115714,0.012933969497680664
49,BFGS_MultiStart,2,True,60,0.24611604311572038,0.025996923446655273
49,BFGS_MultiStart,3,True,34,0.24611604311571436,0.01195836067199707
49,BFGS_MultiStart,4,True,22,0.24611604311571333,0.0054168701171875
50,BFGS_Single,0,True,34,0.265387383870336,0.018798112869262695
50,BFGS_MultiStart,0,True,58,0.265387383870336,0.025850296020507812
50,BFGS_MultiStart,1,True,29,0.265387383870333,0.01321554183959961
50,BFGS_MultiStart,2,True,43,0.26538738387033894,0.023363590240478516
50,BFGS_MultiStart,3,True,38,0.2653873838703356,0.01812291145324707
50,BFGS_MultiStart,4,True,52,0.2653873838703417,0.021256208419799805
51,BFGS_Single,0,True,31,0.2504444105582566,0.012855291366577148
51,BFGS_MultiStart,0,True,57,0.25044441055826344,0.031001806259155273
51,BFGS_MultiStart,1,True,34,0.25044441055827155,0.024629831314086914
51,BFGS_MultiStart,2,True,38,0.2504444105582623,0.024534225463867188
51,BFGS_MultiStart,3,True,34,0.2504444105582599,0.020799875259399414
51,BFGS_MultiStart,4,True,62,0.2504444105582629,0.03396153450012207
52,BFGS_Single,0,True,46,0.22218874982189085,0.017091751098632812
52,BFGS_MultiStart,0,True,65,0.2221887498218892,0.03524518013000488
52,BFGS_MultiStart,1,True,58,0.2221887498218918,0.027219772338867188
52,BFGS_MultiStart,2,True,36,0.22218874982189477,0.0191957950592041
52,BFGS_MultiStart,3,True,36,0.2221887498218872,0.022040605545043945
52,BFGS_MultiStart,4,True,33,0.22218874982189107,0.014799833297729492
53,BFGS_Single,0,True,41,0.2594828110606495,0.020045757293701172
53,BFGS_MultiStart,0,True,35,0.2594828110606471,0.015399694442749023
53,BFGS_MultiStart,1,True,35,0.25948281106065124,0.017343997955322266
53,BFGS_MultiStart,2,True,42,0.2594828110606462,0.018605470657348633
53,BFGS_MultiStart,3,True,55,0.2594828110606439,0.01871037483215332
53,BFGS_MultiStart,4,True,34,0.2594828110606483,0.015549421310424805
54,BFGS_Single,0,True,60,0.2165255129682486,0.028125286102294922
54,BFGS_MultiStart,0,True,36,0.21652551296824984,0.016208648681640625
54,BFGS_MultiStart,1,True,52,0.21652551296824485,0.021080970764160156
54,BFGS_MultiStart,2,True,30,0.21652551296825273,0.012850761413574219
54,BFGS_MultiStart,3,True,36,0.216525512968249,0.014950990676879883
54,BFGS_MultiStart,4,True,35,0.2165255129682491,0.013811111450195312
55,BFGS_Single,0,True,64,0.2558077237994289,0.028340816497802734
55,BFGS_MultiStart,0,True,33,0.2558077237994315,0.016576766967773438
55,BFGS_MultiStart,1,True,54,0.2558077237994299,0.017684221267700195
55,BFGS_MultiStart,2,True,55,0.2558077237994309,0.020003795623779297
55,BFGS_MultiStart,3,True,55,0.2558077237994274,0.020180940628051758
55,BFGS_MultiStart,4,True,36,0.25580772379942973,0.016082763671875
56,BFGS_Single,0,True,59,0.2511812769764519,0.02179431915283203
56,BFGS_MultiStart,0,True,69,0.2511812769764498,0.018872737884521484
56,BFGS_MultiStart,1,True,31,0.2511812769764515,0.009890317916870117
56,BFGS_MultiStart,2,True,55,0.251181276976451,0.016418933868408203
56,BFGS_MultiStart,3,True,60,0.25118127697645737,0.016582012176513672
56,BFGS_MultiStart,4,True,30,0.2511812769764556,0.007496356964111328
57,BFGS_Single,0,True,52,0.27940646469057223,0.012868881225585938
57,BFGS_MultiStart,0,True,38,0.279406464690562,0.00952601432800293
57,BFGS_MultiStart,1,True,59,0.27940646469057934,0.012792348861694336
57,BFGS_MultiStart,2,True,59,0.2794064646905733,0.013056039810180664
57,BFGS_MultiStart,3,True,40,0.2794064646905581,0.010300636291503906
57,BFGS_MultiStart,4,True,36,0.2794064646905652,0.009484291076660156
58,BFGS_Single,0,True,35,0.20676846047865247,0.01053762435913086
58,BFGS_MultiStart,0,True,37,0.2067684604786511,0.009982109069824219
58,BFGS_MultiStart,1,True,34,0.20676846047865227,0.009839296340942383
58,BFGS_MultiStart,2,True,30,0.2067684604786513,0.008337736129760742
58,BFGS_MultiStart,3,True,50,0.20676846047864472,0.00922393798828125
58,BFGS_MultiStart,4,True,33,0.20676846047864803,0.009277105331420898
59,BFGS_Single,0,True,36,0.2632556185715495,0.00819849967956543
59,BFGS_MultiStart,0,True,29,0.26325561857155705,0.007618427276611328
59,BFGS_MultiStart,1,True,35,0.2632556185715498,0.008087635040283203
59,BFGS_MultiStart,2,True,35,0.26325561857155233,0.007966756820678711
59,BFGS_MultiStart,3,True,38,0.26325561857155033,0.008170604705810547
59,BFGS_MultiStart,4,True,38,0.26325561857155483,0.007905960083007812
60,BFGS_Single,0,True,64,0.2824503010980472,0.012751102447509766
60,BFGS_MultiStart,0,True,36,0.2824503010980497,0.008847713470458984
60,BFGS_MultiStart,1,True,55,0.28245030109804736,0.010657787322998047
60,BFGS_MultiStart,2,True,34,0.2824503010980431,0.00719904899597168
60,BFGS_MultiStart,3,True,30,0.28245030109804153,0.0067021846771240234
60,BFGS_MultiStart,4,True,33,0.282450301098047,0.0065348148345947266
61,BFGS_Single,0,True,55,0.25412508025739117,0.01312398910522461
61,BFGS_MultiStart,0,True,41,0.25412508025739367,0.015505313873291016
61,BFGS_MultiStart,1,True,56,0.25412508025739194,0.016577482223510742
61,BFGS_MultiStart,2,True,54,0.25412508025739255,0.028289794921875
61,BFGS_MultiStart,3,True,29,0.25412508025739167,0.02012181282043457
61,BFGS_MultiStart,4,True,32,0.2541250802573922,0.018853187561035156
62,BFGS_Single,0,True,36,0.20777692244438195,0.02371954917907715
62,BFGS_MultiStart,0,True,31,0.20777692244438453,0.018905162811279297
62,BFGS_MultiStart,1,True,38,0.2077769224443822,0.014738798141479492
62,BFGS_MultiStart,2,True,39,0.20777692244438212,0.009844064712524414
62,BFGS_MultiStart,3,True,36,0.20777692244438586,0.014275312423706055
62,BFGS_MultiStart,4,True,39,0.20777692244438334,0.019289016723632812
63,BFGS_Single,0,True,67,0.2588386294428673,0.02141571044921875
63,BFGS_MultiStart,0,True,35,0.2588386294428705,0.009539365768432617
63,BFGS_MultiStart,1,True,36,0.2588386294428693,0.00883626937866211
63,BFGS_MultiStart,2,True,36,0.25883862944286823,0.012780427932739258
63,BFGS_MultiStart,3,True,57,0.25883862944286506,0.019136428833007812
63,BFGS_MultiStart,4,True,66,0.2588386294428653,0.03387928009033203
64,BFGS_Single,0,True,35,0.2901943928711761,0.01795673370361328
64,BFGS_MultiStart,0,True,66,0.2901943928711829,0.0321042537689209
64,BFGS_MultiStart,1,True,50,0.2901943928711734,0.01998448371887207
64,BFGS_MultiStart,2,True,31,0.2901943928711748,0.01598954200744629
64,BFGS_MultiStart,3,True,34,0.29019439287117915,0.02155017852783203
64,BFGS_MultiStart,4,True,37,0.2901943928711764,0.020412683486938477
65,BFGS_Single,0,True,58,0.19729698598665932,0.022047042846679688
65,BFGS_MultiStart,0,True,36,0.1972969859866624,0.01578688621520996
65,BFGS_MultiStart,1,True,57,0.19729698598666293,0.035935163497924805
65,BFGS_MultiStart,2,True,36,0.19729698598666398,0.015578031539916992
65,BFGS_MultiStart,3,True,33,0.19729698598666046,0.014440298080444336
65,BFGS_MultiStart,4,True,65,0.1972969859866577,0.02656698226928711
66,BFGS_Single,0,True,33,0.25992255504478534,0.013830423355102539
66,BFGS_MultiStart,0,True,33,0.25992255504478995,0.014634132385253906
66,BFGS_MultiStart,1,True,32,0.2599225550447861,0.013530492782592773
66,BFGS_MultiStart,2,True,33,0.25992255504478873,0.016710519790649414
66,BFGS_MultiStart,3,True,53,0.2599225550447857,0.021849870681762695
66,BFGS_MultiStart,4,True,38,0.25992255504478184,0.019809484481811523
67,BFGS_Single,0,True,33,0.21003170271085345,0.012313127517700195
67,BFGS_MultiStart,0,True,37,0.2100317027108588,0.018873929977416992
67,BFGS_MultiStart,1,True,30,0.21003170271084826,0.011267900466918945
67,BFGS_MultiStart,2,True,36,0.21003170271084964,0.017140626907348633
67,BFGS_MultiStart,3,True,30,0.21003170271084617,0.008532047271728516
67,BFGS_MultiStart,4,True,36,0.2100317027108516,0.017058849334716797
68,BFGS_Single,0,True,38,0.26975797189309153,0.01942586898803711
68,BFGS_MultiStart,0,False,63,0.2697579718930625,0.01414799690246582
68,BFGS_MultiStart,1,False,58,0.2697579718930647,0.01834845542907715
68,BFGS_MultiStart,2,True,63,0.26975797189306844,0.017357587814331055
68,BFGS_MultiStart,3,True,34,0.26975797189306955,0.017658710479736328
68,BFGS_MultiStart,4,True,37,0.2697579718930695,0.017009258270263672
69,BFGS_Single,0,True,37,0.29523953662361474,0.017567873001098633
69,BFGS_MultiStart,0,False,60,0.2952395366236083,0.01923203468322754
69,BFGS_MultiStart,1,True,37,0.29523953662361957,0.01684737205505371
69,BFGS_MultiStart,2,True,47,0.29523953662361696,0.01499795913696289
69,BFGS_MultiStart,3,True,33,0.29523953662361546,0.016720056533813477
69,BFGS_MultiStart,4,True,36,0.2952395366236133,0.016192197799682617
70,BFGS_Single,0,True,40,0.25538857747993604,0.020133018493652344
70,BFGS_MultiStart,0,True,35,0.25538857747993354,0.017446279525756836
70,BFGS_MultiStart,1,True,60,0.2553885774799387,0.023078441619873047
70,BFGS_MultiStart,2,True,41,0.25538857747993465,0.0179595947265625
70,BFGS_MultiStart,3,True,33,0.25538857747993793,0.015253543853759766
70,BFGS_MultiStart,4,True,56,0.2553885774799505,0.02611851692199707
71,BFGS_Single,0,True,38,0.17645889244410418,0.017581462860107422
71,BFGS_MultiStart,0,True,36,0.1764588924441076,0.01658153533935547
71,BFGS_MultiStart,1,True,34,0.17645889244410806,0.01905655860900879
71,BFGS_MultiStart,2,True,59,0.1764588924441075,0.0284731388092041
71,BFGS_MultiStart,3,True,57,0.17645889244410973,0.026824235916137695
71,BFGS_MultiStart,4,True,37,0.1764588924441084,0.025394439697265625
72,BFGS_Single,0,True,38,0.27591899815276927,0.027849674224853516
72,BFGS_MultiStart,0,True,40,0.27591899815277193,0.026710033416748047
72,BFGS_MultiStart,1,False,62,0.2759189981527762,0.019466876983642578
72,BFGS_MultiStart,2,True,62,0.27591899815276477,0.029331207275390625
72,BFGS_MultiStart,3,True,32,0.275918998152771,0.017383337020874023
72,BFGS_MultiStart,4,True,38,0.27591899815277254,0.01905965805053711
73,BFGS_Single,0,True,34,0.26052981237922807,0.014768838882446289
73,BFGS_MultiStart,0,True,39,0.26052981237923206,0.01576828956604004
73,BFGS_MultiStart,1,True,57,0.2605298123792269,0.023596525192260742
73,BFGS_MultiStart,2,True,56,0.2605298123792274,0.026882648468017578
73,BFGS_MultiStart,3,True,68,0.2605298123792354,0.029804706573486328
73,BFGS_MultiStart,4,True,36,0.2605298123792318,0.015078306198120117
74,BFGS_Single,0,True,35,0.21299450526218788,0.017459392547607422
74,BFGS_MultiStart,0,True,35,0.2129945052621834,0.01273345947265625
74,BFGS_MultiStart,1,True,37,0.2129945052621845,0.01764678955078125
74,BFGS_MultiStart,2,True,36,0.21299450526218883,0.01680588722229004
74,BFGS_MultiStart,3,True,33,0.2129945052621824,0.015059709548950195
74,BFGS_MultiStart,4,True,37,0.21299450526218533,0.018591880798339844
75,BFGS_Single,0,True,33,0.26327795759961437,0.014888763427734375
75,BFGS_MultiStart,0,True,54,0.26327795759961653,0.025783777236938477
75,BFGS_MultiStart,1,True,55,0.26327795759961486,0.023331403732299805
75,BFGS_MultiStart,2,True,36,0.2632779575996121,0.014606237411499023
75,BFGS_MultiStart,3,True,32,0.26327795759961,0.016991853713989258
75,BFGS_MultiStart,4,True,64,0.26327795759961814,0.03051018714904785
76,BFGS_Single,0,True,34,0.1730086033691987,0.016403913497924805
76,BFGS_MultiStart,0,True,41,0.17300860336919482,0.01669144630432129
76,BFGS_MultiStart,1,True,37,0.1730086033691993,0.017714262008666992
76,BFGS_MultiStart,2,True,40,0.17300860336919718,0.018975496292114258
76,BFGS_MultiStart,3,True,60,0.17300860336919952,0.02397465705871582
76,BFGS_MultiStart,4,True,89,0.1730086033691967,0.029841899871826172
77,BFGS_Single,0,True,34,0.20969928300224688,0.016811847686767578
77,BFGS_MultiStart,0,True,63,0.2096992830022411,0.02015972137451172
77,BFGS_MultiStart,1,True,35,0.20969928300224305,0.018682479858398438
77,BFGS_MultiStart,2,True,46,0.20969928300223956,0.017532825469970703
77,BFGS_MultiStart,3,True,63,0.209699283002245,0.028020143508911133
77,BFGS_MultiStart,4,True,55,0.2096992830022432,0.02406930923461914
78,BFGS_Single,0,True,34,0.24214566927377876,0.01450204849243164
78,BFGS_MultiStart,0,True,47,0.2421456692737727,0.013479232788085938
78,BFGS_MultiStart,1,True,85,0.2421456692737713,0.028207063674926758
78,BFGS_MultiStart,2,True,65,0.24214566927377656,0.029854297637939453
78,BFGS_MultiStart,3,True,43,0.24214566927377962,0.02023625373840332
78,BFGS_MultiStart,4,True,33,0.24214566927377515,0.01411581039428711
79,BFGS_Single,0,True,61,0.25904247221667354,0.028102397918701172
79,BFGS_MultiStart,0,True,60,0.25904247221667814,0.024786710739135742
79,BFGS_MultiStart,1,True,33,0.25904247221669036,0.01652836799621582
79,BFGS_MultiStart,2,True,42,0.2590424722166825,0.017417192459106445
79,BFGS_MultiStart,3,True,34,0.2590424722166757,0.018601655960083008
79,BFGS_MultiStart,4,True,57,0.25904247221668253,0.02146625518798828
80,BFGS_Single,0,True,35,0.25912666089267417,0.01575756072998047
80,BFGS_MultiStart,0,True,35,0.2591266608926763,0.01644158363342285
80,BFGS_MultiStart,1,True,29,0.2591266608926748,0.013862848281860352
80,BFGS_MultiStart,2,True,55,0.2591266608927912,0.02619791030883789
80,BFGS_MultiStart,3,True,61,0.259126660892682,0.026030778884887695
80,BFGS_MultiStart,4,True,39,0.2591266608926733,0.019884109497070312
81,BFGS_Single,0,True,43,0.23757160071780328,0.020383834838867188
81,BFGS_MultiStart,0,True,31,0.2375716007178002,0.015187501907348633
81,BFGS_MultiStart,1,True,37,0.23757160071780342,0.019792795181274414
81,BFGS_MultiStart,2,True,56,0.23757160071780195,0.028237342834472656
81,BFGS_MultiStart,3,True,63,0.23757160071779565,0.03533053398132324
81,BFGS_MultiStart,4,True,72,0.23757160071779596,0.0377192497253418
82,BFGS_Single,0,True,64,0.22334355800047867,0.03815031051635742
82,BFGS_MultiStart,0,True,54,0.22334355800047742,0.020106077194213867
82,BFGS_MultiStart,1,True,35,0.22334355800048153,0.016155004501342773
82,BFGS_MultiStart,2,True,45,0.22334355800048475,0.02335357666015625
82,BFGS_MultiStart,3,False,63,0.22334355800047542,0.01744222640991211
82,BFGS_MultiStart,4,True,60,0.22334355800048455,0.02753734588623047
83,BFGS_Single,0,True,36,0.2082961195341603,0.017297744750976562
83,BFGS_MultiStart,0,True,36,0.20829611953415772,0.014512777328491211
83,BFGS_MultiStart,1,True,21,0.20829611953416188,0.0070536136627197266
83,BFGS_MultiStart,2,True,58,0.20829611953416705,0.027048587799072266
83,BFGS_MultiStart,3,True,44,0.20829611953415644,0.014927148818969727
83,BFGS_MultiStart,4,True,43,0.20829611953415963,0.020838260650634766
84,BFGS_Single,0,True,37,0.29044663981511976,0.017415523529052734
84,BFGS_MultiStart,0,True,53,0.2904466398165343,0.024263620376586914
84,BFGS_MultiStart,1,True,37,0.290446639815125,0.014338970184326172
84,BFGS_MultiStart,2,True,35,0.29044663981511887,0.01409769058227539
84,BFGS_MultiStart,3,True,34,0.29044663981512236,0.016284704208374023
84,BFGS_MultiStart,4,True,69,0.2904466398151158,0.026784420013427734
85,BFGS_Single,0,True,55,0.26777321158521,0.02199268341064453
85,BFGS_MultiStart,0,True,56,0.2677732115852165,0.023256540298461914
85,BFGS_MultiStart,1,True,33,0.2677732115852084,0.013657569885253906
85,BFGS_MultiStart,2,True,58,0.2677732115852103,0.0169370174407959
85,BFGS_MultiStart,3,True,36,0.2677732115852083,0.018024206161499023
85,BFGS_MultiStart,4,True,32,0.26777321158521583,0.014990806579589844
86,BFGS_Single,0,True,38,0.23029710227016484,0.017204999923706055
86,BFGS_MultiStart,0,True,35,0.23029710227016276,0.018405437469482422
86,BFGS_MultiStart,1,True,36,0.23029710227016129,0.01480722427368164
86,BFGS_MultiStart,2,True,35,0.2302971022701591,0.014727115631103516
86,BFGS_MultiStart,3,True,46,0.23029710227015934,0.0210723876953125
86,BFGS_MultiStart,4,True,40,0.2302971022701548,0.018944978713989258
87,BFGS_Single,0,True,30,0.23545904372965,0.01479649543762207
87,BFGS_MultiStart,0,True,35,0.23545904372964882,0.0191652774810791
87,BFGS_MultiStart,1,True,34,0.23545904372964754,0.00968623161315918
87,BFGS_MultiStart,2,True,57,0.2354590437296515,0.021014690399169922
87,BFGS_MultiStart,3,True,36,0.2354590437296497,0.011862039566040039
87,BFGS_MultiStart,4,True,36,0.23545904372965476,0.00839686393737793
88,BFGS_Single,0,True,62,0.19218294325736202,0.026752710342407227
88,BFGS_MultiStart,0,True,65,0.19218294325735563,0.025478363037109375
88,BFGS_MultiStart,1,False,69,0.1921829432573614,0.01746058464050293
88,BFGS_MultiStart,2,True,30,0.19218294325736507,0.010125398635864258
88,BFGS_MultiStart,3,True,36,0.1921829432573636,0.01323390007019043
88,BFGS_MultiStart,4,True,58,0.19218294325736446,0.025114059448242188
89,BFGS_Single,0,True,65,0.21487195932912703,0.027051448822021484
89,BFGS_MultiStart,0,True,31,0.21487195932912384,0.013001441955566406
89,BFGS_MultiStart,1,True,58,0.21487195932912453,0.0295867919921875
89,BFGS_MultiStart,2,True,59,0.21487195932912284,0.01951146125793457
89,BFGS_MultiStart,3,True,35,0.21487195932911957,0.009592771530151367
89,BFGS_MultiStart,4,True,33,0.21487195932912093,0.009948492050170898
90,BFGS_Single,0,True,56,0.22948862811304496,0.014174222946166992
90,BFGS_MultiStart,0,True,40,0.22948862811304369,0.013137340545654297
90,BFGS_MultiStart,1,True,75,0.22948862811304363,0.01879429817199707
90,BFGS_MultiStart,2,True,33,0.22948862811304865,0.014627218246459961
90,BFGS_MultiStart,3,True,34,0.2294886281130468,0.013968229293823242
90,BFGS_MultiStart,4,True,55,0.22948862811304674,0.03012990951538086
91,BFGS_Single,0,True,37,0.25677598354789827,0.02039027214050293
91,BFGS_MultiStart,0,False,67,0.2567759835478955,0.03227996826171875
91,BFGS_MultiStart,1,True,31,0.25677598354789977,0.014720678329467773
91,BFGS_MultiStart,2,True,56,0.2567759835478975,0.015471935272216797
91,BFGS_MultiStart,3,True,32,0.2567759835479006,0.009428024291992188
91,BFGS_MultiStart,4,True,31,0.2567759835479026,0.008771181106567383
92,BFGS_Single,0,True,36,0.22854093695521474,0.008035898208618164
92,BFGS_MultiStart,0,True,33,0.22854093695521305,0.00659489631652832
92,BFGS_MultiStart,1,True,36,0.22854093695521369,0.01154780387878418
92,BFGS_MultiStart,2,True,42,0.22854093695521782,0.02134394645690918
92,BFGS_MultiStart,3,True,73,0.22854093695521882,0.0228271484375
92,BFGS_MultiStart,4,True,37,0.22854093695521355,0.017109394073486328
93,BFGS_Single,0,True,40,0.2120040715297788,0.019120454788208008
93,BFGS_MultiStart,0,True,55,0.21200407152977882,0.021233558654785156
93,BFGS_MultiStart,1,True,36,0.21200407152978304,0.019140005111694336
93,BFGS_MultiStart,2,True,26,0.21200407152977824,0.010168313980102539
93,BFGS_MultiStart,3,True,36,0.2120040715297778,0.015913963317871094
93,BFGS_MultiStart,4,True,31,0.21200407152977582,0.013014793395996094
94,BFGS_Single,0,True,30,0.2034085472254187,0.013226747512817383
94,BFGS_MultiStart,0,True,33,0.20340854722542404,0.013112545013427734
94,BFGS_MultiStart,1,True,55,0.2034085472254169,0.025664329528808594
94,BFGS_MultiStart,2,True,39,0.2034085472254171,0.018020153045654297
94,BFGS_MultiStart,3,True,54,0.20340854722541987,0.024105310440063477
94,BFGS_MultiStart,4,True,30,0.20340854722542953,0.015392065048217773
95,BFGS_Single,0,True,33,0.21810906976392175,0.015573740005493164
95,BFGS_MultiStart,0,True,39,0.21810906976390915,0.017725229263305664
95,BFGS_MultiStart,1,True,39,0.21810906976391528,0.01787853240966797
95,BFGS_MultiStart,2,True,36,0.21810906976391178,0.014026165008544922
95,BFGS_MultiStart,3,True,32,0.21810906976391012,0.015290975570678711
95,BFGS_MultiStart,4,True,38,0.21810906976390929,0.014368057250976562
96,BFGS_Single,0,True,38,0.20914196795569645,0.0174863338470459
96,BFGS_MultiStart,0,True,44,0.20914196795569145,0.017559289932250977
96,BFGS_MultiStart,1,True,37,0.2091419679557122,0.01930713653564453
96,BFGS_MultiStart,2,True,30,0.2091419679556947,0.010471105575561523
96,BFGS_MultiStart,3,False,59,0.20914196795569184,0.013079166412353516
96,BFGS_MultiStart,4,True,44,0.2091419679556957,0.019757747650146484
97,BFGS_Single,0,True,57,0.20886124119080793,0.023792743682861328
97,BFGS_MultiStart,0,True,33,0.20886124119077487,0.014433145523071289
97,BFGS_MultiStart,1,True,38,0.20886124119077717,0.01932072639465332
97,BFGS_MultiStart,2,True,36,0.20886124119077662,0.01761913299560547
97,BFGS_MultiStart,3,True,39,0.20886124119077587,0.020932674407958984
97,BFGS_MultiStart,4,False,64,0.2088612411907714,0.01870250701904297
98,BFGS_Single,0,True,62,0.26977525882666786,0.02343153953552246
98,BFGS_MultiStart,0,True,34,0.2697752588266694,0.01578354835510254
98,BFGS_MultiStart,1,True,36,0.26977525882666636,0.018697500228881836
98,BFGS_MultiStart,2,True,57,0.2697752588266649,0.0270845890045166
98,BFGS_MultiStart,3,True,35,0.2697752588267162,0.015523672103881836
98,BFGS_MultiStart,4,True,58,0.2697752588266633,0.02190685272216797
99,BFGS_Single,0,True,27,0.2373135562351755,0.009435653686523438
99,BFGS_MultiStart,0,True,67,0.23731355623455172,0.02883601188659668
99,BFGS_MultiStart,1,False,88,0.23731355623455036,0.026454448699951172
99,BFGS_MultiStart,2,True,38,0.23731355623455658,0.016009807586669922
99,BFGS_MultiStart,3,True,40,0.23731355623455377,0.012886524200439453
99,BFGS_MultiStart,4,True,33,0.23731355623455777,0.01700615882873535
100,BFGS_Single,0,True,32,0.2326695714381045,0.015778779983520508
100,BFGS_MultiStart,0,True,38,0.23266957143811381,0.01864933967590332
100,BFGS_MultiStart,1,True,33,0.23266957143810124,0.013056039810180664
100,BFGS_MultiStart,2,True,61,0.23266957143810574,0.02866816520690918
100,BFGS_MultiStart,3,True,37,0.232669571438101,0.01632404327392578
100,BFGS_MultiStart,4,True,39,0.23266957143810352,0.01663970947265625
101,BFGS_Single,0,True,33,0.25504887078283645,0.01107168197631836
101,BFGS_MultiStart,0,True,33,0.2550488707828274,0.017143726348876953
101,BFGS_MultiStart,1,True,35,0.2550488707828291,0.016659021377563477
101,BFGS_MultiStart,2,True,35,0.2550488707828249,0.011662483215332031
101,BFGS_MultiStart,3,True,39,0.2550488707828301,0.01082611083984375
101,BFGS_MultiStart,4,True,31,0.25504887078282884,0.01079249382019043
102,BFGS_Single,0,True,60,0.25272783658364906,0.022155284881591797
102,BFGS_MultiStart,0,True,42,0.25272783658364534,0.01466822624206543
102,BFGS_MultiStart,1,True,53,0.2527278365836476,0.012355804443359375
102,BFGS_MultiStart,2,True,58,0.25272783658364706,0.013174057006835938
102,BFGS_MultiStart,3,True,36,0.25272783658365106,0.011437416076660156
102,BFGS_MultiStart,4,True,55,0.2527278365836494,0.013634443283081055
103,BFGS_Single,0,True,37,0.24842685156833738,0.024295568466186523
103,BFGS_MultiStart,0,True,37,0.24842685156833053,0.023988962173461914
103,BFGS_MultiStart,1,True,43,0.24842685156833383,0.022859811782836914
103,BFGS_MultiStart,2,True,63,0.2484268515683322,0.030731916427612305
103,BFGS_MultiStart,3,True,75,0.24842685156832864,0.028380393981933594
103,BFGS_MultiStart,4,True,34,0.2484268515683383,0.016099929809570312
104,BFGS_Single,0,True,60,0.18155612951784364,0.021261930465698242
104,BFGS_MultiStart,0,True,59,0.1815561295178489,0.026561260223388672
104,BFGS_MultiStart,1,True,24,0.18155612951784858,0.0069844722747802734
104,BFGS_MultiStart,2,True,61,0.18155612951784914,0.028418779373168945
104,BFGS_MultiStart,3,True,52,0.18155612951784933,0.020346403121948242
104,BFGS_MultiStart,4,True,38,0.1815561295180818,0.020280122756958008
105,BFGS_Single,0,True,30,0.30811165454172057,0.015883445739746094
105,BFGS_MultiStart,0,True,33,0.3081116545417235,0.015041112899780273
105,BFGS_MultiStart,1,True,63,0.3081116545417225,0.02440643310546875
105,BFGS_MultiStart,2,True,31,0.30811165454172246,0.014549016952514648
105,BFGS_MultiStart,3,True,59,0.3081116545417241,0.024646520614624023
105,BFGS_MultiStart,4,True,37,0.3081116545417267,0.018782615661621094
106,BFGS_Single,0,True,36,0.24332603901550764,0.018334627151489258
106,BFGS_MultiStart,0,True,28,0.24332603901549565,0.008472681045532227
106,BFGS_MultiStart,1,True,40,0.24332603901549524,0.018457889556884766
106,BFGS_MultiStart,2,True,35,0.2433260390154993,0.014506816864013672
106,BFGS_MultiStart,3,True,30,0.2433260390155008,0.012672662734985352
106,BFGS_MultiStart,4,True,38,0.24332603901550137,0.019350528717041016
107,BFGS_Single,0,True,61,0.23410163836056588,0.021363258361816406
107,BFGS_MultiStart,0,True,38,0.23410163836056294,0.014474630355834961
107,BFGS_MultiStart,1,True,38,0.23410163836056033,0.021528244018554688
107,BFGS_MultiStart,2,True,32,0.23410163836056094,0.01549386978149414
107,BFGS_MultiStart,3,True,35,0.2341016383605585,0.015845775604248047
107,BFGS_MultiStart,4,True,37,0.23410163836056294,0.0167694091796875
108,BFGS_Single,0,True,68,0.21223041396908301,0.024550199508666992
108,BFGS_MultiStart,0,True,61,0.21223041396908368,0.03271222114562988
108,BFGS_MultiStart,1,True,36,0.21223041396908554,0.02495741844177246
108,BFGS_MultiStart,2,True,41,0.2122304139690858,0.02438807487487793
108,BFGS_MultiStart,3,True,38,0.21223041396908668,0.025441408157348633
108,BFGS_MultiStart,4,True,22,0.21223041396908626,0.00816035270690918
109,BFGS_Single,0,True,38,0.18778003413797614,0.026650667190551758
109,BFGS_MultiStart,0,True,64,0.18778003413796907,0.039882659912109375
109,BFGS_MultiStart,1,True,60,0.18778003413797464,0.025315523147583008
109,BFGS_MultiStart,2,True,39,0.18778003413797195,0.02317667007446289
109,BFGS_MultiStart,3,True,38,0.1877800341379738,0.019396066665649414
109,BFGS_MultiStart,4,True,34,0.18778003413797084,0.011081695556640625
110,BFGS_Single,0,True,36,0.2312429343958244,0.010074377059936523
110,BFGS_MultiStart,0,True,34,0.23124293439582194,0.016438007354736328
110,BFGS_MultiStart,1,True,44,0.23124293439581736,0.015723705291748047
110,BFGS_MultiStart,2,True,36,0.23124293439582408,0.0168149471282959
110,BFGS_MultiStart,3,True,38,0.23124293439582422,0.01674628257751465
110,BFGS_MultiStart,4,True,40,0.23124293439581603,0.010133743286132812
111,BFGS_Single,0,True,50,0.2261472549026413,0.014232158660888672
111,BFGS_MultiStart,0,True,56,0.2261472549026368,0.0191192626953125
111,BFGS_MultiStart,1,True,40,0.2261472549026408,0.018042802810668945
111,BFGS_MultiStart,2,True,44,0.22614725490263834,0.014028072357177734
111,BFGS_MultiStart,3,True,33,0.22614725490264428,0.011988162994384766
111,BFGS_MultiStart,4,True,53,0.2261472549026418,0.01666116714477539
112,BFGS_Single,0,True,63,0.1639248680586957,0.023139238357543945
112,BFGS_MultiStart,0,True,62,0.16392486805869097,0.02116107940673828
112,BFGS_MultiStart,1,True,32,0.16392486805869955,0.00803518295288086
112,BFGS_MultiStart,2,True,36,0.16392486805869433,0.011292695999145508
112,BFGS_MultiStart,3,True,35,0.1639248680586982,0.011765480041503906
112,BFGS_MultiStart,4,True,37,0.1639248680587061,0.009592294692993164
113,BFGS_Single,0,True,42,0.20738260710573153,0.013494729995727539
113,BFGS_MultiStart,0,True,34,0.20738260710572512,0.01810622215270996
113,BFGS_MultiStart,1,True,23,0.2073826071057954,0.011373043060302734
113,BFGS_MultiStart,2,True,33,0.20738260710572684,0.01705145835876465
113,BFGS_MultiStart,3,True,37,0.20738260710572987,0.020382404327392578
113,BFGS_MultiStart,4,True,25,0.20738260710572876,0.008422374725341797
114,BFGS_Single,0,True,52,0.2559489229028463,0.02317667007446289
114,BFGS_MultiStart,0,True,38,0.2559489229028439,0.020668745040893555
114,BFGS_MultiStart,1,True,69,0.2559489229028402,0.02572941780090332
114,BFGS_MultiStart,2,True,57,0.2559489229028453,0.023075580596923828
114,BFGS_MultiStart,3,True,35,0.2559489229028478,0.01786327362060547
114,BFGS_MultiStart,4,True,40,0.25594892290284377,0.016784191131591797
115,BFGS_Single,0,True,34,0.26189359089672193,0.015050411224365234
115,BFGS_MultiStart,0,True,35,0.26189359089672865,0.023907184600830078
115,BFGS_MultiStart,1,True,30,0.26189359089672304,0.015714168548583984
115,BFGS_MultiStart,2,True,31,0.26189359089672604,0.019782543182373047
115,BFGS_MultiStart,3,True,41,0.26189359089672765,0.02604222297668457
115,BFGS_MultiStart,4,True,34,0.2618935908967345,0.023018598556518555
116,BFGS_Single,0,True,25,0.226031896168417,0.011833906173706055
116,BFGS_MultiStart,0,True,35,0.22603189616841496,0.02740788459777832
116,BFGS_MultiStart,1,True,26,0.22603189616996933,0.01395559310913086
116,BFGS_MultiStart,2,True,58,0.2260318961684203,0.02735161781311035
116,BFGS_MultiStart,3,True,37,0.22603189616841715,0.024061203002929688
116,BFGS_MultiStart,4,True,37,0.22603189616841524,0.01811528205871582
117,BFGS_Single,0,True,33,0.24024545036013606,0.01648855209350586
117,BFGS_MultiStart,0,True,61,0.24024545036013495,0.029658079147338867
117,BFGS_MultiStart,1,True,37,0.24024545036013495,0.020859241485595703
117,BFGS_MultiStart,2,True,62,0.2402454503601327,0.02868056297302246
117,BFGS_MultiStart,3,True,57,0.24024545036013933,0.02904057502746582
117,BFGS_MultiStart,4,True,39,0.2402454503601384,0.017283916473388672
118,BFGS_Single,0,True,65,0.24823559409506887,0.025136470794677734
118,BFGS_MultiStart,0,True,49,0.24823559409506493,0.02315068244934082
118,BFGS_MultiStart,1,True,56,0.24823559409506268,0.037610769271850586
118,BFGS_MultiStart,2,True,38,0.24823559409506935,0.024695158004760742
118,BFGS_MultiStart,3,True,59,0.24823559409506143,0.028700828552246094
118,BFGS_MultiStart,4,True,34,0.24823559409507123,0.018630266189575195
119,BFGS_Single,0,True,37,0.2411388102588297,0.016878604888916016
119,BFGS_MultiStart,0,True,35,0.24113881025883788,0.014406681060791016
119,BFGS_MultiStart,1,True,37,0.24113881025883502,0.021734952926635742
119,BFGS_MultiStart,2,True,61,0.2411388102588273,0.02772068977355957
119,BFGS_MultiStart,3,True,36,0.24113881025885214,0.020084142684936523
119,BFGS_MultiStart,4,True,32,0.24113881025883172,0.015982389450073242
120,BFGS_Single,0,True,36,0.23595130630808195,0.01879143714904785
120,BFGS_MultiStart,0,True,39,0.23595130630808808,0.019603252410888672
120,BFGS_MultiStart,1,True,34,0.2359513063080863,0.01773238182067871
120,BFGS_MultiStart,2,True,38,0.23595130630809175,0.018511533737182617
120,BFGS_MultiStart,3,True,38,0.2359513063080878,0.020006895065307617
120,BFGS_MultiStart,4,True,36,0.23595130630808922,0.017390012741088867
121,BFGS_Single,0,True,35,0.2519363018362357,0.011869430541992188
121,BFGS_MultiStart,0,True,36,0.2519363018363552,0.014320135116577148
121,BFGS_MultiStart,1,True,32,0.25193630183623605,0.013324499130249023
121,BFGS_MultiStart,2,True,43,0.2519363018362354,0.018876314163208008
121,BFGS_MultiStart,3,True,35,0.25193630183623456,0.018173933029174805
121,BFGS_MultiStart,4,True,35,0.2519363018362365,0.016928434371948242
122,BFGS_Single,0,True,65,0.26163013973838817,0.03029775619506836
122,BFGS_MultiStart,0,True,43,0.2616301397383861,0.024151086807250977
122,BFGS_MultiStart,1,True,66,0.26163013973839017,0.025049686431884766
122,BFGS_MultiStart,2,True,39,0.26163013973840155,0.017821550369262695
122,BFGS_MultiStart,3,True,36,0.261630139738383,0.015729427337646484
122,BFGS_MultiStart,4,True,29,0.26163013973838245,0.015007734298706055
123,BFGS_Single,0,True,33,0.3226404519333101,0.015452384948730469
123,BFGS_MultiStart,0,True,57,0.3226404519333102,0.025586366653442383
123,BFGS_MultiStart,1,True,39,0.32264045193331736,0.02717423439025879
123,BFGS_MultiStart,2,True,35,0.3226404519333149,0.025226593017578125
123,BFGS_MultiStart,3,True,34,0.32264045193331503,0.025153398513793945
123,BFGS_MultiStart,4,True,36,0.32264045193332724,0.0207517147064209
124,BFGS_Single,0,True,58,0.247985162655575,0.034364938735961914
124,BFGS_MultiStart,0,True,35,0.24798516265557602,0.02598738670349121
124,BFGS_MultiStart,1,True,67,0.24798516265557455,0.04365372657775879
124,BFGS_MultiStart,2,True,37,0.24798516265557546,0.02708888053894043
124,BFGS_MultiStart,3,True,46,0.24798516265557413,0.029963970184326172
124,BFGS_MultiStart,4,False,63,0.24798516265557785,0.025168180465698242
125,BFGS_Single,0,True,25,0.23583395857550327,0.008924007415771484
125,BFGS_MultiStart,0,True,40,0.23583395857550266,0.02031421661376953
125,BFGS_MultiStart,1,True,34,0.23583395857550837,0.020473718643188477
125,BFGS_MultiStart,2,True,61,0.23583395857549994,0.034761667251586914
125,BFGS_MultiStart,3,True,33,0.2358339585755062,0.017354488372802734
125,BFGS_MultiStart,4,True,65,0.2358339585755025,0.03314208984375
126,BFGS_Single,0,False,77,0.28413558368836667,0.03170299530029297
126,BFGS_MultiStart,0,True,37,0.2841355836883767,0.021790027618408203
126,BFGS_MultiStart,1,True,39,0.28413558368836744,0.01820230484008789
126,BFGS_MultiStart,2,True,58,0.2841355836883714,0.02415609359741211
126,BFGS_MultiStart,3,True,52,0.28413558368836733,0.02022719383239746
126,BFGS_MultiStart,4,True,38,0.2841355836883673,0.012638330459594727
127,BFGS_Single,0,True,73,0.21414266774069796,0.030861616134643555
127,BFGS_MultiStart,0,True,26,0.21414266774069282,0.008358478546142578
127,BFGS_MultiStart,1,True,37,0.21414266774070292,0.017145156860351562
127,BFGS_MultiStart,2,True,36,0.21414266774069307,0.017755508422851562
127,BFGS_MultiStart,3,True,59,0.21414266774069218,0.023618459701538086
127,BFGS_MultiStart,4,True,67,0.2141426677406861,0.03245878219604492
128,BFGS_Single,0,False,90,0.2263719326988866,0.028615236282348633
128,BFGS_MultiStart,0,True,39,0.22637193269889072,0.014891862869262695
128,BFGS_MultiStart,1,True,31,0.22637193269889677,0.013887166976928711
128,BFGS_MultiStart,2,True,61,0.22637193269889638,0.025397062301635742
128,BFGS_MultiStart,3,True,43,0.22637193269908198,0.018499135971069336
128,BFGS_MultiStart,4,True,36,0.22637193269889055,0.017010211944580078
129,BFGS_Single,0,True,61,0.19501477252054403,0.025705814361572266
129,BFGS_MultiStart,0,True,53,0.19501477252053775,0.022768259048461914
129,BFGS_MultiStart,1,True,41,0.1950147725205364,0.01731419563293457
129,BFGS_MultiStart,2,True,39,0.19501477252053837,0.020822525024414062
129,BFGS_MultiStart,3,True,30,0.19501477252054011,0.014419794082641602
129,BFGS_MultiStart,4,True,63,0.19501477252053998,0.024698734283447266
130,BFGS_Single,0,True,62,0.24288190857021122,0.02264094352722168
130,BFGS_MultiStart,0,True,35,0.24288190857021158,0.01437830924987793
130,BFGS_MultiStart,1,True,37,0.24288190857020917,0.01876664161682129
130,BFGS_MultiStart,2,True,35,0.24288190857021083,0.015457868576049805
130,BFGS_MultiStart,3,True,37,0.24288190857021133,0.017246246337890625
130,BFGS_MultiStart,4,True,59,0.24288190857021053,0.024738788604736328
131,BFGS_Single,0,True,33,0.26484386847475916,0.013781309127807617
131,BFGS_MultiStart,0,True,36,0.26484386847428687,0.016354799270629883
131,BFGS_MultiStart,1,True,36,0.2648438684742842,0.017314672470092773
131,BFGS_MultiStart,2,True,60,0.2648438684742836,0.024799585342407227
131,BFGS_MultiStart,3,True,28,0.26484386847428876,0.01129293441772461
131,BFGS_MultiStart,4,True,33,0.26484386847428387,0.01765275001525879
132,BFGS_Single,0,True,56,0.17489258510587463,0.026728391647338867
132,BFGS_MultiStart,0,True,39,0.17489258510586722,0.014715909957885742
132,BFGS_MultiStart,1,True,36,0.1748925851058734,0.017061471939086914
132,BFGS_MultiStart,2,True,47,0.17489258510587055,0.020628929138183594
132,BFGS_MultiStart,3,True,40,0.17489258510586986,0.022042512893676758
132,BFGS_MultiStart,4,True,37,0.17489258510587138,0.023754119873046875
133,BFGS_Single,0,True,31,0.2508436809402072,0.01359415054321289
133,BFGS_MultiStart,0,True,34,0.2508436809402095,0.0263516902923584
133,BFGS_MultiStart,1,True,36,0.2508436809402058,0.022133827209472656
133,BFGS_MultiStart,2,True,51,0.25084368094020726,0.017528772354125977
133,BFGS_MultiStart,3,True,50,0.2508436809402095,0.019025802612304688
133,BFGS_MultiStart,4,True,34,0.25084368094020565,0.024168968200683594
134,BFGS_Single,0,True,42,0.2542044844171022,0.030239343643188477
134,BFGS_MultiStart,0,True,36,0.2542044844170967,0.027928590774536133
134,BFGS_MultiStart,1,True,42,0.25420448441709864,0.024908065795898438
134,BFGS_MultiStart,2,True,36,0.25420448441710214,0.02011394500732422
134,BFGS_MultiStart,3,True,62,0.2542044844171056,0.033959150314331055
134,BFGS_MultiStart,4,True,36,0.25420448441710364,0.020165205001831055
135,BFGS_Single,0,True,56,0.17439201496120363,0.028182029724121094
135,BFGS_MultiStart,0,True,36,0.17439201496120124,0.019493818283081055
135,BFGS_MultiStart,1,True,35,0.17439201496119866,0.02040553092956543
135,BFGS_MultiStart,2,True,62,0.17439201496119913,0.031690120697021484
135,BFGS_MultiStart,3,True,35,0.1743920149612007,0.020517826080322266
135,BFGS_MultiStart,4,True,33,0.17439201496120502,0.016762495040893555
136,BFGS_Single,0,True,39,0.2202256384113947,0.01910996437072754
136,BFGS_MultiStart,0,True,37,0.22022563841139509,0.017905712127685547
136,BFGS_MultiStart,1,True,59,0.22022563841139273,0.026462793350219727
136,BFGS_MultiStart,2,True,33,0.22022563841140097,0.0157320499420166
136,BFGS_MultiStart,3,True,55,0.2202256384113942,0.022327661514282227
136,BFGS_MultiStart,4,True,30,0.2202256384113961,0.014112234115600586
137,BFGS_Single,0,True,37,0.23520606754625742,0.018768787384033203
137,BFGS_MultiStart,0,True,36,0.23520606754624757,0.012595891952514648
137,BFGS_MultiStart,1,True,42,0.23520606754626078,0.01635456085205078
137,BFGS_MultiStart,2,True,33,0.23520606754624906,0.013510942459106445
137,BFGS_MultiStart,3,True,58,0.23520606754625495,0.02484297752380371
137,BFGS_MultiStart,4,True,34,0.23520606754625084,0.01685309410095215
138,BFGS_Single,0,True,36,0.2669919650901676,0.01817011833190918
138,BFGS_MultiStart,0,True,34,0.26699196509016665,0.013133764266967773
138,BFGS_MultiStart,1,True,69,0.266991965090168,0.028987407684326172
138,BFGS_MultiStart,2,True,37,0.26699196509016315,0.016675710678100586
138,BFGS_MultiStart,3,True,33,0.2669919650901664,0.010267257690429688
138,BFGS_MultiStart,4,True,62,0.2669919650901701,0.025862693786621094
139,BFGS_Single,0,True,37,0.20213258828619848,0.016672611236572266
139,BFGS_MultiStart,0,True,26,0.20213258828619501,0.010028839111328125
139,BFGS_MultiStart,1,True,31,0.20213258828619415,0.011780261993408203
139,BFGS_MultiStart,2,True,35,0.20213258828619904,0.01866006851196289
139,BFGS_MultiStart,3,True,61,0.2021325882861938,0.02640223503112793
139,BFGS_MultiStart,4,True,54,0.20213258828619185,0.013690948486328125
140,BFGS_Single,0,True,48,0.2567414216886697,0.01926589012145996
140,BFGS_MultiStart,0,True,36,0.2567414216886736,0.019380569458007812
140,BFGS_MultiStart,1,True,35,0.25674142168867425,0.014252901077270508
140,BFGS_MultiStart,2,True,37,0.2567414216886774,0.016189098358154297
140,BFGS_MultiStart,3,True,39,0.25674142168867475,0.018736839294433594
140,BFGS_MultiStart,4,True,40,0.25674142168867425,0.017519474029541016
141,BFGS_Single,0,True,58,0.293014002153263,0.021755218505859375
141,BFGS_MultiStart,0,True,40,0.29301400215325846,0.0217287540435791
141,BFGS_MultiStart,1,True,58,0.2930140021532593,0.02261042594909668
141,BFGS_MultiStart,2,True,82,0.29301400215326123,0.024802684783935547
141,BFGS_MultiStart,3,True,38,0.2930140021532607,0.021422863006591797
141,BFGS_MultiStart,4,True,38,0.2930140021532567,0.016695737838745117
142,BFGS_Single,0,True,38,0.310078784585325,0.015523433685302734
142,BFGS_MultiStart,0,True,60,0.3100787845853204,0.03265976905822754
142,BFGS_MultiStart,1,True,36,0.31007878458532473,0.02512836456298828
142,BFGS_MultiStart,2,True,71,0.3100787845853249,0.020412921905517578
142,BFGS_MultiStart,3,True,36,0.3100787845853329,0.021251678466796875
142,BFGS_MultiStart,4,True,45,0.310078784585326,0.020849943161010742
143,BFGS_Single,0,True,36,0.24607756356809782,0.016754627227783203
143,BFGS_MultiStart,0,True,38,0.24607756356808988,0.015354633331298828
143,BFGS_MultiStart,1,True,36,0.24607756356809224,0.018732547760009766
143,BFGS_MultiStart,2,True,37,0.24607756356809568,0.018625736236572266
143,BFGS_MultiStart,3,True,35,0.24607756356809532,0.018719911575317383
143,BFGS_MultiStart,4,True,66,0.246077563568098,0.03219342231750488
144,BFGS_Single,0,True,35,0.23067976953109115,0.016900300979614258
144,BFGS_MultiStart,0,True,63,0.230679769531091,0.04263186454772949
144,BFGS_MultiStart,1,True,62,0.23067976953109784,0.04232907295227051
144,BFGS_MultiStart,2,True,55,0.23067976953108998,0.030989408493041992
144,BFGS_MultiStart,3,True,37,0.23067976953110625,0.018192768096923828
144,BFGS_MultiStart,4,True,46,0.23067976953108676,0.022105932235717773
145,BFGS_Single,0,True,33,0.263017153307076,0.014401912689208984
145,BFGS_MultiStart,0,True,40,0.26301715330707487,0.020631074905395508
145,BFGS_MultiStart,1,True,29,0.2630171533070762,0.012461423873901367
145,BFGS_MultiStart,2,True,33,0.26301715330707115,0.013692378997802734
145,BFGS_MultiStart,3,True,57,0.26301715330706815,0.023682355880737305
145,BFGS_MultiStart,4,True,29,0.2630171533070719,0.0115203857421875
146,BFGS_Single,0,True,40,0.228344773930333,0.02097296714782715
146,BFGS_MultiStart,0,True,34,0.22834477393033564,0.015076637268066406
146,BFGS_MultiStart,1,True,34,0.2283447739303315,0.01578998565673828
146,BFGS_MultiStart,2,True,42,0.22834477393033284,0.020063400268554688
146,BFGS_MultiStart,3,True,40,0.2283447739303297,0.01606440544128418
146,BFGS_MultiStart,4,True,31,0.22834477393033592,0.011914968490600586
147,BFGS_Single,0,True,61,0.22416646239339333,0.02611708641052246
147,BFGS_MultiStart,0,True,60,0.224166462393427,0.018149375915527344
147,BFGS_MultiStart,1,True,59,0.2241664623933925,0.022480249404907227
147,BFGS_MultiStart,2,True,32,0.2241664623933935,0.013923168182373047
147,BFGS_MultiStart,3,True,38,0.22416646239339774,0.018832683563232422
147,BFGS_MultiStart,4,True,33,0.22416646239339463,0.01385951042175293
148,BFGS_Single,0,True,74,0.2894184227207519,0.028237342834472656
148,BFGS_MultiStart,0,True,35,0.2894184227207577,0.014001846313476562
148,BFGS_MultiStart,1,True,35,0.2894184227207528,0.016648054122924805
148,BFGS_MultiStart,2,True,36,0.2894184227207661,0.017211198806762695
148,BFGS_MultiStart,3,True,33,0.28941842272074814,0.015153884887695312
148,BFGS_MultiStart,4,True,28,0.28941842272075496,0.012747764587402344
149,BFGS_Single,0,True,39,0.2179783996927299,0.02684783935546875
149,BFGS_MultiStart,0,True,37,0.2179783996927189,0.025792360305786133
149,BFGS_MultiStart,1,True,55,0.21797839969271748,0.03413057327270508
149,BFGS_MultiStart,2,True,58,0.2179783996927147,0.03300786018371582
149,BFGS_MultiStart,3,True,36,0.21797839969271612,0.024641990661621094
149,BFGS_MultiStart,4,True,65,0.2179783996927324,0.03576326370239258
150,BFGS_Single,0,True,34,0.2597997390581603,0.021685361862182617
150,BFGS_MultiStart,0,True,35,0.2597997390581648,0.014239072799682617
150,BFGS_MultiStart,1,True,35,0.2597997390581578,0.015503883361816406
150,BFGS_MultiStart,2,True,55,0.25979973905816167,0.023888349533081055
150,BFGS_MultiStart,3,True,36,0.2597997390581588,0.013103008270263672
150,BFGS_MultiStart,4,True,36,0.25979973905816517,0.008408069610595703
151,BFGS_Single,0,True,37,0.2194574990201798,0.014670372009277344
151,BFGS_MultiStart,0,True,64,0.21945749902077127,0.03357434272766113
151,BFGS_MultiStart,1,True,35,0.2194574990201805,0.017758607864379883
151,BFGS_MultiStart,2,True,40,0.21945749902017828,0.012299299240112305
151,BFGS_MultiStart,3,True,37,0.2194574990201817,0.010576963424682617
151,BFGS_MultiStart,4,True,37,0.2194574990201786,0.010395050048828125
152,BFGS_Single,0,True,36,0.25797037352058505,0.0107421875
152,BFGS_MultiStart,0,True,65,0.25797037352058183,0.016597270965576172
152,BFGS_MultiStart,1,True,33,0.2579703735205829,0.0067310333251953125
152,BFGS_MultiStart,2,True,39,0.2579703735205917,0.008068084716796875
152,BFGS_MultiStart,3,True,35,0.25797037352058827,0.007855415344238281
152,BFGS_MultiStart,4,True,34,0.2579703735206461,0.01757049560546875
153,BFGS_Single,0,True,36,0.23242575045838293,0.017717361450195312
153,BFGS_MultiStart,0,True,37,0.23242575045837374,0.015668630599975586
153,BFGS_MultiStart,1,True,34,0.23242575045838407,0.01641106605529785
153,BFGS_MultiStart,2,True,62,0.2324257504583822,0.028459787368774414
153,BFGS_MultiStart,3,True,68,0.2324257504583786,0.022916078567504883
153,BFGS_MultiStart,4,True,38,0.23242575045837768,0.020028114318847656
154,BFGS_Single,0,True,38,0.247768184840796,0.01414036750793457
154,BFGS_MultiStart,0,True,32,0.24776818484079766,0.01492166519165039
154,BFGS_MultiStart,1,True,71,0.24776818484080831,0.03795647621154785
154,BFGS_MultiStart,2,True,56,0.24776818484079471,0.03887295722961426
154,BFGS_MultiStart,3,True,59,0.24776818484079663,0.05002307891845703
154,BFGS_MultiStart,4,False,62,0.2477681848407923,0.027269840240478516
155,BFGS_Single,0,True,37,0.2620448089804823,0.02764296531677246
155,BFGS_MultiStart,0,True,63,0.26204480898048393,0.04223275184631348
155,BFGS_MultiStart,1,True,60,0.2620448089804875,0.04185223579406738
155,BFGS_MultiStart,2,True,40,0.2620448089804812,0.024822711944580078
155,BFGS_MultiStart,3,True,33,0.2620448089804892,0.0192718505859375
155,BFGS_MultiStart,4,True,64,0.2620448089804853,0.030981779098510742
156,BFGS_Single,0,True,38,0.2577789305697855,0.016167879104614258
156,BFGS_MultiStart,0,True,37,0.2577789305697905,0.016919851303100586
156,BFGS_MultiStart,1,True,34,0.25777893056979356,0.017033815383911133
156,BFGS_MultiStart,2,True,35,0.25777893056978946,0.01624011993408203
156,BFGS_MultiStart,3,True,61,0.25777893056978685,0.03086543083190918
156,BFGS_MultiStart,4,True,56,0.2577789305697906,0.022216320037841797
157,BFGS_Single,0,True,34,0.21448124994938428,0.01308131217956543
157,BFGS_MultiStart,0,True,37,0.21448124994938195,0.014759540557861328
157,BFGS_MultiStart,1,True,33,0.21448124994937856,0.014499187469482422
157,BFGS_MultiStart,2,True,49,0.21448124994938195,0.01852869987487793
157,BFGS_MultiStart,3,True,33,0.21448124994937756,0.015937089920043945
157,BFGS_MultiStart,4,True,33,0.21448124994938061,0.01627516746520996
158,BFGS_Single,0,True,58,0.25123280232821793,0.024974822998046875
158,BFGS_MultiStart,0,True,68,0.25123280232822265,0.03171491622924805
158,BFGS_MultiStart,1,True,36,0.2512328023282217,0.015854835510253906
158,BFGS_MultiStart,2,True,32,0.25123280232821815,0.012136697769165039
158,BFGS_MultiStart,3,True,42,0.2512328023282133,0.014313936233520508
158,BFGS_MultiStart,4,True,34,0.2512328023282188,0.015853404998779297
159,BFGS_Single,0,True,37,0.3157882972847688,0.016161203384399414
159,BFGS_MultiStart,0,False,89,0.31578829728477215,0.02684926986694336
159,BFGS_MultiStart,1,True,43,0.3157882972847716,0.01891326904296875
159,BFGS_MultiStart,2,True,36,0.31578829728477315,0.017485857009887695
159,BFGS_MultiStart,3,True,58,0.3157882972847735,0.022932052612304688
159,BFGS_MultiStart,4,True,29,0.3157882972848726,0.011567354202270508
160,BFGS_Single,0,True,53,0.2520448576363338,0.0198519229888916
160,BFGS_MultiStart,0,True,62,0.2520448576363319,0.02487039566040039
160,BFGS_MultiStart,1,True,30,0.25204485763633405,0.01100921630859375
160,BFGS_MultiStart,2,True,81,0.25204485763632783,0.02704310417175293
160,BFGS_MultiStart,3,True,63,0.2520448576363299,0.029103994369506836
160,BFGS_MultiStart,4,True,40,0.2520448576363394,0.01806354522705078
161,BFGS_Single,0,True,64,0.2824783925374111,0.019597291946411133
161,BFGS_MultiStart,0,True,34,0.28247839253741597,0.014660835266113281
161,BFGS_MultiStart,1,True,64,0.28247839253741175,0.02556633949279785
161,BFGS_MultiStart,2,True,32,0.2824783925374106,0.010722637176513672
161,BFGS_MultiStart,3,True,40,0.2824783925374147,0.013512849807739258
161,BFGS_MultiStart,4,True,52,0.28247839253838297,0.014081716537475586
162,BFGS_Single,0,True,64,0.2640748117715919,0.02007293701171875
162,BFGS_MultiStart,0,False,59,0.26407481177158426,0.014014720916748047
162,BFGS_MultiStart,1,True,38,0.26407481177159303,0.01594996452331543
162,BFGS_MultiStart,2,True,63,0.264074811771589,0.0453493595123291
162,BFGS_MultiStart,3,True,34,0.2640748117715883,0.019343137741088867
162,BFGS_MultiStart,4,True,54,0.2640748117715868,0.01718735694885254
163,BFGS_Single,0,True,33,0.2157754175790578,0.014085769653320312
163,BFGS_MultiStart,0,False,60,0.21577541757905633,0.017399072647094727
163,BFGS_MultiStart,1,True,57,0.2157754175790571,0.03587770462036133
163,BFGS_MultiStart,2,True,34,0.2157754175790558,0.02335524559020996
163,BFGS_MultiStart,3,True,37,0.2157754175792418,0.026955842971801758
163,BFGS_MultiStart,4,True,70,0.21577541757905977,0.04218602180480957
164,BFGS_Single,0,True,36,0.22785571634752594,0.02020263671875
164,BFGS_MultiStart,0,True,35,0.22785571634752816,0.016642332077026367
164,BFGS_MultiStart,1,True,36,0.22785571634752644,0.01706218719482422
164,BFGS_MultiStart,2,True,40,0.22785571634753,0.020547866821289062
164,BFGS_MultiStart,3,True,36,0.22785571634752735,0.02286243438720703
164,BFGS_MultiStart,4,True,34,0.227855716347527,0.026780366897583008
165,BFGS_Single,0,True,39,0.23177739398341832,0.020524978637695312
165,BFGS_MultiStart,0,True,32,0.2317773939834236,0.013817548751831055
165,BFGS_MultiStart,1,True,57,0.2317773939834249,0.02296304702758789
165,BFGS_MultiStart,2,True,34,0.23177739398342248,0.016622543334960938
165,BFGS_MultiStart,3,True,83,0.2317773939834242,0.02450251579284668
165,BFGS_MultiStart,4,False,89,0.2317773939834206,0.024222135543823242
166,BFGS_Single,0,True,36,0.24760624507318243,0.013802766799926758
166,BFGS_MultiStart,0,True,64,0.24760624507318285,0.025594234466552734
166,BFGS_MultiStart,1,True,37,0.24760624507326345,0.015623331069946289
166,BFGS_MultiStart,2,True,50,0.24760624507317763,0.017098188400268555
166,BFGS_MultiStart,3,True,67,0.24760624507318382,0.030298471450805664
166,BFGS_MultiStart,4,True,63,0.24760624507318696,0.03068089485168457
167,BFGS_Single,0,True,60,0.2765518946046647,0.022516727447509766
167,BFGS_MultiStart,0,True,56,0.2765518946046635,0.02179551124572754
167,BFGS_MultiStart,1,True,35,0.2765518946046674,0.017308712005615234
167,BFGS_MultiStart,2,True,29,0.27655189460466234,0.014005899429321289
167,BFGS_MultiStart,3,True,36,0.2765518946046659,0.016490936279296875
167,BFGS_MultiStart,4,True,63,0.2765518946046728,0.02724432945251465
168,BFGS_Single,0,True,44,0.2692179086092672,0.016875505447387695
168,BFGS_MultiStart,0,True,33,0.26921790860927225,0.013939619064331055
168,BFGS_MultiStart,1,True,37,0.26921790860929434,0.014122724533081055
168,BFGS_MultiStart,2,True,35,0.26921790860927003,0.016907691955566406
168,BFGS_MultiStart,3,True,44,0.26921790860927336,0.0216672420501709
168,BFGS_MultiStart,4,False,73,0.26921790860926353,0.02209758758544922
169,BFGS_Single,0,True,27,0.2520729167018499,0.01200246810913086
169,BFGS_MultiStart,0,True,37,0.2520729167018932,0.015559911727905273
169,BFGS_MultiStart,1,True,41,0.25207291670184695,0.020449161529541016
169,BFGS_MultiStart,2,True,37,0.25207291670185905,0.014096975326538086
169,BFGS_MultiStart,3,False,62,0.2520729167018464,0.018260478973388672
169,BFGS_MultiStart,4,True,35,0.25207291670184534,0.017340421676635742
170,BFGS_Single,0,True,44,0.27154300652323865,0.017475128173828125
170,BFGS_MultiStart,0,True,67,0.27154300652324337,0.03125309944152832
170,BFGS_MultiStart,1,False,64,0.27154300652323576,0.021249771118164062
170,BFGS_MultiStart,2,True,41,0.27154300652324437,0.020052194595336914
170,BFGS_MultiStart,3,True,35,0.2715430065232409,0.01496577262878418
170,BFGS_MultiStart,4,True,35,0.2715430065232422,0.016829490661621094
171,BFGS_Single,0,True,58,0.2071330363306479,0.022324800491333008
171,BFGS_MultiStart,0,True,64,0.20713303633066538,0.02036881446838379
171,BFGS_MultiStart,1,True,37,0.20713303633064692,0.010413169860839844
171,BFGS_MultiStart,2,True,42,0.20713303633064767,0.010245084762573242
171,BFGS_MultiStart,3,True,36,0.20713303633065283,0.011765718460083008
171,BFGS_MultiStart,4,True,81,0.20713303633065147,0.017530441284179688
172,BFGS_Single,0,True,62,0.22722380538452172,0.016669750213623047
172,BFGS_MultiStart,0,True,38,0.22722380538452872,0.01097559928894043
172,BFGS_MultiStart,1,True,57,0.22722380538452316,0.011936426162719727
172,BFGS_MultiStart,2,True,33,0.22722380538452777,0.0057718753814697266
172,BFGS_MultiStart,3,True,31,0.22722380538451917,0.006694316864013672
172,BFGS_MultiStart,4,True,35,0.2272238053845264,0.007167339324951172
173,BFGS_Single,0,True,55,0.2665390021084972,0.011131763458251953
173,BFGS_MultiStart,0,True,24,0.26653900234379646,0.006502866744995117
173,BFGS_MultiStart,1,True,35,0.2665390021084952,0.009766340255737305
173,BFGS_MultiStart,2,True,55,0.26653900210849535,0.013774394989013672
173,BFGS_MultiStart,3,True,33,0.2665390021084978,0.0064847469329833984
173,BFGS_MultiStart,4,True,33,0.2665390021084946,0.008270502090454102
174,BFGS_Single,0,True,40,0.16692126428749415,0.01081228256225586
174,BFGS_MultiStart,0,False,69,0.16692126428748413,0.012460947036743164
174,BFGS_MultiStart,1,True,66,0.16692126428748277,0.01728200912475586
174,BFGS_MultiStart,2,True,35,0.16692126428748666,0.00780034065246582
174,BFGS_MultiStart,3,True,31,0.16692126428748624,0.007630586624145508
174,BFGS_MultiStart,4,True,69,0.16692126428748671,0.015542984008789062
175,BFGS_Single,0,True,65,0.27064751341714266,0.014664888381958008
175,BFGS_MultiStart,0,True,36,0.2706475134171413,0.010498046875
175,BFGS_MultiStart,1,True,34,0.2706475134171362,0.009105443954467773
175,BFGS_MultiStart,2,False,72,0.2706475134171413,0.01317596435546875
175,BFGS_MultiStart,3,True,36,0.270647513417137,0.008510828018188477
175,BFGS_MultiStart,4,True,36,0.27064751341713833,0.007113218307495117
176,BFGS_Single,0,True,78,0.2789716930764292,0.012762784957885742
176,BFGS_MultiStart,0,True,35,0.2789716930764312,0.010737419128417969
176,BFGS_MultiStart,1,True,32,0.27897169307642666,0.0069925785064697266
176,BFGS_MultiStart,2,True,56,0.2789716930764282,0.011774778366088867
176,BFGS_MultiStart,3,True,36,0.27897169307642705,0.007631778717041016
176,BFGS_MultiStart,4,True,60,0.27897169307642844,0.01185297966003418
177,BFGS_Single,0,True,34,0.24536745211908015,0.008986949920654297
177,BFGS_MultiStart,0,True,58,0.2453674521190809,0.011101961135864258
177,BFGS_MultiStart,1,True,36,0.24536745211908007,0.008467912673950195
177,BFGS_MultiStart,2,True,63,0.2453674521190776,0.013434410095214844
177,BFGS_MultiStart,3,True,51,0.24536745211908093,0.010431766510009766
177,BFGS_MultiStart,4,True,31,0.24536745211908442,0.007058858871459961
178,BFGS_Single,0,True,58,0.22875239704857414,0.012268543243408203
178,BFGS_MultiStart,0,True,53,0.2287523970485717,0.010053873062133789
178,BFGS_MultiStart,1,True,39,0.22875239704856892,0.009855031967163086
178,BFGS_MultiStart,2,True,38,0.22875239704856828,0.012155532836914062
178,BFGS_MultiStart,3,True,34,0.22875239704857941,0.009059429168701172
178,BFGS_MultiStart,4,True,60,0.22875239704856787,0.014819860458374023
179,BFGS_Single,0,True,45,0.23994634856724215,0.007537126541137695
179,BFGS_MultiStart,0,True,35,0.239946348567245,0.008508443832397461
179,BFGS_MultiStart,1,True,51,0.2399463485672472,0.011534690856933594
179,BFGS_MultiStart,2,True,49,0.2399463485672437,0.006951332092285156
179,BFGS_MultiStart,3,True,33,0.2399463485672456,0.008536577224731445
179,BFGS_MultiStart,4,True,43,0.23994634856724414,0.01024317741394043
180,BFGS_Single,0,True,31,0.24745096375637582,0.008378744125366211
180,BFGS_MultiStart,0,True,63,0.2474509637563715,0.016298294067382812
180,BFGS_MultiStart,1,True,32,0.24745096375637698,0.008417606353759766
180,BFGS_MultiStart,2,False,66,0.24745096375636988,0.011714696884155273
180,BFGS_MultiStart,3,True,37,0.24745096375637454,0.011062383651733398
180,BFGS_MultiStart,4,True,36,0.24745096375637493,0.008378267288208008
181,BFGS_Single,0,True,38,0.2053065730671089,0.00966334342956543
181,BFGS_MultiStart,0,True,32,0.20530657306711222,0.012056589126586914
181,BFGS_MultiStart,1,True,37,0.2053065730671132,0.012748479843139648
181,BFGS_MultiStart,2,True,51,0.20530657306711744,0.01142740249633789
181,BFGS_MultiStart,3,True,60,0.2053065730671116,0.013586044311523438
181,BFGS_MultiStart,4,True,28,0.20530657306711708,0.007035255432128906
182,BFGS_Single,0,True,34,0.23576044720641082,0.0074007511138916016
182,BFGS_MultiStart,0,True,43,0.23576044720641026,0.011911392211914062
182,BFGS_MultiStart,1,True,39,0.23576044720640982,0.010864496231079102
182,BFGS_MultiStart,2,True,61,0.23576044720641043,0.014737606048583984
182,BFGS_MultiStart,3,True,32,0.23576044720640982,0.007397890090942383
182,BFGS_MultiStart,4,True,37,0.2357604472064166,0.008325576782226562
183,BFGS_Single,0,True,60,0.21764137592803426,0.013243675231933594
183,BFGS_MultiStart,0,True,38,0.21764137592803584,0.016163349151611328
183,BFGS_MultiStart,1,False,52,0.21764137592803798,0.011508464813232422
183,BFGS_MultiStart,2,True,61,0.21764137592803906,0.013541698455810547
183,BFGS_MultiStart,3,True,30,0.21764137592803395,0.00499415397644043
183,BFGS_MultiStart,4,True,61,0.21764137592803962,0.0140228271484375
184,BFGS_Single,0,True,42,0.24329516641469878,0.00945734977722168
184,BFGS_MultiStart,0,False,49,0.2432951664146964,0.013050556182861328
184,BFGS_MultiStart,1,True,36,0.24329516641470333,0.008046627044677734
184,BFGS_MultiStart,2,True,44,0.24329516641470092,0.009232521057128906
184,BFGS_MultiStart,3,True,38,0.24329516641469917,0.009460926055908203
184,BFGS_MultiStart,4,True,43,0.24329516641470025,0.013326644897460938
185,BFGS_Single,0,True,69,0.2581413466543366,0.012442350387573242
185,BFGS_MultiStart,0,False,79,0.2581413466543398,0.015110015869140625
185,BFGS_MultiStart,1,True,38,0.2581413466543421,0.009958505630493164
185,BFGS_MultiStart,2,True,39,0.25814134665434646,0.0092926025390625
185,BFGS_MultiStart,3,True,35,0.25814134665434424,0.007858514785766602
185,BFGS_MultiStart,4,True,65,0.2581413466543456,0.015118122100830078
186,BFGS_Single,0,True,40,0.26327963225807605,0.012479543685913086
186,BFGS_MultiStart,0,True,30,0.26327963225808465,0.00789499282836914
186,BFGS_MultiStart,1,True,37,0.26327963225807616,0.011366128921508789
186,BFGS_MultiStart,2,True,38,0.26327963225839346,0.00816488265991211
186,BFGS_MultiStart,3,True,36,0.2632796322580704,0.00850534439086914
186,BFGS_MultiStart,4,True,56,0.2632796322580763,0.014327049255371094
187,BFGS_Single,0,True,36,0.28115323273434156,0.009345293045043945
187,BFGS_MultiStart,0,True,66,0.2811532327343349,0.014669179916381836
187,BFGS_MultiStart,1,True,58,0.28115323273434034,0.013046026229858398
187,BFGS_MultiStart,2,True,67,0.281153232734337,0.014095067977905273
187,BFGS_MultiStart,3,True,37,0.2811532327343383,0.00845646858215332
187,BFGS_MultiStart,4,True,74,0.28115323273433845,0.014238595962524414
188,BFGS_Single,0,True,34,0.1959847167005163,0.008115530014038086
188,BFGS_MultiStart,0,True,36,0.19598471670051434,0.009652853012084961
188,BFGS_MultiStart,1,True,68,0.19598471670051612,0.015817642211914062
188,BFGS_MultiStart,2,True,64,0.19598471670050902,0.015672683715820312
188,BFGS_MultiStart,3,True,62,0.19598471670051562,0.01654672622680664
188,BFGS_MultiStart,4,True,56,0.1959847167005144,0.015428781509399414
189,BFGS_Single,0,True,59,0.256276971659338,0.01191854476928711
189,BFGS_MultiStart,0,True,57,0.25627697165934316,0.012209177017211914
189,BFGS_MultiStart,1,True,64,0.2562769716593436,0.014058589935302734
189,BFGS_MultiStart,2,True,57,0.2562769716593391,0.009974479675292969
189,BFGS_MultiStart,3,True,35,0.2562769716593409,0.0075359344482421875
189,BFGS_MultiStart,4,True,61,0.2562769716593418,0.013676166534423828
190,BFGS_Single,0,True,66,0.2537202515033566,0.015679121017456055
190,BFGS_MultiStart,0,True,37,0.2537202515033537,0.00944662094116211
190,BFGS_MultiStart,1,True,34,0.253720251503353,0.007999897003173828
190,BFGS_MultiStart,2,True,38,0.2537202515033578,0.009259700775146484
190,BFGS_MultiStart,3,True,35,0.2537202515033584,0.00883340835571289
190,BFGS_MultiStart,4,True,73,0.2537202515033578,0.014618873596191406
191,BFGS_Single,0,True,64,0.20627782290947136,0.01694345474243164
191,BFGS_MultiStart,0,True,36,0.2062778229094735,0.01117396354675293
191,BFGS_MultiStart,1,True,34,0.206277822909467,0.008054018020629883
191,BFGS_MultiStart,2,True,64,0.20627782290947227,0.01432657241821289
191,BFGS_MultiStart,3,True,55,0.20627782290949476,0.011517524719238281
191,BFGS_MultiStart,4,True,48,0.20627782290947233,0.012204885482788086
192,BFGS_Single,0,True,40,0.27046801586723745,0.011380195617675781
192,BFGS_MultiStart,0,True,32,0.27046801586724106,0.010359525680541992
192,BFGS_MultiStart,1,True,44,0.2704680158672368,0.011793375015258789
192,BFGS_MultiStart,2,True,33,0.2704680158673388,0.008738279342651367
192,BFGS_MultiStart,3,True,40,0.27046801586723584,0.010962247848510742
192,BFGS_MultiStart,4,True,35,0.27046801586724184,0.007653713226318359
193,BFGS_Single,0,True,33,0.1940339910001715,0.007977485656738281
193,BFGS_MultiStart,0,True,43,0.19403399100016833,0.010101795196533203
193,BFGS_MultiStart,1,True,60,0.19403399100016988,0.013503551483154297
193,BFGS_MultiStart,2,True,33,0.19403399100017718,0.009421586990356445
193,BFGS_MultiStart,3,True,33,0.19403399100017193,0.008756160736083984
193,BFGS_MultiStart,4,True,65,0.19403399100017146,0.012306690216064453
194,BFGS_Single,0,True,34,0.24656333835997765,0.007653713226318359
194,BFGS_MultiStart,0,False,67,0.24656333835997435,0.012150049209594727
194,BFGS_MultiStart,1,True,61,0.24656333835997987,0.015106916427612305
194,BFGS_MultiStart,2,True,38,0.24656333835997454,0.009730100631713867
194,BFGS_MultiStart,3,True,34,0.24656333835998115,0.00718235969543457
194,BFGS_MultiStart,4,True,37,0.24656333835997837,0.009158849716186523
195,BFGS_Single,0,True,62,0.21013651133249595,0.014121294021606445
195,BFGS_MultiStart,0,True,53,0.21013651133249214,0.009830951690673828
195,BFGS_MultiStart,1,True,58,0.21013651133249228,0.0131683349609375
195,BFGS_MultiStart,2,True,33,0.21013651133248992,0.007430076599121094
195,BFGS_MultiStart,3,True,55,0.21013651133249076,0.008861780166625977
195,BFGS_MultiStart,4,False,66,0.21013651133248756,0.012697219848632812
196,BFGS_Single,0,True,36,0.21526808675459155,0.015347480773925781
196,BFGS_MultiStart,0,True,71,0.21526808675460332,0.03980231285095215
196,BFGS_MultiStart,1,True,33,0.21526808675459116,0.01974010467529297
196,BFGS_MultiStart,2,True,35,0.21526808675459938,0.012542009353637695
196,BFGS_MultiStart,3,True,65,0.21526808675459472,0.016180753707885742
196,BFGS_MultiStart,4,True,59,0.21526808675459944,0.016928911209106445
197,BFGS_Single,0,True,62,0.27375285278628414,0.015256166458129883
197,BFGS_MultiStart,0,True,43,0.27375285278628686,0.010976076126098633
197,BFGS_MultiStart,1,True,39,0.2737528527862839,0.010849714279174805
197,BFGS_MultiStart,2,True,29,0.2737528527864539,0.005067586898803711
197,BFGS_MultiStart,3,True,65,0.2737528527862881,0.015393972396850586
197,BFGS_MultiStart,4,False,62,0.27375285278628586,0.009796142578125
198,BFGS_Single,0,True,59,0.22922000973438336,0.009926795959472656
198,BFGS_MultiStart,0,True,63,0.22922000973438594,0.013498544692993164
198,BFGS_MultiStart,1,True,37,0.22922000973438586,0.008829593658447266
198,BFGS_MultiStart,2,True,43,0.22922000973438925,0.008587121963500977
198,BFGS_MultiStart,3,True,35,0.22922000973438506,0.010265111923217773
198,BFGS_MultiStart,4,True,59,0.22922000973438206,0.014461994171142578
199,BFGS_Single,0,True,29,0.23561746024432761,0.007880449295043945
199,BFGS_MultiStart,0,True,54,0.23561746024432584,0.011003971099853516
199,BFGS_MultiStart,1,True,59,0.23561746024432595,0.014183998107910156
199,BFGS_MultiStart,2,True,35,0.23561746024432603,0.009885549545288086
199,BFGS_MultiStart,3,True,38,0.23561746024432517,0.01076054573059082
199,BFGS_MultiStart,4,True,65,0.23561746024433033,0.014827251434326172
200,BFGS_Single,0,True,44,0.2462964829329331,0.009970664978027344
200,BFGS_MultiStart,0,True,63,0.24629648293293757,0.015848159790039062
200,BFGS_MultiStart,1,True,60,0.2462964829329358,0.01645970344543457
200,BFGS_MultiStart,2,True,63,0.24629648293293857,0.015336036682128906
200,BFGS_MultiStart,3,True,73,0.24629648293293505,0.014893770217895508
200,BFGS_MultiStart,4,True,37,0.24629648293293285,0.014404535293579102
201,BFGS_Single,0,True,37,0.2004768211143789,0.014411687850952148
201,BFGS_MultiStart,0,True,35,0.2004768211143812,0.01385188102722168
201,BFGS_MultiStart,1,True,36,0.20047682111438453,0.015685319900512695
201,BFGS_MultiStart,2,True,29,0.20047682111437923,0.011386632919311523
201,BFGS_MultiStart,3,True,33,0.20047682111438583,0.008280754089355469
201,BFGS_MultiStart,4,True,34,0.20047682111438284,0.012681007385253906
202,BFGS_Single,0,True,61,0.23492382328830705,0.016417264938354492
202,BFGS_MultiStart,0,True,55,0.23492382328831257,0.012671232223510742
202,BFGS_MultiStart,1,True,27,0.23492382328830216,0.006634950637817383
202,BFGS_MultiStart,2,True,52,0.23492382328832556,0.010564327239990234
202,BFGS_MultiStart,3,True,33,0.23492382328829964,0.006755352020263672
202,BFGS_MultiStart,4,True,38,0.23492382328831055,0.008738040924072266
203,BFGS_Single,0,True,36,0.2517030067267448,0.009410858154296875
203,BFGS_MultiStart,0,True,37,0.2517030067267466,0.011285543441772461
203,BFGS_MultiStart,1,True,36,0.25170300672674734,0.007928609848022461
203,BFGS_MultiStart,2,True,31,0.2517030067267503,0.009695053100585938
203,BFGS_MultiStart,3,False,59,0.2517030067267479,0.009331464767456055
203,BFGS_MultiStart,4,True,31,0.2517030067267434,0.00899362564086914
204,BFGS_Single,0,True,56,0.2631467720771897,0.010760784149169922
204,BFGS_MultiStart,0,True,57,0.2631467720771921,0.017060518264770508
204,BFGS_MultiStart,1,True,39,0.26314677207719295,0.012991666793823242
204,BFGS_MultiStart,2,True,33,0.2631467720771897,0.012002706527709961
204,BFGS_MultiStart,3,True,36,0.2631467720771902,0.011811494827270508
204,BFGS_MultiStart,4,True,36,0.26314677207719095,0.018595457077026367
205,BFGS_Single,0,True,35,0.15564717295900793,0.015887975692749023
205,BFGS_MultiStart,0,True,37,0.15564717295901045,0.018635988235473633
205,BFGS_MultiStart,1,True,58,0.15564717295901073,0.028328657150268555
205,BFGS_MultiStart,2,True,37,0.1556471729590078,0.019011259078979492
205,BFGS_MultiStart,3,True,34,0.15564717295900796,0.014844655990600586
205,BFGS_MultiStart,4,True,41,0.15564717295900474,0.020981788635253906
206,BFGS_Single,0,True,37,0.2749023725509465,0.013461828231811523
206,BFGS_MultiStart,0,False,63,0.2749023725509416,0.019158124923706055
206,BFGS_MultiStart,1,False,71,0.2749023725509438,0.02386617660522461
206,BFGS_MultiStart,2,True,34,0.2749023725509448,0.01485443115234375
206,BFGS_MultiStart,3,True,56,0.27490237255095007,0.02164626121520996
206,BFGS_MultiStart,4,True,36,0.2749023725509448,0.012004852294921875
207,BFGS_Single,0,True,56,0.2665271203562311,0.02204608917236328
207,BFGS_MultiStart,0,True,35,0.2665271203562353,0.015632152557373047
207,BFGS_MultiStart,1,True,41,0.26652712035623,0.01992344856262207
207,BFGS_MultiStart,2,True,41,0.2665271203562336,0.018759965896606445
207,BFGS_MultiStart,3,True,35,0.2665271203562353,0.01707005500793457
207,BFGS_MultiStart,4,True,59,0.26652712035623266,0.02222132682800293
208,BFGS_Single,0,True,37,0.2606376074724112,0.01743459701538086
208,BFGS_MultiStart,0,True,41,0.2606376074724106,0.017629146575927734
208,BFGS_MultiStart,1,True,24,0.2606376076536865,0.00767970085144043
208,BFGS_MultiStart,2,True,36,0.2606376074724093,0.011515140533447266
208,BFGS_MultiStart,3,True,56,0.26063760747240905,0.02115178108215332
208,BFGS_MultiStart,4,True,35,0.2606376074724928,0.014901399612426758
209,BFGS_Single,0,True,58,0.2595759766733412,0.026854753494262695
209,BFGS_MultiStart,0,True,36,0.2595759766733284,0.019150257110595703
209,BFGS_MultiStart,1,True,27,0.25957597667333554,0.013134241104125977
209,BFGS_MultiStart,2,True,33,0.2595759766733226,0.013371706008911133
209,BFGS_MultiStart,3,True,37,0.2595759766733285,0.014481544494628906
209,BFGS_MultiStart,4,False,86,0.25957597667332294,0.02083754539489746
210,BFGS_Single,0,True,68,0.27349900504592517,0.024591684341430664
210,BFGS_MultiStart,0,True,60,0.2734990050459222,0.019454479217529297
210,BFGS_MultiStart,1,True,50,0.27349900504591984,0.014818668365478516
210,BFGS_MultiStart,2,True,41,0.273499005045921,0.019366741180419922
210,BFGS_MultiStart,3,True,41,0.2734990050459216,0.02012181282043457
210,BFGS_MultiStart,4,True,36,0.2734990050459257,0.016525983810424805
211,BFGS_Single,0,True,73,0.22376670277960875,0.024994850158691406
211,BFGS_MultiStart,0,True,36,0.22376670277960764,0.020574092864990234
211,BFGS_MultiStart,1,True,53,0.22376670277962382,0.025238752365112305
211,BFGS_MultiStart,2,True,41,0.22376670277960709,0.021443605422973633
211,BFGS_MultiStart,3,True,39,0.22376670277960448,0.025141000747680664
211,BFGS_MultiStart,4,True,33,0.2237667027796076,0.018803834915161133
212,BFGS_Single,0,True,69,0.2215954015528748,0.04414653778076172
212,BFGS_MultiStart,0,True,27,0.22159540155287724,0.01581740379333496
212,BFGS_MultiStart,1,True,32,0.22159540155288018,0.02192521095275879
212,BFGS_MultiStart,2,True,34,0.2215954015528806,0.022289752960205078
212,BFGS_MultiStart,3,True,33,0.22159540155287702,0.019572019577026367
212,BFGS_MultiStart,4,True,35,0.2215954015528806,0.021839141845703125
213,BFGS_Single,0,True,30,0.21953426391056824,0.014299392700195312
213,BFGS_MultiStart,0,True,45,0.2195342639105638,0.017315387725830078
213,BFGS_MultiStart,1,True,35,0.21953426391056294,0.01631474494934082
213,BFGS_MultiStart,2,True,34,0.21953426391056313,0.015647172927856445
213,BFGS_MultiStart,3,True,55,0.21953426391056025,0.019283056259155273
213,BFGS_MultiStart,4,True,45,0.21953426391056152,0.018081188201904297
214,BFGS_Single,0,True,40,0.2055580941445778,0.01617288589477539
214,BFGS_MultiStart,0,True,37,0.20555809414457796,0.017817258834838867
214,BFGS_MultiStart,1,True,55,0.20555809414458218,0.02208423614501953
214,BFGS_MultiStart,2,True,37,0.20555809414459555,0.014426469802856445
214,BFGS_MultiStart,3,True,37,0.20555809414458326,0.015397787094116211
214,BFGS_MultiStart,4,True,37,0.2055580941445808,0.013832569122314453
215,BFGS_Single,0,True,58,0.21035943686508563,0.024282455444335938
215,BFGS_MultiStart,0,True,37,0.21035943686508607,0.017910003662109375
215,BFGS_MultiStart,1,True,32,0.21035943686514,0.013901472091674805
215,BFGS_MultiStart,2,True,29,0.21035943686509204,0.008116960525512695
215,BFGS_MultiStart,3,True,34,0.2103594368650852,0.014145851135253906
215,BFGS_MultiStart,4,True,36,0.2103594368651112,0.014978170394897461
216,BFGS_Single,0,True,46,0.2354092868788139,0.02175736427307129
216,BFGS_MultiStart,0,True,36,0.23540928687881696,0.018019676208496094
216,BFGS_MultiStart,1,True,36,0.23540928687882084,0.01451873779296875
216,BFGS_MultiStart,2,True,35,0.23540928687881768,0.01681065559387207
216,BFGS_MultiStart,3,True,36,0.23540928687882112,0.017745018005371094
216,BFGS_MultiStart,4,True,61,0.2354092868788147,0.02742934226989746
217,BFGS_Single,0,True,30,0.2584172058645348,0.014781713485717773
217,BFGS_MultiStart,0,True,41,0.2584172058645272,0.019098281860351562
217,BFGS_MultiStart,1,True,35,0.25841720586454214,0.017702817916870117
217,BFGS_MultiStart,2,True,36,0.2584172058645461,0.014837503433227539
217,BFGS_MultiStart,3,True,35,0.25841720586453315,0.014422893524169922
217,BFGS_MultiStart,4,True,79,0.25841720586452793,0.021953821182250977
218,BFGS_Single,0,True,58,0.22370308413823278,0.026409626007080078
218,BFGS_MultiStart,0,True,39,0.22370308413823412,0.017892837524414062
218,BFGS_MultiStart,1,True,36,0.22370308413823098,0.0181887149810791
218,BFGS_MultiStart,2,True,36,0.22370308413823312,0.017501354217529297
218,BFGS_MultiStart,3,True,62,0.2237030841382329,0.02812504768371582
218,BFGS_MultiStart,4,True,38,0.2237030841382318,0.016530990600585938
219,BFGS_Single,0,True,36,0.220643933628655,0.01607370376586914
219,BFGS_MultiStart,0,True,60,0.2206439336286495,0.02580547332763672
219,BFGS_MultiStart,1,True,44,0.22064393362864893,0.010312557220458984
219,BFGS_MultiStart,2,True,63,0.2206439336286549,0.020743608474731445
219,BFGS_MultiStart,3,True,30,0.22064393362865234,0.011297225952148438
219,BFGS_MultiStart,4,True,38,0.22064393362865162,0.01649618148803711
220,BFGS_Single,0,True,40,0.2156157965741282,0.017223119735717773
220,BFGS_MultiStart,0,True,34,0.21561579657412713,0.016260147094726562
220,BFGS_MultiStart,1,True,46,0.2156157965741236,0.017789125442504883
220,BFGS_MultiStart,2,True,46,0.21561579657411936,0.02402186393737793
220,BFGS_MultiStart,3,True,34,0.21561579657411764,0.00884699821472168
220,BFGS_MultiStart,4,True,42,0.2156157965741219,0.01179194450378418
221,BFGS_Single,0,True,34,0.2488800821377742,0.011798381805419922
221,BFGS_MultiStart,0,True,34,0.24888008213777132,0.018847227096557617
221,BFGS_MultiStart,1,True,34,0.2488800821377701,0.021458864212036133
221,BFGS_MultiStart,2,False,65,0.2488800821377658,0.02070164680480957
221,BFGS_MultiStart,3,True,35,0.24888008213777243,0.012213706970214844
221,BFGS_MultiStart,4,True,60,0.24888008213776738,0.021169662475585938
222,BFGS_Single,0,True,40,0.22466665857341547,0.01849842071533203
222,BFGS_MultiStart,0,True,35,0.22466665857341528,0.015772342681884766
222,BFGS_MultiStart,1,True,36,0.2246666585734241,0.016239643096923828
222,BFGS_MultiStart,2,True,32,0.22466665857341175,0.01564168930053711
222,BFGS_MultiStart,3,True,43,0.22466665857341073,0.01797318458557129
222,BFGS_MultiStart,4,True,37,0.22466665857341714,0.0170137882232666
223,BFGS_Single,0,True,38,0.243024306932003,0.01685309410095215
223,BFGS_MultiStart,0,True,63,0.24302430693200386,0.02455925941467285
223,BFGS_MultiStart,1,True,64,0.24302430693200408,0.029981613159179688
223,BFGS_MultiStart,2,True,33,0.2430243069320047,0.010915756225585938
223,BFGS_MultiStart,3,True,69,0.24302430693200872,0.02837848663330078
223,BFGS_MultiStart,4,True,63,0.24302430693200536,0.03064703941345215
224,BFGS_Single,0,True,59,0.2623289303561347,0.026507854461669922
224,BFGS_MultiStart,0,True,36,0.2623289303561274,0.013343334197998047
224,BFGS_MultiStart,1,True,63,0.26232893035612914,0.025081396102905273
224,BFGS_MultiStart,2,True,40,0.2623289303561312,0.02283501625061035
224,BFGS_MultiStart,3,True,37,0.26232893035613497,0.02561497688293457
224,BFGS_MultiStart,4,True,31,0.26232893035612637,0.0200808048248291
225,BFGS_Single,0,True,33,0.2807548549324217,0.021641254425048828
225,BFGS_MultiStart,0,True,34,0.2807548549324244,0.02228236198425293
225,BFGS_MultiStart,1,True,62,0.2807548549324213,0.03636670112609863
225,BFGS_MultiStart,2,True,35,0.28075485493242014,0.020667076110839844
225,BFGS_MultiStart,3,True,63,0.28075485493242475,0.033722877502441406
225,BFGS_MultiStart,4,True,29,0.2807548549324317,0.0113067626953125
226,BFGS_Single,0,True,39,0.2562675915830932,0.019713163375854492
226,BFGS_MultiStart,0,True,62,0.2562675915830956,0.037276506423950195
226,BFGS_MultiStart,1,True,46,0.25626759158308793,0.0231020450592041
226,BFGS_MultiStart,2,True,60,0.25626759158308854,0.031161069869995117
226,BFGS_MultiStart,3,True,60,0.2562675915830942,0.030122041702270508
226,BFGS_MultiStart,4,True,30,0.25626759158309154,0.007142066955566406
227,BFGS_Single,0,True,38,0.28563434438306945,0.01802968978881836
227,BFGS_MultiStart,0,True,63,0.2856343443830681,0.027722835540771484
227,BFGS_MultiStart,1,True,76,0.28563434438306534,0.035420894622802734
227,BFGS_MultiStart,2,True,70,0.28563434438306157,0.02537369728088379
227,BFGS_MultiStart,3,True,31,0.28563434438306606,0.014219284057617188
227,BFGS_MultiStart,4,False,57,0.2856343443830645,0.017540693283081055
228,BFGS_Single,0,True,57,0.22359650565899256,0.025711536407470703
228,BFGS_MultiStart,0,True,53,0.22359650565899641,0.02533745765686035
228,BFGS_MultiStart,1,True,37,0.22359650565899875,0.018177270889282227
228,BFGS_MultiStart,2,True,31,0.2235965056589946,0.013942241668701172
228,BFGS_MultiStart,3,True,35,0.22359650565899603,0.017735004425048828
228,BFGS_MultiStart,4,True,70,0.22359650565899608,0.030553340911865234
229,BFGS_Single,0,True,36,0.2537932322803498,0.01747894287109375
229,BFGS_MultiStart,0,True,32,0.2537932322803522,0.01566767692565918
229,BFGS_MultiStart,1,True,39,0.25379323228035316,0.018381357192993164
229,BFGS_MultiStart,2,True,35,0.25379323228034484,0.01833200454711914
229,BFGS_MultiStart,3,True,38,0.2537932322803435,0.016037702560424805
229,BFGS_MultiStart,4,True,60,0.2537932322803441,0.017834186553955078
230,BFGS_Single,0,True,33,0.25452577558582096,0.011285543441772461
230,BFGS_MultiStart,0,True,34,0.25452577558581874,0.015360116958618164
230,BFGS_MultiStart,1,True,64,0.25452577558581935,0.024678707122802734
230,BFGS_MultiStart,2,True,38,0.2545257755858189,0.02086186408996582
230,BFGS_MultiStart,3,True,38,0.2545257755858239,0.015706777572631836
230,BFGS_MultiStart,4,True,40,0.2545257755858178,0.01956915855407715
231,BFGS_Single,0,True,61,0.17943969829749246,0.024543046951293945
231,BFGS_MultiStart,0,True,39,0.17943969829749157,0.014266252517700195
231,BFGS_MultiStart,1,True,63,0.1794396982974926,0.01699066162109375
231,BFGS_MultiStart,2,True,61,0.17943969829748876,0.0186769962310791
231,BFGS_MultiStart,3,True,32,0.17943969829750045,0.010600090026855469
231,BFGS_MultiStart,4,True,41,0.17943969829748835,0.013857126235961914
232,BFGS_Single,0,True,33,0.24807756550202245,0.009754419326782227
232,BFGS_MultiStart,0,True,39,0.24807756550202192,0.014364480972290039
232,BFGS_MultiStart,1,True,34,0.24807756550202437,0.010785579681396484
232,BFGS_MultiStart,2,True,31,0.24807756550202506,0.010800838470458984
232,BFGS_MultiStart,3,True,60,0.2480775655020216,0.02608776092529297
232,BFGS_MultiStart,4,True,31,0.24807756550201854,0.009627819061279297
233,BFGS_Single,0,True,65,0.28565495158325316,0.017302513122558594
233,BFGS_MultiStart,0,True,33,0.28565495158325643,0.0070438385009765625
233,BFGS_MultiStart,1,True,29,0.28565495158325754,0.007725715637207031
233,BFGS_MultiStart,2,True,41,0.28565495158325094,0.010020732879638672
233,BFGS_MultiStart,3,True,35,0.2856549515832509,0.007973670959472656
233,BFGS_MultiStart,4,False,65,0.2856549515832581,0.009231090545654297
234,BFGS_Single,0,True,63,0.26296874831165407,0.01669621467590332
234,BFGS_MultiStart,0,True,30,0.2629687483116538,0.008114814758300781
234,BFGS_MultiStart,1,True,29,0.26296874831165706,0.007925987243652344
234,BFGS_MultiStart,2,True,38,0.2629687483116524,0.010507345199584961
234,BFGS_MultiStart,3,True,61,0.26296874831165173,0.01561117172241211
234,BFGS_MultiStart,4,True,36,0.26296874831165545,0.009930610656738281
235,BFGS_Single,0,True,34,0.2639184773869954,0.008750200271606445
235,BFGS_MultiStart,0,True,37,0.26391847738699536,0.011701107025146484
235,BFGS_MultiStart,1,True,38,0.26391847738699153,0.010827779769897461
235,BFGS_MultiStart,2,True,30,0.26391847738699015,0.007757902145385742
235,BFGS_MultiStart,3,True,60,0.263918477732157,0.015005111694335938
235,BFGS_MultiStart,4,True,33,0.26391847738698815,0.008226871490478516
236,BFGS_Single,0,True,34,0.2553757045242714,0.010294914245605469
236,BFGS_MultiStart,0,True,60,0.25537570452426905,0.01566147804260254
236,BFGS_MultiStart,1,True,37,0.25537570452426717,0.008941411972045898
236,BFGS_MultiStart,2,True,39,0.2553757045242755,0.011516809463500977
236,BFGS_MultiStart,3,True,63,0.255375704524268,0.015273809432983398
236,BFGS_MultiStart,4,True,57,0.25537570452427527,0.01458430290222168
237,BFGS_Single,0,True,36,0.26164682553978413,0.009475469589233398
237,BFGS_MultiStart,0,True,42,0.2616468255397814,0.009992122650146484
237,BFGS_MultiStart,1,True,39,0.26164682554002017,0.01016855239868164
237,BFGS_MultiStart,2,True,37,0.2616468255397891,0.010495185852050781
237,BFGS_MultiStart,3,True,62,0.2616468255397976,0.015501022338867188
237,BFGS_MultiStart,4,True,61,0.26164682553980856,0.01587390899658203
238,BFGS_Single,0,True,32,0.23017924228183914,0.008610963821411133
238,BFGS_MultiStart,0,True,57,0.23017924228190886,0.01420736312866211
238,BFGS_MultiStart,1,True,27,0.23017924228183853,0.007397651672363281
238,BFGS_MultiStart,2,True,30,0.23017924228183528,0.007709026336669922
238,BFGS_MultiStart,3,True,36,0.23017924228183323,0.008214712142944336
238,BFGS_MultiStart,4,True,32,0.2301792422818373,0.0070934295654296875
239,BFGS_Single,0,True,45,0.23517090911870628,0.01192021369934082
239,BFGS_MultiStart,0,True,34,0.2351709091187088,0.011444330215454102
239,BFGS_MultiStart,1,True,34,0.23517090911870064,0.009023666381835938
239,BFGS_MultiStart,2,True,38,0.2351709091187047,0.01087045669555664
239,BFGS_MultiStart,3,True,32,0.23517090911871025,0.006276369094848633
239,BFGS_MultiStart,4,True,34,0.23517090911870298,0.008492231369018555
240,BFGS_Single,0,True,29,0.2225541844233599,0.00720667839050293
240,BFGS_MultiStart,0,True,36,0.22255418442336145,0.010123014450073242
240,BFGS_MultiStart,1,True,35,0.22255418442335836,0.010282516479492188
240,BFGS_MultiStart,2,True,35,0.2225541844233598,0.008612632751464844
240,BFGS_MultiStart,3,True,39,0.22255418442335576,0.009697198867797852
240,BFGS_MultiStart,4,True,37,0.22255418442336455,0.008606910705566406
241,BFGS_Single,0,True,31,0.22250014632834836,0.009033203125
241,BFGS_MultiStart,0,True,39,0.22250014632834955,0.013574361801147461
241,BFGS_MultiStart,1,True,44,0.2225001463283429,0.009837150573730469
241,BFGS_MultiStart,2,True,35,0.22250014632834778,0.012027502059936523
241,BFGS_MultiStart,3,True,37,0.2225001463283453,0.008739948272705078
241,BFGS_MultiStart,4,True,59,0.2225001463283513,0.014252185821533203
242,BFGS_Single,0,True,38,0.24090483868375798,0.010047197341918945
242,BFGS_MultiStart,0,True,38,0.2409048386837522,0.013259172439575195
242,BFGS_MultiStart,1,True,63,0.24090483868375195,0.02256011962890625
242,BFGS_MultiStart,2,True,39,0.2409048386843225,0.01845860481262207
242,BFGS_MultiStart,3,True,37,0.24090483868375542,0.01614975929260254
242,BFGS_MultiStart,4,True,39,0.2409048386837542,0.021234750747680664
243,BFGS_Single,0,True,38,0.29424980196313155,0.02013993263244629
243,BFGS_MultiStart,0,True,39,0.2942498019631329,0.012014627456665039
243,BFGS_MultiStart,1,True,37,0.2942498019631351,0.01929473876953125
243,BFGS_MultiStart,2,True,37,0.29424980196313183,0.016130685806274414
243,BFGS_MultiStart,3,True,35,0.29424980196313105,0.011777162551879883
243,BFGS_MultiStart,4,True,44,0.294249801963126,0.012386560440063477
244,BFGS_Single,0,True,61,0.20052808818240994,0.014328479766845703
244,BFGS_MultiStart,0,True,40,0.20052808818241027,0.010544061660766602
244,BFGS_MultiStart,1,True,61,0.20052808818241477,0.015102863311767578
244,BFGS_MultiStart,2,True,36,0.20052808818241294,0.010574102401733398
244,BFGS_MultiStart,3,True,63,0.2005280881824109,0.014043807983398438
244,BFGS_MultiStart,4,True,49,0.20052808818240758,0.010984182357788086
245,BFGS_Single,0,True,36,0.27754823684099145,0.011159181594848633
245,BFGS_MultiStart,0,True,39,0.27754823684099716,0.009645462036132812
245,BFGS_MultiStart,1,True,63,0.27754823684098956,0.014424800872802734
245,BFGS_MultiStart,2,True,32,0.2775482368409946,0.008717536926269531
245,BFGS_MultiStart,3,False,67,0.27754823684099067,0.011358976364135742
245,BFGS_MultiStart,4,True,36,0.27754823684099195,0.010811090469360352
246,BFGS_Single,0,True,60,0.2853703813370719,0.01581859588623047
246,BFGS_MultiStart,0,True,57,0.2853703813370729,0.013469457626342773
246,BFGS_MultiStart,1,True,57,0.2853703813370738,0.014004707336425781
246,BFGS_MultiStart,2,True,36,0.2853703813370674,0.009172916412353516
246,BFGS_MultiStart,3,True,34,0.28537038133707315,0.00763249397277832
246,BFGS_MultiStart,4,True,39,0.2853703813370683,0.010108232498168945
247,BFGS_Single,0,True,36,0.22624327089786106,0.0113983154296875
247,BFGS_MultiStart,0,True,60,0.22624327089785895,0.013426780700683594
247,BFGS_MultiStart,1,True,60,0.22624327089786095,0.013230085372924805
247,BFGS_MultiStart,2,True,63,0.22624327089785937,0.013237237930297852
247,BFGS_MultiStart,3,True,33,0.2262432708978607,0.008143186569213867
247,BFGS_MultiStart,4,True,37,0.22624327089785878,0.012543201446533203
248,BFGS_Single,0,True,35,0.24498042305026685,0.009147882461547852
248,BFGS_MultiStart,0,True,73,0.24498042305026785,0.016701459884643555
248,BFGS_MultiStart,1,True,31,0.24498042305027076,0.006787776947021484
248,BFGS_MultiStart,2,True,30,0.24498042305027032,0.007671356201171875
248,BFGS_MultiStart,3,False,83,0.2449804230502661,0.014110088348388672
248,BFGS_MultiStart,4,True,31,0.24498042305026738,0.007835626602172852
249,BFGS_Single,0,True,61,0.22748124978406145,0.014498233795166016
249,BFGS_MultiStart,0,True,35,0.22748124978405748,0.008940696716308594
249,BFGS_MultiStart,1,True,33,0.22748124978406067,0.008836507797241211
249,BFGS_MultiStart,2,True,62,0.22748124978405984,0.016965150833129883
249,BFGS_MultiStart,3,True,36,0.22748124978405487,0.008580207824707031
249,BFGS_MultiStart,4,True,60,0.227481249784054,0.013624429702758789
250,BFGS_Single,0,True,31,0.2218690243872172,0.011438608169555664
250,BFGS_MultiStart,0,True,31,0.22186902438721406,0.015896320343017578
250,BFGS_MultiStart,1,True,33,0.22186902438721792,0.015960693359375
250,BFGS_MultiStart,2,True,38,0.2218690243872146,0.017982959747314453
250,BFGS_MultiStart,3,True,69,0.2218690243872157,0.026486635208129883
250,BFGS_MultiStart,4,True,33,0.22186902438722053,0.015334367752075195
251,BFGS_Single,0,True,40,0.3109167821141075,0.019060850143432617
251,BFGS_MultiStart,0,True,34,0.31091678211410906,0.015992164611816406
251,BFGS_MultiStart,1,True,66,0.31091678211411367,0.03451895713806152
251,BFGS_MultiStart,2,True,15,0.3109200211065857,0.0051119327545166016
251,BFGS_MultiStart,3,True,60,0.3109167821141114,0.026306867599487305
251,BFGS_MultiStart,4,True,37,0.3109167821141089,0.016580581665039062
252,BFGS_Single,0,True,66,0.23158031459305048,0.024159908294677734
252,BFGS_MultiStart,0,True,37,0.23158031459306422,0.01610851287841797
252,BFGS_MultiStart,1,True,60,0.2315803145930473,0.022566795349121094
252,BFGS_MultiStart,2,True,37,0.23158031459304915,0.014602184295654297
252,BFGS_MultiStart,3,True,55,0.23158031459304954,0.016882896423339844
252,BFGS_MultiStart,4,True,32,0.23158031459304879,0.010117053985595703
253,BFGS_Single,0,True,32,0.23465042380753856,0.013244390487670898
253,BFGS_MultiStart,0,True,37,0.2346504238075349,0.014281034469604492
253,BFGS_MultiStart,1,True,33,0.23465042380753462,0.008726835250854492
253,BFGS_MultiStart,2,True,38,0.23465042380753304,0.009835481643676758
253,BFGS_MultiStart,3,True,58,0.23465042380803802,0.014187812805175781
253,BFGS_MultiStart,4,True,38,0.23465042380753667,0.007972955703735352
254,BFGS_Single,0,True,66,0.22814241688493234,0.013050079345703125
254,BFGS_MultiStart,0,True,36,0.22814241688493342,0.008750200271606445
254,BFGS_MultiStart,1,True,52,0.22814241688493572,0.009904861450195312
254,BFGS_MultiStart,2,True,35,0.22814241688493506,0.0073719024658203125
254,BFGS_MultiStart,3,True,64,0.2281424168849286,0.013341188430786133
254,BFGS_MultiStart,4,True,50,0.22814241688493223,0.00897669792175293
255,BFGS_Single,0,True,73,0.24130383703591388,0.013543367385864258
255,BFGS_MultiStart,0,True,37,0.24130383703591465,0.008206605911254883
255,BFGS_MultiStart,1,True,43,0.24130383703591793,0.011205196380615234
255,BFGS_MultiStart,2,True,35,0.24130383703591726,0.008056163787841797
255,BFGS_MultiStart,3,True,34,0.2413038370359207,0.009290218353271484
255,BFGS_MultiStart,4,True,56,0.24130383703591304,0.01246953010559082
256,BFGS_Single,0,True,39,0.24383406367199417,0.007444143295288086
256,BFGS_MultiStart,0,True,43,0.24383406367199836,0.010141849517822266
256,BFGS_MultiStart,1,True,40,0.24383406367199872,0.00899362564086914
256,BFGS_MultiStart,2,True,39,0.2438340636719958,0.009865522384643555
256,BFGS_MultiStart,3,True,49,0.24383406367199595,0.009105205535888672
256,BFGS_MultiStart,4,True,37,0.2438340636719964,0.008393526077270508
257,BFGS_Single,0,True,39,0.269892506695111,0.011730670928955078
257,BFGS_MultiStart,0,True,35,0.2698925066951184,0.00872492790222168
257,BFGS_MultiStart,1,True,31,0.2698925066951169,0.008028745651245117
257,BFGS_MultiStart,2,True,37,0.26989250669511594,0.01563239097595215
257,BFGS_MultiStart,3,True,58,0.2698925066951142,0.023450374603271484
257,BFGS_MultiStart,4,True,62,0.26989250669511716,0.02272486686706543
258,BFGS_Single,0,True,62,0.29304874119347485,0.026415348052978516
258,BFGS_MultiStart,0,True,36,0.2930487411934806,0.015426397323608398
258,BFGS_MultiStart,1,True,62,0.2930487411934851,0.02230095863342285
258,BFGS_MultiStart,2,True,39,0.2930487411934697,0.014774322509765625
258,BFGS_MultiStart,3,True,24,0.2930487411934713,0.007718324661254883
258,BFGS_MultiStart,4,True,37,0.2930487411934747,0.015034675598144531
259,BFGS_Single,0,True,36,0.23436421751062608,0.01480245590209961
259,BFGS_MultiStart,0,True,38,0.23436421751062733,0.017489910125732422
259,BFGS_MultiStart,1,True,36,0.23436421751062606,0.014612436294555664
259,BFGS_MultiStart,2,True,34,0.23436421751062733,0.014330863952636719
259,BFGS_MultiStart,3,True,56,0.23436421751063227,0.015522480010986328
259,BFGS_MultiStart,4,True,36,0.23436421751062292,0.010980606079101562
260,BFGS_Single,0,True,32,0.25318239778940604,0.011889219284057617
260,BFGS_MultiStart,0,True,43,0.25318239778941193,0.016409873962402344
260,BFGS_MultiStart,1,True,36,0.253182397789424,0.014402627944946289
260,BFGS_MultiStart,2,True,34,0.25318239778942386,0.014274835586547852
260,BFGS_MultiStart,3,True,33,0.25318239778940976,0.013020515441894531
260,BFGS_MultiStart,4,True,39,0.25318239778941065,0.014291524887084961
261,BFGS_Single,0,True,33,0.2755841580555686,0.008484840393066406
261,BFGS_MultiStart,0,True,35,0.27558415805556774,0.014802932739257812
261,BFGS_MultiStart,1,True,39,0.27558415805556596,0.015559911727905273
261,BFGS_MultiStart,2,True,64,0.2755841580555713,0.024050235748291016
261,BFGS_MultiStart,3,True,37,0.2755841580555686,0.014918088912963867
261,BFGS_MultiStart,4,True,34,0.2755841580555671,0.011552572250366211
262,BFGS_Single,0,True,34,0.2549085155173745,0.012808084487915039
262,BFGS_MultiStart,0,True,37,0.25490851551736726,0.014694929122924805
262,BFGS_MultiStart,1,True,62,0.25490851551736904,0.02051687240600586
262,BFGS_MultiStart,2,True,38,0.2549085155173648,0.012185096740722656
262,BFGS_MultiStart,3,True,47,0.25490851551736393,0.012574195861816406
262,BFGS_MultiStart,4,True,49,0.25490851551736593,0.01188802719116211
263,BFGS_Single,0,True,32,0.26231398792035593,0.010392189025878906
263,BFGS_MultiStart,0,True,35,0.2623139879203595,0.011313438415527344
263,BFGS_MultiStart,1,True,38,0.2623139879203574,0.011500835418701172
263,BFGS_MultiStart,2,True,41,0.2623139879203545,0.011304616928100586
263,BFGS_MultiStart,3,True,37,0.2623139879203533,0.011966705322265625
263,BFGS_MultiStart,4,True,58,0.2623139879203554,0.013716697692871094
264,BFGS_Single,0,True,39,0.24037806016536173,0.010593652725219727
264,BFGS_MultiStart,0,True,37,0.24037806016535268,0.011139869689941406
264,BFGS_MultiStart,1,True,59,0.24037806016535138,0.016242027282714844
264,BFGS_MultiStart,2,True,35,0.24037806016535102,0.010854005813598633
264,BFGS_MultiStart,3,True,36,0.24037806016535737,0.010792016983032227
264,BFGS_MultiStart,4,True,61,0.24037806016535446,0.016222476959228516
265,BFGS_Single,0,True,34,0.26574710556529585,0.009638786315917969
265,BFGS_MultiStart,0,False,68,0.2657471055653024,0.012083768844604492
265,BFGS_MultiStart,1,True,64,0.26574710556529696,0.017913103103637695
265,BFGS_MultiStart,2,True,78,0.2657471055652965,0.017421483993530273
265,BFGS_MultiStart,3,True,36,0.26574710556529874,0.009917020797729492
265,BFGS_MultiStart,4,True,33,0.2657471055653009,0.009928226470947266
266,BFGS_Single,0,True,34,0.2148612047418729,0.009729862213134766
266,BFGS_MultiStart,0,True,39,0.2148612047418728,0.019391775131225586
266,BFGS_MultiStart,1,True,37,0.2148612047418717,0.01329660415649414
266,BFGS_MultiStart,2,True,35,0.21486120474186987,0.02024054527282715
266,BFGS_MultiStart,3,True,35,0.21486120474187537,0.021588802337646484
266,BFGS_MultiStart,4,True,42,0.21486120474187229,0.018695592880249023
267,BFGS_Single,0,True,39,0.23597857693841387,0.0229644775390625
267,BFGS_MultiStart,0,True,41,0.23597857693841953,0.02146148681640625
267,BFGS_MultiStart,1,True,39,0.23597857693841132,0.024498462677001953
267,BFGS_MultiStart,2,True,37,0.23597857693848398,0.022765636444091797
267,BFGS_MultiStart,3,True,32,0.23597857693841473,0.017167329788208008
267,BFGS_MultiStart,4,True,42,0.2359785769384203,0.022611618041992188
268,BFGS_Single,0,True,33,0.25878367911768874,0.016529321670532227
268,BFGS_MultiStart,0,True,67,0.2587836791176921,0.03416752815246582
268,BFGS_MultiStart,1,True,57,0.25878367911768585,0.028650283813476562
268,BFGS_MultiStart,2,True,33,0.2587836791176897,0.016561269760131836
268,BFGS_MultiStart,3,True,34,0.2587836791176826,0.021032333374023438
268,BFGS_MultiStart,4,True,34,0.25878367911769157,0.018225431442260742
269,BFGS_Single,0,True,47,0.23395078620300952,0.019947052001953125
269,BFGS_MultiStart,0,True,37,0.23395078620301646,0.022150039672851562
269,BFGS_MultiStart,1,True,39,0.23395078620301488,0.029986858367919922
269,BFGS_MultiStart,2,True,67,0.23395078620301,0.03975367546081543
269,BFGS_MultiStart,3,True,52,0.23395078620301338,0.021245479583740234
269,BFGS_MultiStart,4,True,35,0.23395078620301235,0.010282278060913086
270,BFGS_Single,0,True,64,0.20519548723463366,0.016330957412719727
270,BFGS_MultiStart,0,True,60,0.2051954872346313,0.027049779891967773
270,BFGS_MultiStart,1,True,36,0.20519548723463432,0.02300405502319336
270,BFGS_MultiStart,2,True,30,0.2051954872347923,0.022570371627807617
270,BFGS_MultiStart,3,True,56,0.20519548723509068,0.02300739288330078
270,BFGS_MultiStart,4,True,35,0.2051954872346314,0.013477325439453125
271,BFGS_Single,0,True,36,0.287430479880301,0.020244121551513672
271,BFGS_MultiStart,0,False,59,0.28743047988030157,0.035375118255615234
271,BFGS_MultiStart,1,True,40,0.2874304798803017,0.018673181533813477
271,BFGS_MultiStart,2,True,58,0.28743047988030324,0.022934675216674805
271,BFGS_MultiStart,3,True,37,0.2874304798803025,0.018533945083618164
271,BFGS_MultiStart,4,True,38,0.28743047988053105,0.01558685302734375
272,BFGS_Single,0,True,30,0.2090994963937927,0.01327061653137207
272,BFGS_MultiStart,0,True,33,0.20909949639374756,0.02675032615661621
272,BFGS_MultiStart,1,True,44,0.20909949639375003,0.02942681312561035
272,BFGS_MultiStart,2,True,56,0.2090994963937488,0.03011155128479004
272,BFGS_MultiStart,3,False,72,0.20909949639375083,0.030001163482666016
272,BFGS_MultiStart,4,True,34,0.20909949639375522,0.022063255310058594
273,BFGS_Single,0,True,33,0.23186493341539705,0.021448373794555664
273,BFGS_MultiStart,0,True,36,0.23186493341539857,0.021077394485473633
273,BFGS_MultiStart,1,True,35,0.2318649334157709,0.020331859588623047
273,BFGS_MultiStart,2,True,39,0.23186493341541498,0.023882150650024414
273,BFGS_MultiStart,3,True,33,0.23186493341539757,0.02316594123840332
273,BFGS_MultiStart,4,True,34,0.23186493341539965,0.02433490753173828
274,BFGS_Single,0,True,34,0.1895950614424955,0.02146148681640625
274,BFGS_MultiStart,0,True,54,0.18959506144249558,0.03259420394897461
274,BFGS_MultiStart,1,True,41,0.1895950614424944,0.029254436492919922
274,BFGS_MultiStart,2,True,36,0.18959506144249463,0.022221088409423828
274,BFGS_MultiStart,3,True,77,0.18959506144248914,0.0384519100189209
274,BFGS_MultiStart,4,True,60,0.1895950614424958,0.030426025390625
275,BFGS_Single,0,True,36,0.24057860497819367,0.01755380630493164
275,BFGS_MultiStart,0,True,64,0.24057860497820305,0.030749082565307617
275,BFGS_MultiStart,1,True,41,0.2405786049781973,0.02074885368347168
275,BFGS_MultiStart,2,True,36,0.24057860497819644,0.017226696014404297
275,BFGS_MultiStart,3,True,34,0.24057860497820213,0.01639533042907715
275,BFGS_MultiStart,4,True,60,0.2405786049781973,0.025988340377807617
276,BFGS_Single,0,True,40,0.25582898522470154,0.021173477172851562
276,BFGS_MultiStart,0,True,39,0.25582898522469766,0.017978429794311523
276,BFGS_MultiStart,1,True,78,0.25582898522470116,0.034413814544677734
276,BFGS_MultiStart,2,True,35,0.2558289852247,0.0179595947265625
276,BFGS_MultiStart,3,True,66,0.2558289852246974,0.01730632781982422
276,BFGS_MultiStart,4,True,64,0.2558289852246977,0.01593184471130371
277,BFGS_Single,0,True,34,0.25763851254460257,0.013762950897216797
277,BFGS_MultiStart,0,True,37,0.2576385125446021,0.019842147827148438
277,BFGS_MultiStart,1,True,33,0.2576385125446055,0.015581130981445312
277,BFGS_MultiStart,2,True,34,0.257638512544602,0.008569002151489258
277,BFGS_MultiStart,3,True,39,0.2576385125446043,0.010196447372436523
277,BFGS_MultiStart,4,True,66,0.25763851254459985,0.021277904510498047
278,BFGS_Single,0,True,32,0.17559410170893056,0.01250600814819336
278,BFGS_MultiStart,0,True,53,0.17559410170892617,0.030161380767822266
278,BFGS_MultiStart,1,True,56,0.17559410170893178,0.02360224723815918
278,BFGS_MultiStart,2,True,39,0.17559410170892745,0.020406723022460938
278,BFGS_MultiStart,3,True,35,0.17559410170892994,0.021547555923461914
278,BFGS_MultiStart,4,True,26,0.17559410170892883,0.014668941497802734
279,BFGS_Single,0,True,33,0.23058215043836117,0.024423599243164062
279,BFGS_MultiStart,0,True,36,0.23058215043836158,0.02201223373413086
279,BFGS_MultiStart,1,True,61,0.23058215043835523,0.03522181510925293
279,BFGS_MultiStart,2,True,36,0.2305821504383578,0.024028301239013672
279,BFGS_MultiStart,3,True,33,0.23058215043835847,0.01613759994506836
279,BFGS_MultiStart,4,True,36,0.230582150438361,0.019660472869873047
280,BFGS_Single,0,True,59,0.24372424277263985,0.026370525360107422
280,BFGS_MultiStart,0,True,35,0.24372424277263577,0.019779205322265625
280,BFGS_MultiStart,1,True,31,0.24372424277263657,0.012590169906616211
280,BFGS_MultiStart,2,True,51,0.24372424277264088,0.01515507698059082
280,BFGS_MultiStart,3,True,34,0.24372424277263738,0.012912988662719727
280,BFGS_MultiStart,4,True,37,0.24372424277264193,0.018169403076171875
281,BFGS_Single,0,True,33,0.24270260802002977,0.014922142028808594
281,BFGS_MultiStart,0,True,35,0.24270260802002666,0.012682914733886719
281,BFGS_MultiStart,1,True,39,0.24270260802002175,0.015113115310668945
281,BFGS_MultiStart,2,True,48,0.24270260802001783,0.014032363891601562
281,BFGS_MultiStart,3,True,93,0.24270260802001845,0.029278278350830078
281,BFGS_MultiStart,4,True,34,0.2427026080200233,0.014274358749389648
282,BFGS_Single,0,True,33,0.2121044341439404,0.010912418365478516
282,BFGS_MultiStart,0,True,39,0.21210443414393873,0.011709451675415039
282,BFGS_MultiStart,1,True,39,0.2121044341439506,0.013622045516967773
282,BFGS_MultiStart,2,True,38,0.21210443414394525,0.010832071304321289
282,BFGS_MultiStart,3,True,42,0.21210443414394012,0.011779069900512695
282,BFGS_MultiStart,4,True,42,0.212104434143942,0.013755083084106445
283,BFGS_Single,0,True,63,0.286134884189537,0.01577305793762207
283,BFGS_MultiStart,0,True,41,0.28613488418953587,0.01423954963684082
283,BFGS_MultiStart,1,False,69,0.28613488418953675,0.015325069427490234
283,BFGS_MultiStart,2,True,31,0.28613488418953975,0.009922981262207031
283,BFGS_MultiStart,3,True,38,0.2861348841895371,0.010344743728637695
283,BFGS_MultiStart,4,True,41,0.286134884189541,0.016652345657348633
284,BFGS_Single,0,True,41,0.25546171033021214,0.01902008056640625
284,BFGS_MultiStart,0,True,38,0.25546171033020687,0.025113582611083984
284,BFGS_MultiStart,1,True,31,0.25546171033020604,0.03148603439331055
284,BFGS_MultiStart,2,True,34,0.25546171033021037,0.03633475303649902
284,BFGS_MultiStart,3,True,60,0.2554617103302092,0.032675981521606445
284,BFGS_MultiStart,4,True,35,0.2554617103302063,0.01787567138671875
285,BFGS_Single,0,True,37,0.27915692234093376,0.016181230545043945
285,BFGS_MultiStart,0,True,41,0.27915692234093603,0.01362919807434082
285,BFGS_MultiStart,1,True,57,0.27915692234092854,0.014415502548217773
285,BFGS_MultiStart,2,True,60,0.27915692234093453,0.016762733459472656
285,BFGS_MultiStart,3,True,52,0.2791569223409303,0.01181936264038086
285,BFGS_MultiStart,4,True,37,0.27915692234092504,0.011611700057983398
286,BFGS_Single,0,True,31,0.2910112234614471,0.009862899780273438
286,BFGS_MultiStart,0,True,38,0.2910112234614507,0.014003992080688477
286,BFGS_MultiStart,1,True,55,0.2910112234614504,0.02847743034362793
286,BFGS_MultiStart,2,True,72,0.2910112234614446,0.024016618728637695
286,BFGS_MultiStart,3,True,34,0.29101122346144925,0.01409602165222168
286,BFGS_MultiStart,4,True,66,0.2910112234614491,0.05214548110961914
287,BFGS_Single,0,True,59,0.29591272150031034,0.046006202697753906
287,BFGS_MultiStart,0,True,64,0.29591272150031095,0.04233407974243164
287,BFGS_MultiStart,1,True,35,0.2959127215003099,0.018770694732666016
287,BFGS_MultiStart,2,True,37,0.2959127215003085,0.017265796661376953
287,BFGS_MultiStart,3,True,38,0.2959127215003098,0.016559362411499023
287,BFGS_MultiStart,4,False,90,0.29591272150030595,0.022638320922851562
288,BFGS_Single,0,True,41,0.20844257384588108,0.01851654052734375
288,BFGS_MultiStart,0,True,68,0.20844257384588225,0.03297710418701172
288,BFGS_MultiStart,1,True,38,0.2084425738458798,0.014533758163452148
288,BFGS_MultiStart,2,True,62,0.20844257384587941,0.024303436279296875
288,BFGS_MultiStart,3,True,37,0.20844257384587916,0.012161731719970703
288,BFGS_MultiStart,4,True,70,0.20844257384587897,0.02617621421813965
289,BFGS_Single,0,True,43,0.17099711294438938,0.018410682678222656
289,BFGS_MultiStart,0,True,39,0.17099711294439357,0.01602959632873535
289,BFGS_MultiStart,1,True,29,0.17099711294440234,0.01373147964477539
289,BFGS_MultiStart,2,True,38,0.17099711294438616,0.01827383041381836
289,BFGS_MultiStart,3,True,57,0.17099711294438782,0.020908117294311523
289,BFGS_MultiStart,4,True,35,0.1709971129443866,0.011893272399902344
290,BFGS_Single,0,True,35,0.24595455660824364,0.011367082595825195
290,BFGS_MultiStart,0,True,35,0.2459545566082444,0.013744354248046875
290,BFGS_MultiStart,1,True,29,0.24595455660824408,0.013509750366210938
290,BFGS_MultiStart,2,True,55,0.24595455660824736,0.027065753936767578
290,BFGS_MultiStart,3,True,52,0.24595455660824259,0.018654346466064453
290,BFGS_MultiStart,4,True,31,0.2459545566082473,0.01139378547668457
291,BFGS_Single,0,True,36,0.25269737056525443,0.02215886116027832
291,BFGS_MultiStart,0,True,40,0.2526973705652611,0.021589994430541992
291,BFGS_MultiStart,1,True,30,0.25269737056525793,0.020168066024780273
291,BFGS_MultiStart,2,True,53,0.25269737056525676,0.029968976974487305
291,BFGS_MultiStart,3,True,53,0.2526973705652517,0.02140069007873535
291,BFGS_MultiStart,4,True,40,0.25269737056526065,0.02103877067565918
292,BFGS_Single,0,True,35,0.31936644152688914,0.01565241813659668
292,BFGS_MultiStart,0,True,60,0.319366441526891,0.026747703552246094
292,BFGS_MultiStart,1,True,35,0.31936644152688254,0.017963886260986328
292,BFGS_MultiStart,2,True,45,0.3193664415268809,0.021519184112548828
292,BFGS_MultiStart,3,True,53,0.31936644152688476,0.018861055374145508
292,BFGS_MultiStart,4,True,38,0.3193664415268864,0.016899585723876953
293,BFGS_Single,0,True,36,0.20430834163154943,0.018620729446411133
293,BFGS_MultiStart,0,True,41,0.20430834163153505,0.016877174377441406
293,BFGS_MultiStart,1,True,35,0.2043083416315332,0.015329122543334961
293,BFGS_MultiStart,2,True,37,0.20430834163153624,0.014365673065185547
293,BFGS_MultiStart,3,True,59,0.2043083416315445,0.020928144454956055
293,BFGS_MultiStart,4,True,56,0.20430834163153383,0.018478870391845703
294,BFGS_Single,0,True,64,0.2555722174623074,0.022275686264038086
294,BFGS_MultiStart,0,True,33,0.2555722174623078,0.013994216918945312
294,BFGS_MultiStart,1,True,64,0.25557221746230513,0.022092103958129883
294,BFGS_MultiStart,2,True,37,0.2555722174663537,0.014613866806030273
294,BFGS_MultiStart,3,True,37,0.2556461241728043,0.012592077255249023
294,BFGS_MultiStart,4,True,34,0.2555722174623028,0.015923500061035156
295,BFGS_Single,0,True,55,0.21603247718038354,0.021436691284179688
295,BFGS_MultiStart,0,True,40,0.21603247718038254,0.016408443450927734
295,BFGS_MultiStart,1,True,33,0.2160324771803864,0.014620065689086914
295,BFGS_MultiStart,2,True,53,0.21603247718038135,0.023175954818725586
295,BFGS_MultiStart,3,True,33,0.2160324771803849,0.01748967170715332
295,BFGS_MultiStart,4,True,40,0.21603247718038612,0.01762843132019043
296,BFGS_Single,0,True,54,0.28340789291434054,0.022614002227783203
296,BFGS_MultiStart,0,True,35,0.2834078929143397,0.01994633674621582
296,BFGS_MultiStart,1,True,73,0.28340789291433977,0.02725505828857422
296,BFGS_MultiStart,2,True,37,0.28340789291433616,0.017920255661010742
296,BFGS_MultiStart,3,True,63,0.28340789291434115,0.022180795669555664
296,BFGS_MultiStart,4,True,37,0.28340789291434204,0.01752924919128418
297,BFGS_Single,0,True,56,0.2625939604469743,0.015152692794799805
297,BFGS_MultiStart,0,True,35,0.2625939604469747,0.014841556549072266
297,BFGS_MultiStart,1,True,60,0.2625939604469756,0.0220034122467041
297,BFGS_MultiStart,2,True,57,0.26259396044697536,0.024976253509521484
297,BFGS_MultiStart,3,True,64,0.26259396044697536,0.03319859504699707
297,BFGS_MultiStart,4,True,64,0.26259396044697647,0.029147624969482422
298,BFGS_Single,0,True,62,0.20664518418888106,0.023410558700561523
298,BFGS_MultiStart,0,True,31,0.20664518418887695,0.019936800003051758
298,BFGS_MultiStart,1,True,63,0.2066451841888783,0.040616750717163086
298,BFGS_MultiStart,2,True,36,0.2066451841888783,0.021164655685424805
298,BFGS_MultiStart,3,True,60,0.20664518418887662,0.04145550727844238
298,BFGS_MultiStart,4,True,33,0.2066451841888827,0.016296863555908203
299,BFGS_Single,0,True,34,0.21817622638833492,0.014756202697753906
299,BFGS_MultiStart,0,True,35,0.2181762263883358,0.013566970825195312
299,BFGS_MultiStart,1,True,52,0.21817622638833437,0.015653133392333984
299,BFGS_MultiStart,2,True,36,0.21817622638833592,0.016734600067138672
299,BFGS_MultiStart,3,True,36,0.21817622638833428,0.015087366104125977
299,BFGS_MultiStart,4,True,64,0.21817622638833112,0.026627302169799805
300,BFGS_Single,0,True,36,0.2917875694563738,0.017693519592285156
300,BFGS_MultiStart,0,True,38,0.29178756945638035,0.015272855758666992
300,BFGS_MultiStart,1,True,59,0.29178756945637047,0.021814346313476562
300,BFGS_MultiStart,2,True,62,0.29178756945636747,0.024430513381958008
300,BFGS_MultiStart,3,True,36,0.29178756945637496,0.01849651336669922
300,BFGS_MultiStart,4,True,33,0.29178756945637263,0.01973104476928711
301,BFGS_Single,0,True,41,0.2386517709484317,0.019188642501831055
301,BFGS_MultiStart,0,True,65,0.23865177094842968,0.02982306480407715
301,BFGS_MultiStart,1,True,35,0.23865177094842896,0.015781879425048828
301,BFGS_MultiStart,2,True,33,0.23865177094843104,0.011069059371948242
301,BFGS_MultiStart,3,True,35,0.23865177094843157,0.013777494430541992
301,BFGS_MultiStart,4,True,60,0.23865177094843015,0.027876853942871094
302,BFGS_Single,0,True,58,0.2600767971218572,0.02630925178527832
302,BFGS_MultiStart,0,True,66,0.2600767971218581,0.02803325653076172
302,BFGS_MultiStart,1,True,59,0.26007679712186854,0.027499914169311523
302,BFGS_MultiStart,2,True,68,0.2600767971218646,0.023409366607666016
302,BFGS_MultiStart,3,True,28,0.26007679712186427,0.009985685348510742
302,BFGS_MultiStart,4,True,35,0.2600767971218652,0.014832496643066406
303,BFGS_Single,0,True,36,0.21069279452729847,0.01603412628173828
303,BFGS_MultiStart,0,True,36,0.21069279452730375,0.015302896499633789
303,BFGS_MultiStart,1,True,38,0.21069279452730277,0.015615701675415039
303,BFGS_MultiStart,2,True,64,0.2106927945272976,0.026155948638916016
303,BFGS_MultiStart,3,True,60,0.21069279452729764,0.021785974502563477
303,BFGS_MultiStart,4,True,60,0.21069279452729542,0.02153468132019043
304,BFGS_Single,0,True,38,0.27063091585717536,0.014815807342529297
304,BFGS_MultiStart,0,True,46,0.27063091585717275,0.016696453094482422
304,BFGS_MultiStart,1,True,27,0.270630915857174,0.011592626571655273
304,BFGS_MultiStart,2,True,34,0.27063091585717775,0.01409769058227539
304,BFGS_MultiStart,3,True,37,0.2706309158571752,0.04252433776855469
304,BFGS_MultiStart,4,True,83,0.2706309158571704,0.05439329147338867
305,BFGS_Single,0,True,80,0.3177707440311382,0.04381108283996582
305,BFGS_MultiStart,0,True,37,0.317770744031144,0.026136398315429688
305,BFGS_MultiStart,1,True,35,0.3177707440311428,0.020621061325073242
305,BFGS_MultiStart,2,True,58,0.3177707440311433,0.028449535369873047
305,BFGS_MultiStart,3,True,38,0.3177707440311471,0.020730018615722656
305,BFGS_MultiStart,4,True,33,0.31777074403114386,0.018966197967529297
306,BFGS_Single,0,True,55,0.23209496333128898,0.026660919189453125
306,BFGS_MultiStart,0,True,35,0.23209496333128649,0.021381378173828125
306,BFGS_MultiStart,1,True,36,0.23209496333129004,0.019716501235961914
306,BFGS_MultiStart,2,True,57,0.2320949633312927,0.0285794734954834
306,BFGS_MultiStart,3,True,63,0.23209496333128388,0.02627849578857422
306,BFGS_MultiStart,4,True,40,0.23209496333128515,0.02198314666748047
307,BFGS_Single,0,True,33,0.2689588566835248,0.014923334121704102
307,BFGS_MultiStart,0,True,36,0.2689588566835226,0.01750349998474121
307,BFGS_MultiStart,1,True,31,0.26895885668352343,0.014177799224853516
307,BFGS_MultiStart,2,True,38,0.26895885668352865,0.018952608108520508
307,BFGS_MultiStart,3,True,37,0.268958856683524,0.017470598220825195
307,BFGS_MultiStart,4,True,32,0.2689588566835292,0.015277385711669922
308,BFGS_Single,0,True,45,0.20328513296358694,0.034528493881225586
308,BFGS_MultiStart,0,True,42,0.2032851329636007,0.025827646255493164
308,BFGS_MultiStart,1,True,30,0.20328513296361453,0.014101982116699219
308,BFGS_MultiStart,2,True,30,0.20328513296358777,0.015315532684326172
308,BFGS_MultiStart,3,True,36,0.20328513296359058,0.01854419708251953
308,BFGS_MultiStart,4,True,57,0.20328513296358733,0.027901411056518555
309,BFGS_Single,0,False,60,0.21199960377956267,0.04768729209899902
309,BFGS_MultiStart,0,True,39,0.21199960377956772,0.023785829544067383
309,BFGS_MultiStart,1,True,32,0.21199960377956656,0.014946222305297852
309,BFGS_MultiStart,2,True,34,0.21199960377956548,0.014033317565917969
309,BFGS_MultiStart,3,True,34,0.21199960377956417,0.017864465713500977
309,BFGS_MultiStart,4,True,36,0.21199960377956603,0.021126270294189453
310,BFGS_Single,0,True,45,0.25932924935509444,0.020928382873535156
310,BFGS_MultiStart,0,True,39,0.25932924935510654,0.017062902450561523
310,BFGS_MultiStart,1,True,39,0.2593292493550971,0.01785111427307129
310,BFGS_MultiStart,2,True,46,0.2593292493551031,0.020699024200439453
310,BFGS_MultiStart,3,True,37,0.2593292493550962,0.015571355819702148
310,BFGS_MultiStart,4,True,51,0.2593292493550964,0.01834583282470703
311,BFGS_Single,0,True,34,0.27188984480779876,0.015459060668945312
311,BFGS_MultiStart,0,True,33,0.2718898448078023,0.01745772361755371
311,BFGS_MultiStart,1,False,64,0.2718898448077986,0.020243167877197266
311,BFGS_MultiStart,2,True,28,0.27188984480780487,0.013908624649047852
311,BFGS_MultiStart,3,True,34,0.27188984480780676,0.014963626861572266
311,BFGS_MultiStart,4,True,54,0.2718898448078052,0.023534536361694336
312,BFGS_Single,0,True,26,0.22167730839461613,0.008198738098144531
312,BFGS_MultiStart,0,True,56,0.22167730834463123,0.02981281280517578
312,BFGS_MultiStart,1,True,66,0.22167730834463423,0.019507646560668945
312,BFGS_MultiStart,2,True,52,0.2216773083446281,0.022716522216796875
312,BFGS_MultiStart,3,True,34,0.22167730834462981,0.012473344802856445
312,BFGS_MultiStart,4,True,38,0.2216773083446321,0.017165422439575195
313,BFGS_Single,0,False,72,0.25838960391959914,0.018802404403686523
313,BFGS_MultiStart,0,True,40,0.25838960391960536,0.015006303787231445
313,BFGS_MultiStart,1,True,43,0.25838960391961424,0.016054153442382812
313,BFGS_MultiStart,2,True,38,0.2583896039196048,0.014236211776733398
313,BFGS_MultiStart,3,True,56,0.2583896039195995,0.017325878143310547
313,BFGS_MultiStart,4,True,39,0.258389603919603,0.010802507400512695
314,BFGS_Single,0,True,35,0.22367322370636222,0.012587785720825195
314,BFGS_MultiStart,0,True,33,0.22367322370636666,0.01356816291809082
314,BFGS_MultiStart,1,True,69,0.22367322370636286,0.020871400833129883
314,BFGS_MultiStart,2,True,63,0.22367322370636922,0.026192426681518555
314,BFGS_MultiStart,3,True,36,0.2236732237063596,0.017222166061401367
314,BFGS_MultiStart,4,True,38,0.22367322370636653,0.01919245719909668
315,BFGS_Single,0,True,37,0.24121067578579017,0.015262365341186523
315,BFGS_MultiStart,0,True,35,0.24121067578578617,0.014115333557128906
315,BFGS_MultiStart,1,True,34,0.24121067578579092,0.013409137725830078
315,BFGS_MultiStart,2,False,62,0.24121067578578198,0.015665292739868164
315,BFGS_MultiStart,3,True,33,0.24121067578578279,0.011916160583496094
315,BFGS_MultiStart,4,True,36,0.24121067578578176,0.01200413703918457
316,BFGS_Single,0,True,38,0.22298000316768446,0.015198707580566406
316,BFGS_MultiStart,0,True,36,0.22298000316768848,0.012559175491333008
316,BFGS_MultiStart,1,True,35,0.22298000316768601,0.01448678970336914
316,BFGS_MultiStart,2,True,57,0.22298000316768915,0.0210573673248291
316,BFGS_MultiStart,3,True,30,0.22298000316768987,0.010902881622314453
316,BFGS_MultiStart,4,True,62,0.2229800031676862,0.01854538917541504
317,BFGS_Single,0,True,31,0.22007745380284818,0.011178970336914062
317,BFGS_MultiStart,0,True,34,0.22007745380284724,0.014340400695800781
317,BFGS_MultiStart,1,True,39,0.2200774538028484,0.011042594909667969
317,BFGS_MultiStart,2,True,36,0.22007745380284835,0.011281728744506836
317,BFGS_MultiStart,3,False,61,0.2200774538028459,0.01863718032836914
317,BFGS_MultiStart,4,True,30,0.22007745380285157,0.007943868637084961
318,BFGS_Single,0,True,38,0.22437822439500035,0.013703346252441406
318,BFGS_MultiStart,0,True,21,0.2243782243950089,0.007740497589111328
318,BFGS_MultiStart,1,True,65,0.22437822439499647,0.022699832916259766
318,BFGS_MultiStart,2,True,64,0.2243782243950032,0.022196292877197266
318,BFGS_MultiStart,3,True,31,0.22437822439501076,0.009266138076782227
318,BFGS_MultiStart,4,True,28,0.22437822439500033,0.008171558380126953
319,BFGS_Single,0,True,63,0.26127672401132046,0.01874566078186035
319,BFGS_MultiStart,0,True,62,0.2612767240113218,0.02697134017944336
319,BFGS_MultiStart,1,True,64,0.26127672401131985,0.03147745132446289
319,BFGS_MultiStart,2,True,38,0.2612767240113197,0.019489288330078125
319,BFGS_MultiStart,3,True,29,0.26127672401132446,0.01107645034790039
319,BFGS_MultiStart,4,False,51,0.26127672401132174,0.018520593643188477
320,BFGS_Single,0,True,31,0.2590834582253367,0.013088226318359375
320,BFGS_MultiStart,0,True,30,0.25908345822534123,0.010294675827026367
320,BFGS_MultiStart,1,True,34,0.2590834582253392,0.013620615005493164
320,BFGS_MultiStart,2,True,69,0.2590834582253422,0.02086043357849121
320,BFGS_MultiStart,3,True,64,0.25908345822533985,0.02053546905517578
320,BFGS_MultiStart,4,True,54,0.2590834582253351,0.014801502227783203
321,BFGS_Single,0,True,33,0.22408471975058886,0.013847589492797852
321,BFGS_MultiStart,0,True,41,0.22408471975042388,0.019192934036254883
321,BFGS_MultiStart,1,True,35,0.22408471975041644,0.018894672393798828
321,BFGS_MultiStart,2,True,42,0.22408471975040806,0.016298294067382812
321,BFGS_MultiStart,3,True,61,0.22408471975041386,0.026543140411376953
321,BFGS_MultiStart,4,False,65,0.22408471975040703,0.02179098129272461
322,BFGS_Single,0,True,29,0.19104322065606788,0.01192617416381836
322,BFGS_MultiStart,0,True,33,0.19104322065606502,0.016785144805908203
322,BFGS_MultiStart,1,True,37,0.1910432206560662,0.023859024047851562
322,BFGS_MultiStart,2,True,35,0.19104322065606646,0.02133345603942871
322,BFGS_MultiStart,3,True,36,0.1910432206560751,0.01842045783996582
322,BFGS_MultiStart,4,True,31,0.19104322065607154,0.01477503776550293
323,BFGS_Single,0,True,32,0.2363487875226947,0.013770103454589844
323,BFGS_MultiStart,0,True,29,0.23634878752269745,0.013021707534790039
323,BFGS_MultiStart,1,True,63,0.23634878752269825,0.02432870864868164
323,BFGS_MultiStart,2,True,33,0.23634878752269903,0.017148256301879883
323,BFGS_MultiStart,3,True,33,0.236348787522695,0.014048576354980469
323,BFGS_MultiStart,4,True,36,0.23634878752269606,0.012722492218017578
324,BFGS_Single,0,True,38,0.26796708656995516,0.016009807586669922
324,BFGS_MultiStart,0,True,68,0.26796708656995344,0.0249636173248291
324,BFGS_MultiStart,1,True,86,0.2679670865699519,0.030910491943359375
324,BFGS_MultiStart,2,True,42,0.2679670865699559,0.021099567413330078
324,BFGS_MultiStart,3,True,40,0.2679670865699558,0.026281356811523438
324,BFGS_MultiStart,4,True,30,0.26796708656995744,0.01641535758972168
325,BFGS_Single,0,True,37,0.21867310358289677,0.022264719009399414
325,BFGS_MultiStart,0,True,34,0.21867310358289221,0.021259307861328125
325,BFGS_MultiStart,1,True,40,0.21867310358289713,0.02306652069091797
325,BFGS_MultiStart,2,True,37,0.21867310358289654,0.021440982818603516
325,BFGS_MultiStart,3,True,31,0.21867310358289385,0.017934322357177734
325,BFGS_MultiStart,4,True,40,0.21867310358289405,0.01967906951904297
326,BFGS_Single,0,True,35,0.20896469001514312,0.017069339752197266
326,BFGS_MultiStart,0,True,39,0.20896469001513188,0.0253145694732666
326,BFGS_MultiStart,1,True,33,0.2089646900151371,0.018807649612426758
326,BFGS_MultiStart,2,True,60,0.2089646900151333,0.03503704071044922
326,BFGS_MultiStart,3,True,43,0.20896469001513285,0.021825313568115234
326,BFGS_MultiStart,4,True,37,0.2089646900151448,0.017757415771484375
327,BFGS_Single,0,True,44,0.24579005884202187,0.024881839752197266
327,BFGS_MultiStart,0,True,34,0.2457900588420258,0.01801300048828125
327,BFGS_MultiStart,1,True,39,0.24579005884201907,0.016768693923950195
327,BFGS_MultiStart,2,True,43,0.24579005884202265,0.027155399322509766
327,BFGS_MultiStart,3,True,34,0.24579005884202176,0.02960205078125
327,BFGS_MultiStart,4,True,35,0.24579005884202695,0.025667667388916016
328,BFGS_Single,0,True,44,0.25247540939545354,0.03682827949523926
328,BFGS_MultiStart,0,True,38,0.25247540939544444,0.027859210968017578
328,BFGS_MultiStart,1,True,33,0.2524754093954499,0.027735233306884766
328,BFGS_MultiStart,2,True,43,0.2524754093954446,0.050859928131103516
328,BFGS_MultiStart,3,True,32,0.2524754093954482,0.019598007202148438
328,BFGS_MultiStart,4,True,32,0.25247540939544416,0.013780832290649414
329,BFGS_Single,0,True,53,0.2428037528447729,0.02294921875
329,BFGS_MultiStart,0,True,39,0.24280375284477207,0.028626203536987305
329,BFGS_MultiStart,1,True,35,0.24280375284477265,0.018934011459350586
329,BFGS_MultiStart,2,True,30,0.242803752844772,0.01536870002746582
329,BFGS_MultiStart,3,True,38,0.24280375284477532,0.016940832138061523
329,BFGS_MultiStart,4,True,35,0.24280375284477673,0.01823902130126953
330,BFGS_Single,0,True,36,0.2765665916418003,0.015499353408813477
330,BFGS_MultiStart,0,True,39,0.2765665916417907,0.023239850997924805
330,BFGS_MultiStart,1,True,61,0.2765665916417976,0.027868270874023438
330,BFGS_MultiStart,2,True,33,0.27656659164181585,0.020774126052856445
330,BFGS_MultiStart,3,True,36,0.2765665916417981,0.021775245666503906
330,BFGS_MultiStart,4,True,64,0.2765665916418004,0.03893733024597168
331,BFGS_Single,0,True,38,0.22914199141103342,0.020046472549438477
331,BFGS_MultiStart,0,True,38,0.22914199141103536,0.01945638656616211
331,BFGS_MultiStart,1,True,59,0.22914199141103234,0.03028130531311035
331,BFGS_MultiStart,2,True,42,0.2291419914112667,0.020199060440063477
331,BFGS_MultiStart,3,True,34,0.22914199141103478,0.010344505310058594
331,BFGS_MultiStart,4,True,34,0.22914199141103395,0.01595783233642578
332,BFGS_Single,0,True,56,0.21941372866156025,0.0243074893951416
332,BFGS_MultiStart,0,True,62,0.2194137286614826,0.033638954162597656
332,BFGS_MultiStart,1,True,53,0.2194137286614897,0.03782773017883301
332,BFGS_MultiStart,2,True,58,0.21941372866147885,0.03511834144592285
332,BFGS_MultiStart,3,True,38,0.2194137286614901,0.020289897918701172
332,BFGS_MultiStart,4,True,62,0.21941372866148867,0.0418546199798584
333,BFGS_Single,0,True,63,0.26382633726714505,0.027298450469970703
333,BFGS_MultiStart,0,True,60,0.2638263372671495,0.0273435115814209
333,BFGS_MultiStart,1,True,55,0.26382633726715254,0.02312445640563965
333,BFGS_MultiStart,2,True,35,0.26382633726714877,0.018653392791748047
333,BFGS_MultiStart,3,True,29,0.26382633726714844,0.017247438430786133
333,BFGS_MultiStart,4,True,23,0.26382633726714616,0.013039112091064453
334,BFGS_Single,0,True,37,0.23355618387305024,0.019785165786743164
334,BFGS_MultiStart,0,True,34,0.23355618387305588,0.019955158233642578
334,BFGS_MultiStart,1,True,27,0.23355618387305496,0.014203310012817383
334,BFGS_MultiStart,2,True,33,0.23355618387305446,0.026155471801757812
334,BFGS_MultiStart,3,True,54,0.2335561838730517,0.03010106086730957
334,BFGS_MultiStart,4,True,69,0.23355618387304894,0.02639937400817871
335,BFGS_Single,0,True,60,0.23314330617350904,0.02597975730895996
335,BFGS_MultiStart,0,True,29,0.23314330617351323,0.013144969940185547
335,BFGS_MultiStart,1,True,35,0.23314330617351234,0.01797962188720703
335,BFGS_MultiStart,2,True,36,0.2331433061735081,0.017132282257080078
335,BFGS_MultiStart,3,True,26,0.23314330617350745,0.010367155075073242
335,BFGS_MultiStart,4,True,53,0.233143306173511,0.024242639541625977
336,BFGS_Single,0,True,43,0.21688054644323573,0.02696394920349121
336,BFGS_MultiStart,0,True,41,0.2168805464432354,0.022330045700073242
336,BFGS_MultiStart,1,True,67,0.21688054644322824,0.04312396049499512
336,BFGS_MultiStart,2,True,37,0.2168805464432251,0.029995441436767578
336,BFGS_MultiStart,3,True,63,0.21688054644323243,0.04546642303466797
336,BFGS_MultiStart,4,True,28,0.21688054644322768,0.016309499740600586
337,BFGS_Single,0,True,36,0.2850741092925448,0.02454090118408203
337,BFGS_MultiStart,0,True,36,0.28507410929254584,0.02172231674194336
337,BFGS_MultiStart,1,True,39,0.28507410929254245,0.024416208267211914
337,BFGS_MultiStart,2,True,55,0.28507410929254956,0.03437924385070801
337,BFGS_MultiStart,3,True,34,0.2850741092925509,0.021402359008789062
337,BFGS_MultiStart,4,True,56,0.2850741092925494,0.03725767135620117
338,BFGS_Single,0,True,58,0.2759812512087176,0.03275012969970703
338,BFGS_MultiStart,0,True,59,0.27598125120871175,0.02543330192565918
338,BFGS_MultiStart,1,True,58,0.27598125120871514,0.027271747589111328
338,BFGS_MultiStart,2,True,33,0.27598125120871086,0.014375686645507812
338,BFGS_MultiStart,3,True,55,0.275981251208713,0.018896102905273438
338,BFGS_MultiStart,4,True,53,0.27598125120871464,0.024778366088867188
339,BFGS_Single,0,True,31,0.18750312717106887,0.01706528663635254
339,BFGS_MultiStart,0,True,60,0.18750312717106857,0.0379941463470459
339,BFGS_MultiStart,1,True,56,0.18750312717106227,0.02929401397705078
339,BFGS_MultiStart,2,True,40,0.18750312717106243,0.02318286895751953
339,BFGS_MultiStart,3,True,37,0.18750312717106443,0.019850492477416992
339,BFGS_MultiStart,4,True,32,0.18750312717106743,0.0208585262298584
340,BFGS_Single,0,True,69,0.26908761109689333,0.03339791297912598
340,BFGS_MultiStart,0,True,34,0.269087611096892,0.018802642822265625
340,BFGS_MultiStart,1,True,41,0.26908761109690654,0.022502899169921875
340,BFGS_MultiStart,2,True,36,0.2690876110968864,0.017276287078857422
340,BFGS_MultiStart,3,True,36,0.2690876110968931,0.018378257751464844
340,BFGS_MultiStart,4,True,34,0.26908761109688895,0.014705657958984375
341,BFGS_Single,0,True,38,0.24331292864956316,0.01768946647644043
341,BFGS_MultiStart,0,True,65,0.2433129286495525,0.028187036514282227
341,BFGS_MultiStart,1,True,67,0.24331292864954715,0.030614376068115234
341,BFGS_MultiStart,2,True,58,0.24331292864954793,0.022180557250976562
341,BFGS_MultiStart,3,True,38,0.243312928649555,0.0174410343170166
341,BFGS_MultiStart,4,True,39,0.2433129286495474,0.019791841506958008
342,BFGS_Single,0,True,59,0.25807639542991506,0.02894115447998047
342,BFGS_MultiStart,0,True,30,0.25807639542991917,0.01806640625
342,BFGS_MultiStart,1,True,36,0.25807639542991473,0.0169832706451416
342,BFGS_MultiStart,2,True,34,0.25807639542991956,0.02285480499267578
342,BFGS_MultiStart,3,True,33,0.2580763954299189,0.0221254825592041
342,BFGS_MultiStart,4,True,69,0.2580763954299199,0.04312324523925781
343,BFGS_Single,0,True,32,0.2721262715153668,0.01920795440673828
343,BFGS_MultiStart,0,True,37,0.2721262715153625,0.021703481674194336
343,BFGS_MultiStart,1,True,53,0.27212627151536256,0.024759769439697266
343,BFGS_MultiStart,2,True,63,0.27212627151536267,0.03203153610229492
343,BFGS_MultiStart,3,True,38,0.2721262715153621,0.02111530303955078
343,BFGS_MultiStart,4,True,37,0.2721262715154941,0.021674633026123047
344,BFGS_Single,0,True,54,0.21505010173596042,0.030587196350097656
344,BFGS_MultiStart,0,True,45,0.2150501017359577,0.033393144607543945
344,BFGS_MultiStart,1,True,76,0.21505010173596195,0.040244102478027344
344,BFGS_MultiStart,2,True,37,0.21505010173596265,0.026973724365234375
344,BFGS_MultiStart,3,True,63,0.21505010173596018,0.03808093070983887
344,BFGS_MultiStart,4,True,40,0.21505010173596187,0.027425289154052734
345,BFGS_Single,0,True,29,0.2571318284395691,0.018906354904174805
345,BFGS_MultiStart,0,False,68,0.25713182843956844,0.0303192138671875
345,BFGS_MultiStart,1,True,60,0.2571318284395656,0.031297922134399414
345,BFGS_MultiStart,2,True,55,0.2571318284395671,0.03636598587036133
345,BFGS_MultiStart,3,True,47,0.2571318284395635,0.03146553039550781
345,BFGS_MultiStart,4,True,38,0.2571318284395744,0.028481483459472656
346,BFGS_Single,0,True,37,0.23988175441385445,0.030820131301879883
346,BFGS_MultiStart,0,True,32,0.23988175441385354,0.023238658905029297
346,BFGS_MultiStart,1,True,68,0.23988175441385123,0.041782379150390625
346,BFGS_MultiStart,2,True,40,0.23988175441384915,0.03203940391540527
346,BFGS_MultiStart,3,True,35,0.23988175441385523,0.026422977447509766
346,BFGS_MultiStart,4,True,36,0.23988175441385376,0.03222250938415527
347,BFGS_Single,0,True,39,0.2059059868094351,0.0604555606842041
347,BFGS_MultiStart,0,True,36,0.20590598680943203,0.026128768920898438
347,BFGS_MultiStart,1,True,37,0.2059059868094375,0.02398681640625
347,BFGS_MultiStart,2,True,36,0.20590598680943514,0.02314591407775879
347,BFGS_MultiStart,3,True,39,0.205905986809433,0.03131890296936035
347,BFGS_MultiStart,4,True,34,0.2059059868094316,0.023986101150512695
348,BFGS_Single,0,True,40,0.23047217969610054,0.02404475212097168
348,BFGS_MultiStart,0,True,34,0.23047217969610076,0.0252835750579834
348,BFGS_MultiStart,1,True,32,0.23047217969610165,0.023716211318969727
348,BFGS_MultiStart,2,True,36,0.2304721796961086,0.026454687118530273
348,BFGS_MultiStart,3,True,38,0.23047217969610062,0.023920536041259766
348,BFGS_MultiStart,4,True,36,0.23047217969610295,0.021204471588134766
349,BFGS_Single,0,True,38,0.2688200371598335,0.03204083442687988
349,BFGS_MultiStart,0,True,37,0.26882003715982666,0.02721714973449707
349,BFGS_MultiStart,1,True,37,0.2688200371598257,0.02929377555847168
349,BFGS_MultiStart,2,True,47,0.26882003715982167,0.02830219268798828
349,BFGS_MultiStart,3,True,61,0.2688200371598243,0.03544211387634277
349,BFGS_MultiStart,4,True,36,0.26882003715983155,0.025890350341796875
350,BFGS_Single,0,True,36,0.27187414926728315,0.030405521392822266
350,BFGS_MultiStart,0,True,43,0.27187414926727876,0.022866010665893555
350,BFGS_MultiStart,1,True,38,0.27187414926728176,0.024442434310913086
350,BFGS_MultiStart,2,True,36,0.27187414926728126,0.024037837982177734
350,BFGS_MultiStart,3,True,34,0.271874149267286,0.02146148681640625
350,BFGS_MultiStart,4,True,32,0.271874149267279,0.020875930786132812
351,BFGS_Single,0,True,37,0.25534290033683943,0.027122974395751953
351,BFGS_MultiStart,0,True,61,0.2553429003368319,0.04274344444274902
351,BFGS_MultiStart,1,True,32,0.2553429003368349,0.018626689910888672
351,BFGS_MultiStart,2,True,26,0.2553429003368415,0.015647411346435547
351,BFGS_MultiStart,3,True,66,0.255342900336846,0.04569125175476074
351,BFGS_MultiStart,4,True,36,0.2553429003368393,0.02474808692932129
352,BFGS_Single,0,True,40,0.186485931962934,0.02631378173828125
352,BFGS_MultiStart,0,True,35,0.18648593196293733,0.027538537979125977
352,BFGS_MultiStart,1,True,59,0.18648593196293273,0.027779340744018555
352,BFGS_MultiStart,2,True,32,0.1864859319629376,0.01928853988647461
352,BFGS_MultiStart,3,True,39,0.18648593196293672,0.03199005126953125
352,BFGS_MultiStart,4,True,31,0.18648593196295843,0.044476985931396484
353,BFGS_Single,0,True,36,0.2571461117462062,0.027672767639160156
353,BFGS_MultiStart,0,True,35,0.2571461117462009,0.027541160583496094
353,BFGS_MultiStart,1,True,31,0.257146111746194,0.02026200294494629
353,BFGS_MultiStart,2,True,37,0.25714611174619856,0.023129701614379883
353,BFGS_MultiStart,3,True,56,0.25714611174620006,0.03555011749267578
353,BFGS_MultiStart,4,True,34,0.25714611174619734,0.037322998046875
354,BFGS_Single,0,True,36,0.1986528797699287,0.026183605194091797
354,BFGS_MultiStart,0,True,30,0.19865287976992488,0.024443387985229492
354,BFGS_MultiStart,1,True,37,0.19865287976992158,0.030965089797973633
354,BFGS_MultiStart,2,True,38,0.19865287976994267,0.02708721160888672
354,BFGS_MultiStart,3,True,60,0.19865287976992818,0.03936004638671875
354,BFGS_MultiStart,4,True,58,0.19865287976992543,0.05326509475708008
355,BFGS_Single,0,True,43,0.29689960900398205,0.05007529258728027
355,BFGS_MultiStart,0,True,36,0.29689960900399315,0.035611629486083984
355,BFGS_MultiStart,1,True,39,0.29689960900398643,0.03843259811401367
355,BFGS_MultiStart,2,True,45,0.2968996090039813,0.03573155403137207
355,BFGS_MultiStart,3,False,69,0.2968996090039817,0.053902626037597656
355,BFGS_MultiStart,4,True,34,0.29689960900398454,0.030673980712890625
356,BFGS_Single,0,True,36,0.22615807743221342,0.03251481056213379
356,BFGS_MultiStart,0,True,33,0.2261580774322123,0.02883124351501465
356,BFGS_MultiStart,1,True,60,0.22615807743221075,0.05041241645812988
356,BFGS_MultiStart,2,True,38,0.22615807743222066,0.04691910743713379
356,BFGS_MultiStart,3,True,61,0.22615807743221467,0.049555063247680664
356,BFGS_MultiStart,4,True,54,0.22615807743221433,0.03577017784118652
357,BFGS_Single,0,True,33,0.2710379573021205,0.016861915588378906
357,BFGS_MultiStart,0,True,37,0.2710379573021186,0.030352115631103516
357,BFGS_MultiStart,1,True,51,0.2710379573021116,0.03845620155334473
357,BFGS_MultiStart,2,True,37,0.27103795730211305,0.03611898422241211
357,BFGS_MultiStart,3,True,35,0.271037957302113,0.028140544891357422
357,BFGS_MultiStart,4,True,37,0.27103795730211305,0.030794382095336914
358,BFGS_Single,0,True,35,0.2533246723755832,0.02950572967529297
358,BFGS_MultiStart,0,True,58,0.25332467237557493,0.04581165313720703
358,BFGS_MultiStart,1,True,63,0.2533246723755798,0.04819822311401367
358,BFGS_MultiStart,2,True,33,0.25332467237558765,0.026129722595214844
358,BFGS_MultiStart,3,True,47,0.25332467237558315,0.02928757667541504
358,BFGS_MultiStart,4,True,36,0.2533246723755823,0.027632713317871094
359,BFGS_Single,0,True,36,0.26376471716833977,0.028100252151489258
359,BFGS_MultiStart,0,False,67,0.26376471716833705,0.03809022903442383
359,BFGS_MultiStart,1,True,55,0.26376471716834654,0.04115891456604004
359,BFGS_MultiStart,2,True,57,0.2637647171683352,0.049393415451049805
359,BFGS_MultiStart,3,True,41,0.26376471716833744,0.023500442504882812
359,BFGS_MultiStart,4,True,66,0.26376471716833594,0.0391392707824707
360,BFGS_Single,0,True,40,0.2098247265790482,0.03014087677001953
360,BFGS_MultiStart,0,True,29,0.20982472657904552,0.02288222312927246
360,BFGS_MultiStart,1,True,58,0.20982472657904488,0.04157567024230957
360,BFGS_MultiStart,2,True,64,0.20982472657908377,0.03948211669921875
360,BFGS_MultiStart,3,True,62,0.20982472657904722,0.03935527801513672
360,BFGS_MultiStart,4,True,58,0.2098247265790523,0.04355955123901367
361,BFGS_Single,0,True,43,0.2584304216448623,0.03933596611022949
361,BFGS_MultiStart,0,True,66,0.25843042164485824,0.03968024253845215
361,BFGS_MultiStart,1,True,39,0.2584304216448643,0.039792537689208984
361,BFGS_MultiStart,2,True,67,0.258430421644858,0.03916645050048828
361,BFGS_MultiStart,3,True,36,0.2584304216448609,0.024333953857421875
361,BFGS_MultiStart,4,True,35,0.2584304216448602,0.025356054306030273
362,BFGS_Single,0,True,37,0.2593944828455454,0.03133034706115723
362,BFGS_MultiStart,0,True,32,0.2593944828455476,0.024727344512939453
362,BFGS_MultiStart,1,True,45,0.25939448284554784,0.030914783477783203
362,BFGS_MultiStart,2,False,61,0.25939448284553956,0.030518531799316406
362,BFGS_MultiStart,3,True,35,0.2593944828455466,0.024829387664794922
362,BFGS_MultiStart,4,True,35,0.2593944828455569,0.020527362823486328
363,BFGS_Single,0,True,64,0.25061063045775217,0.03687787055969238
363,BFGS_MultiStart,0,True,31,0.25061063045775067,0.01757526397705078
363,BFGS_MultiStart,1,True,34,0.25061063045775156,0.02133631706237793
363,BFGS_MultiStart,2,True,32,0.25061063045775056,0.017833709716796875
363,BFGS_MultiStart,3,True,36,0.2506106304577528,0.018437862396240234
363,BFGS_MultiStart,4,True,58,0.25061063045774623,0.0332643985748291
364,BFGS_Single,0,True,63,0.23262111863011192,0.04638791084289551
364,BFGS_MultiStart,0,True,54,0.23262111863011267,0.045983314514160156
364,BFGS_MultiStart,1,True,42,0.23262111863010718,0.025696516036987305
364,BFGS_MultiStart,2,True,43,0.23262111863010765,0.02695631980895996
364,BFGS_MultiStart,3,True,41,0.23262111863010865,0.03817152976989746
364,BFGS_MultiStart,4,True,44,0.23262111863010765,0.0310518741607666
365,BFGS_Single,0,True,37,0.255043285807889,0.021818161010742188
365,BFGS_MultiStart,0,True,56,0.2550432858078917,0.03429675102233887
365,BFGS_MultiStart,1,True,40,0.25504328580793606,0.030944347381591797
365,BFGS_MultiStart,2,True,36,0.2550432858078896,0.023115158081054688
365,BFGS_MultiStart,3,True,63,0.2550432858078967,0.03716325759887695
365,BFGS_MultiStart,4,True,33,0.2550432858078964,0.023438453674316406
366,BFGS_Single,0,True,37,0.23996691136749734,0.02826404571533203
366,BFGS_MultiStart,0,True,59,0.23996691136750464,0.03956794738769531
366,BFGS_MultiStart,1,True,60,0.23996691136749815,0.04166698455810547
366,BFGS_MultiStart,2,True,32,0.2399669113674979,0.028932809829711914
366,BFGS_MultiStart,3,True,41,0.2399669113675013,0.03190112113952637
366,BFGS_MultiStart,4,True,59,0.23996691136749917,0.048728227615356445
367,BFGS_Single,0,True,39,0.20795160223983514,0.025444984436035156
367,BFGS_MultiStart,0,True,35,0.20795160223983594,0.023672819137573242
367,BFGS_MultiStart,1,True,61,0.2079516022398466,0.03947901725769043
367,BFGS_MultiStart,2,True,35,0.20795160223984746,0.023015260696411133
367,BFGS_MultiStart,3,True,34,0.2079516022398353,0.02000713348388672
367,BFGS_MultiStart,4,True,36,0.20795160223984002,0.02608776092529297
368,BFGS_Single,0,True,37,0.20965046287825442,0.029614925384521484
368,BFGS_MultiStart,0,True,32,0.20965046287825684,0.016471385955810547
368,BFGS_MultiStart,1,True,60,0.20965046287825836,0.03601789474487305
368,BFGS_MultiStart,2,True,30,0.2096504628782585,0.015960216522216797
368,BFGS_MultiStart,3,True,48,0.20965046287825492,0.027616500854492188
368,BFGS_MultiStart,4,True,34,0.20965046287825742,0.022558212280273438
369,BFGS_Single,0,True,34,0.28260819786790486,0.01835465431213379
369,BFGS_MultiStart,0,True,53,0.2826081978679114,0.02917647361755371
369,BFGS_MultiStart,1,True,39,0.28260819786790564,0.02893543243408203
369,BFGS_MultiStart,2,True,39,0.2826081978679045,0.02831578254699707
369,BFGS_MultiStart,3,True,64,0.2826081978679124,0.03892397880554199
369,BFGS_MultiStart,4,True,33,0.28260819786790914,0.022240638732910156
370,BFGS_Single,0,True,41,0.22455829450613096,0.03154182434082031
370,BFGS_MultiStart,0,True,46,0.2245582945059328,0.032829999923706055
370,BFGS_MultiStart,1,True,62,0.22455829450592985,0.05124402046203613
370,BFGS_MultiStart,2,True,66,0.22455829450593437,0.05813407897949219
370,BFGS_MultiStart,3,True,76,0.22455829450593007,0.03754472732543945
370,BFGS_MultiStart,4,True,32,0.22455829450592865,0.01705455780029297
371,BFGS_Single,0,True,32,0.17553073937917063,0.01776123046875
371,BFGS_MultiStart,0,True,31,0.17553073937920755,0.0962522029876709
371,BFGS_MultiStart,1,True,41,0.17553073937916994,0.050156593322753906
371,BFGS_MultiStart,2,True,39,0.17553073937916813,0.03368568420410156
371,BFGS_MultiStart,3,True,30,0.17553073937916644,0.02556777000427246
371,BFGS_MultiStart,4,True,34,0.1755307393791686,0.017348766326904297
372,BFGS_Single,0,True,35,0.1823365936374722,0.01916670799255371
372,BFGS_MultiStart,0,True,56,0.1823365936374743,0.029135465621948242
372,BFGS_MultiStart,1,True,36,0.1823365936374693,0.022559642791748047
372,BFGS_MultiStart,2,True,34,0.1823365936374729,0.027334213256835938
372,BFGS_MultiStart,3,True,66,0.1823365936374713,0.03281068801879883
372,BFGS_MultiStart,4,True,54,0.1823365936382097,0.027784109115600586
373,BFGS_Single,0,True,36,0.22629944283491127,0.022625446319580078
373,BFGS_MultiStart,0,True,34,0.22629944283495396,0.017994165420532227
373,BFGS_MultiStart,1,True,33,0.22629944283490988,0.018687725067138672
373,BFGS_MultiStart,2,False,88,0.22629944283490774,0.03961777687072754
373,BFGS_MultiStart,3,True,49,0.22629944283493647,0.026334524154663086
373,BFGS_MultiStart,4,True,41,0.22629944283491527,0.023125410079956055
374,BFGS_Single,0,True,41,0.21712635557796967,0.02164912223815918
374,BFGS_MultiStart,0,True,37,0.2171263555779584,0.02590346336364746
374,BFGS_MultiStart,1,True,63,0.21712635557796195,0.030150651931762695
374,BFGS_MultiStart,2,True,57,0.21712635557813156,0.027108430862426758
374,BFGS_MultiStart,3,True,35,0.21712635557796311,0.019048452377319336
374,BFGS_MultiStart,4,True,32,0.21712635557796278,0.026618242263793945
375,BFGS_Single,0,True,31,0.22638213171414706,0.018833160400390625
375,BFGS_MultiStart,0,True,38,0.22638213171415528,0.029236793518066406
375,BFGS_MultiStart,1,True,32,0.22638213171415258,0.02140522003173828
375,BFGS_MultiStart,2,True,37,0.22638213171415464,0.018793821334838867
375,BFGS_MultiStart,3,True,40,0.22638213171415397,0.03105783462524414
375,BFGS_MultiStart,4,True,63,0.2263821317141525,0.03126835823059082
376,BFGS_Single,0,True,34,0.22993702048054007,0.015990018844604492
376,BFGS_MultiStart,0,True,40,0.22993702048053938,0.018365144729614258
376,BFGS_MultiStart,1,True,37,0.2299370204805357,0.02463078498840332
376,BFGS_MultiStart,2,True,56,0.22993702048054163,0.02390599250793457
376,BFGS_MultiStart,3,True,39,0.22993702048053957,0.019334793090820312
376,BFGS_MultiStart,4,True,30,0.22993702048053577,0.014590263366699219
377,BFGS_Single,0,True,34,0.20481270709144803,0.014037609100341797
377,BFGS_MultiStart,0,True,64,0.20481270709144714,0.03732776641845703
377,BFGS_MultiStart,1,True,36,0.20481270709145655,0.025020599365234375
377,BFGS_MultiStart,2,True,62,0.20481270709144364,0.03876638412475586
377,BFGS_MultiStart,3,True,37,0.20481270709144536,0.02606678009033203
377,BFGS_MultiStart,4,True,59,0.20481270709144211,0.03671550750732422
378,BFGS_Single,0,False,69,0.2329033736323635,0.03695368766784668
378,BFGS_MultiStart,0,True,35,0.23290337363236285,0.024645328521728516
378,BFGS_MultiStart,1,True,30,0.23290337363235847,0.020715951919555664
378,BFGS_MultiStart,2,True,34,0.23290337363236258,0.0181121826171875
378,BFGS_MultiStart,3,True,39,0.2329033736323693,0.02273392677307129
378,BFGS_MultiStart,4,True,37,0.2329033736323597,0.020888805389404297
379,BFGS_Single,0,True,63,0.30130977414819,0.03310227394104004
379,BFGS_MultiStart,0,True,42,0.30130977414818455,0.023422718048095703
379,BFGS_MultiStart,1,True,38,0.30132063499102063,0.017694950103759766
379,BFGS_MultiStart,2,True,36,0.30130977414818816,0.023656845092773438
379,BFGS_MultiStart,3,True,32,0.3013097741481891,0.018233060836791992
379,BFGS_MultiStart,4,True,34,0.30130977414818544,0.03012871742248535
380,BFGS_Single,0,True,36,0.2797237416127882,0.022065162658691406
380,BFGS_MultiStart,0,True,60,0.27972374161278696,0.028821706771850586
380,BFGS_MultiStart,1,True,34,0.2797237416127853,0.015816450119018555
380,BFGS_MultiStart,2,True,35,0.2797237416127968,0.02116107940673828
380,BFGS_MultiStart,3,True,36,0.27972374161278873,0.020331859588623047
380,BFGS_MultiStart,4,True,30,0.2797237416127861,0.014375925064086914
381,BFGS_Single,0,True,59,0.3511165495111384,0.03658556938171387
381,BFGS_MultiStart,0,True,33,0.35111654951113325,0.020308971405029297
381,BFGS_MultiStart,1,True,36,0.351116549511142,0.026114702224731445
381,BFGS_MultiStart,2,True,54,0.35111654951113597,0.033242225646972656
381,BFGS_MultiStart,3,True,39,0.35111654951113846,0.029360294342041016
381,BFGS_MultiStart,4,True,36,0.35111654951113747,0.023909807205200195
382,BFGS_Single,0,True,31,0.25653242739030474,0.019772768020629883
382,BFGS_MultiStart,0,True,34,0.2565324273903066,0.02094244956970215
382,BFGS_MultiStart,1,True,37,0.2565324273903122,0.02522754669189453
382,BFGS_MultiStart,2,True,55,0.2565324273903093,0.031284332275390625
382,BFGS_MultiStart,3,True,34,0.2565324273903039,0.021450519561767578
382,BFGS_MultiStart,4,True,31,0.2565324273903114,0.02167224884033203
383,BFGS_Single,0,True,63,0.2536153834770497,0.04403066635131836
383,BFGS_MultiStart,0,True,37,0.253615383474799,0.026041030883789062
383,BFGS_MultiStart,1,True,65,0.2536153834748058,0.0381779670715332
383,BFGS_MultiStart,2,True,35,0.2536153834747952,0.022094011306762695
383,BFGS_MultiStart,3,True,59,0.2536153834747982,0.0351564884185791
383,BFGS_MultiStart,4,True,25,0.2536153834838112,0.015009641647338867
384,BFGS_Single,0,True,35,0.214339480589537,0.02316117286682129
384,BFGS_MultiStart,0,True,33,0.21433948058953145,0.021430253982543945
384,BFGS_MultiStart,1,True,34,0.21433948058953664,0.022613048553466797
384,BFGS_MultiStart,2,True,42,0.2143394805895301,0.024880409240722656
384,BFGS_MultiStart,3,True,55,0.21433948058953123,0.023296117782592773
384,BFGS_MultiStart,4,True,73,0.21433948058953403,0.06323122978210449
385,BFGS_Single,0,True,38,0.21956493771611763,0.034430742263793945
385,BFGS_MultiStart,0,True,66,0.21956493771611887,0.053290605545043945
385,BFGS_MultiStart,1,True,40,0.21956493771611735,0.04271864891052246
385,BFGS_MultiStart,2,True,38,0.21956493771611807,0.03252816200256348
385,BFGS_MultiStart,3,True,38,0.2195649377161177,0.031842947006225586
385,BFGS_MultiStart,4,True,34,0.2195649377162795,0.03471016883850098
386,BFGS_Single,0,True,29,0.25792377005193584,0.02303028106689453
386,BFGS_MultiStart,0,True,42,0.25792377005193934,0.04196786880493164
386,BFGS_MultiStart,1,True,39,0.25792377005193756,0.03761625289916992
386,BFGS_MultiStart,2,True,58,0.2579237700519352,0.04906654357910156
386,BFGS_MultiStart,3,True,63,0.2579237700519343,0.057290077209472656
386,BFGS_MultiStart,4,True,40,0.2579237700519356,0.0398252010345459
387,BFGS_Single,0,True,57,0.2647878426786798,0.05094194412231445
387,BFGS_MultiStart,0,True,32,0.2647878426786822,0.029333829879760742
387,BFGS_MultiStart,1,False,82,0.26478784267867994,0.051016807556152344
387,BFGS_MultiStart,2,True,61,0.2647878426786845,0.04935860633850098
387,BFGS_MultiStart,3,True,62,0.2647878426786836,0.047419071197509766
387,BFGS_MultiStart,4,True,62,0.2647878426786884,0.0552210807800293
388,BFGS_Single,0,True,33,0.27441943691774306,0.027585744857788086
388,BFGS_MultiStart,0,True,39,0.27441943691773735,0.03177595138549805
388,BFGS_MultiStart,1,True,55,0.2744194369177422,0.03815793991088867
388,BFGS_MultiStart,2,True,46,0.2744194369177426,0.04432797431945801
388,BFGS_MultiStart,3,True,34,0.274419436917744,0.033791542053222656
388,BFGS_MultiStart,4,True,39,0.2744194369177381,0.03656339645385742
389,BFGS_Single,0,True,69,0.27505619930896497,0.0479121208190918
389,BFGS_MultiStart,0,True,58,0.2750561993089723,0.03480100631713867
389,BFGS_MultiStart,1,True,30,0.2750561993089699,0.017887353897094727
389,BFGS_MultiStart,2,True,63,0.275056199308972,0.04403996467590332
389,BFGS_MultiStart,3,True,40,0.27505619930897124,0.037114858627319336
389,BFGS_MultiStart,4,True,32,0.27505619930897146,0.02636122703552246
390,BFGS_Single,0,True,28,0.2302667521451703,0.025376081466674805
390,BFGS_MultiStart,0,True,37,0.23026675214517342,0.0228879451751709
390,BFGS_MultiStart,1,True,33,0.23026675214517092,0.024019241333007812
390,BFGS_MultiStart,2,True,60,0.2302667521451739,0.05353069305419922
390,BFGS_MultiStart,3,True,34,0.23026675214517386,0.027008056640625
390,BFGS_MultiStart,4,False,64,0.2302667521451675,0.030429363250732422
391,BFGS_Single,0,True,59,0.28344247592774,0.04285120964050293
391,BFGS_MultiStart,0,True,40,0.28344247592774,0.047110557556152344
391,BFGS_MultiStart,1,True,61,0.2834424759277414,0.04978156089782715
391,BFGS_MultiStart,2,True,34,0.2834424759277394,0.02516651153564453
391,BFGS_MultiStart,3,True,35,0.28344247592777766,0.02144455909729004
391,BFGS_MultiStart,4,True,41,0.28344247592773836,0.030926942825317383
392,BFGS_Single,0,True,63,0.21382833608509375,0.03934335708618164
392,BFGS_MultiStart,0,True,39,0.2138283360850944,0.027930259704589844
392,BFGS_MultiStart,1,False,63,0.21382833608508584,0.03281974792480469
392,BFGS_MultiStart,2,True,48,0.21382833608508622,0.02643585205078125
392,BFGS_MultiStart,3,True,38,0.21382833608509388,0.029735088348388672
392,BFGS_MultiStart,4,True,38,0.21382833608508986,0.02331399917602539
393,BFGS_Single,0,True,38,0.2632283363601502,0.022393465042114258
393,BFGS_MultiStart,0,True,68,0.2632283363601477,0.052301883697509766
393,BFGS_MultiStart,1,True,29,0.26322833636014986,0.025243520736694336
393,BFGS_MultiStart,2,True,35,0.2632283363601482,0.027240991592407227
393,BFGS_MultiStart,3,True,38,0.2632283363601516,0.02702474594116211
393,BFGS_MultiStart,4,True,36,0.263228336360522,0.024201393127441406
394,BFGS_Single,0,True,29,0.17910629577797857,0.014806509017944336
394,BFGS_MultiStart,0,True,39,0.1791062957779747,0.02789592742919922
394,BFGS_MultiStart,1,True,67,0.17910629577797563,0.04340839385986328
394,BFGS_MultiStart,2,True,29,0.17910629577798087,0.01934671401977539
394,BFGS_MultiStart,3,True,62,0.17910629577797538,0.03885650634765625
394,BFGS_MultiStart,4,True,40,0.17910629577797738,0.02549576759338379
395,BFGS_Single,0,True,38,0.2523598879064963,0.022963285446166992
395,BFGS_MultiStart,0,True,64,0.2523598879064887,0.03888750076293945
395,BFGS_MultiStart,1,True,40,0.2523598879064879,0.03284001350402832
395,BFGS_MultiStart,2,True,36,0.2523598879064885,0.022619247436523438
395,BFGS_MultiStart,3,True,33,0.25235988790648783,0.018203020095825195
395,BFGS_MultiStart,4,True,39,0.25235988790648956,0.030113697052001953
396,BFGS_Single,0,True,63,0.27951392344029796,0.039652347564697266
396,BFGS_MultiStart,0,True,37,0.27951392344029674,0.02652430534362793
396,BFGS_MultiStart,1,True,36,0.27951392344029324,0.023167133331298828
396,BFGS_MultiStart,2,True,66,0.2795139234402896,0.035718679428100586
396,BFGS_MultiStart,3,True,38,0.2795139234402961,0.02217578887939453
396,BFGS_MultiStart,4,True,34,0.2795139234402988,0.02120518684387207
397,BFGS_Single,0,True,53,0.24769755019728737,0.03360605239868164
397,BFGS_MultiStart,0,True,29,0.24769755019728532,0.01781916618347168
397,BFGS_MultiStart,1,True,35,0.24769755019729114,0.02313852310180664
397,BFGS_MultiStart,2,True,58,0.2476975501972882,0.0409088134765625
397,BFGS_MultiStart,3,True,59,0.24769755019729464,0.04335641860961914
397,BFGS_MultiStart,4,True,56,0.2476975501972941,0.03275752067565918
398,BFGS_Single,0,True,39,0.26871042736752093,0.030187606811523438
398,BFGS_MultiStart,0,True,35,0.26871042736752027,0.021427631378173828
398,BFGS_MultiStart,1,True,46,0.26871042736751827,0.025879621505737305
398,BFGS_MultiStart,2,True,36,0.2687104273675192,0.022075891494750977
398,BFGS_MultiStart,3,True,54,0.2687104273675227,0.028319835662841797
398,BFGS_MultiStart,4,True,38,0.2687104273675606,0.021466970443725586
399,BFGS_Single,0,True,44,0.3049467204151505,0.025940656661987305
399,BFGS_MultiStart,0,True,39,0.3049467204151552,0.02486133575439453
399,BFGS_MultiStart,1,True,55,0.30494672041515,0.029876232147216797
399,BFGS_MultiStart,2,True,29,0.3049467204151538,0.017558813095092773
399,BFGS_MultiStart,3,True,31,0.3049467204151544,0.027705907821655273
399,BFGS_MultiStart,4,True,41,0.3049467204151512,0.02599930763244629
400,BFGS_Single,0,True,38,0.2460550672870546,0.02580571174621582
400,BFGS_MultiStart,0,True,35,0.24605506728704596,0.027494430541992188
400,BFGS_MultiStart,1,True,40,0.24605506728705473,0.03258919715881348
400,BFGS_MultiStart,2,True,37,0.246055067287062,0.023613691329956055
400,BFGS_MultiStart,3,True,60,0.24605506728705676,0.038027048110961914
400,BFGS_MultiStart,4,True,36,0.24605506728705676,0.0211637020111084
401,BFGS_Single,0,True,64,0.2265957479053579,0.04564046859741211
401,BFGS_MultiStart,0,True,56,0.22659574790536116,0.03539156913757324
401,BFGS_MultiStart,1,False,64,0.22659574790536072,0.0278933048248291
401,BFGS_MultiStart,2,True,73,0.2265957479053573,0.03284001350402832
401,BFGS_MultiStart,3,True,56,0.2265957479053583,0.028303861618041992
401,BFGS_MultiStart,4,True,33,0.22659574790535894,0.031853675842285156
402,BFGS_Single,0,True,73,0.2913082294217779,0.041883230209350586
402,BFGS_MultiStart,0,True,62,0.29130822942177637,0.04161715507507324
402,BFGS_MultiStart,1,True,62,0.2913082294217818,0.047155141830444336
402,BFGS_MultiStart,2,True,39,0.29130822942178103,0.03336048126220703
402,BFGS_MultiStart,3,True,39,0.29130822942177653,0.03171944618225098
402,BFGS_MultiStart,4,True,34,0.29130822942178203,0.02500009536743164
403,BFGS_Single,0,True,41,0.29078589058760174,0.02763962745666504
403,BFGS_MultiStart,0,True,41,0.2907858905875981,0.03294086456298828
403,BFGS_MultiStart,1,True,33,0.29078589058760307,0.02832937240600586
403,BFGS_MultiStart,2,True,37,0.29078589058760645,0.035620927810668945
403,BFGS_MultiStart,3,True,59,0.29078589058760623,0.05519366264343262
403,BFGS_MultiStart,4,True,57,0.2907858905876063,0.07636904716491699
404,BFGS_Single,0,True,34,0.2344818531971272,0.04012703895568848
404,BFGS_MultiStart,0,True,37,0.23448185319713022,0.044747352600097656
404,BFGS_MultiStart,1,True,50,0.23448185319713372,0.03596019744873047
404,BFGS_MultiStart,2,False,56,0.23448185319713158,0.024141550064086914
404,BFGS_MultiStart,3,True,60,0.2344818531971262,0.04512953758239746
404,BFGS_MultiStart,4,True,36,0.23448185319712592,0.03106689453125
405,BFGS_Single,0,True,37,0.1983424620360398,0.0352938175201416
405,BFGS_MultiStart,0,True,37,0.19834246203603656,0.032752275466918945
405,BFGS_MultiStart,1,True,59,0.19834246203603434,0.044620513916015625
405,BFGS_MultiStart,2,True,35,0.1983424620360355,0.022425413131713867
405,BFGS_MultiStart,3,True,60,0.1983424620360311,0.04918670654296875
405,BFGS_MultiStart,4,True,35,0.1983424620360373,0.027495622634887695
406,BFGS_Single,0,True,55,0.22676737939766947,0.0394744873046875
406,BFGS_MultiStart,0,True,41,0.22676737939766925,0.024343252182006836
406,BFGS_MultiStart,1,True,44,0.2267673793976681,0.02764749526977539
406,BFGS_MultiStart,2,True,64,0.22676737939767277,0.04132986068725586
406,BFGS_MultiStart,3,True,39,0.22676737939767297,0.033785104751586914
406,BFGS_MultiStart,4,True,39,0.22676737939767047,0.02879643440246582
407,BFGS_Single,0,False,88,0.1940271967328755,0.04950547218322754
407,BFGS_MultiStart,0,True,35,0.19402719673287805,0.02970409393310547
407,BFGS_MultiStart,1,True,28,0.19402719673289578,0.014798402786254883
407,BFGS_MultiStart,2,True,59,0.19402719673287952,0.04352617263793945
407,BFGS_MultiStart,3,True,72,0.19402719673287802,0.05524158477783203
407,BFGS_MultiStart,4,True,40,0.19402719673288457,0.031048059463500977
408,BFGS_Single,0,True,39,0.23935060808962594,0.0275876522064209
408,BFGS_MultiStart,0,True,40,0.2393506080896294,0.031822919845581055
408,BFGS_MultiStart,1,True,39,0.23935060808962452,0.030675411224365234
408,BFGS_MultiStart,2,True,64,0.239350608089625,0.04933881759643555
408,BFGS_MultiStart,3,True,65,0.2393506080896281,0.05117058753967285
408,BFGS_MultiStart,4,False,83,0.23935060808962738,0.05527043342590332
409,BFGS_Single,0,True,36,0.22860458229296646,0.03944277763366699
409,BFGS_MultiStart,0,True,37,0.22860458229295988,0.03752875328063965
409,BFGS_MultiStart,1,True,35,0.22860458229296063,0.03542351722717285
409,BFGS_MultiStart,2,True,37,0.22860458229296346,0.037882328033447266
409,BFGS_MultiStart,3,True,36,0.22860458229295935,0.03444719314575195
409,BFGS_MultiStart,4,True,30,0.228604582292964,0.02854776382446289
410,BFGS_Single,0,True,57,0.21132169937366532,0.041872501373291016
410,BFGS_MultiStart,0,True,30,0.21132169937366463,0.04005146026611328
410,BFGS_MultiStart,1,True,33,0.2113216993736653,0.03980731964111328
410,BFGS_MultiStart,2,True,37,0.21132169937366904,0.04506826400756836
410,BFGS_MultiStart,3,True,60,0.2113216993736651,0.05716562271118164
410,BFGS_MultiStart,4,True,63,0.21132169937420617,0.03264975547790527
411,BFGS_Single,0,True,36,0.17604978260896229,0.028773069381713867
411,BFGS_MultiStart,0,True,64,0.176049782608959,0.0465543270111084
411,BFGS_MultiStart,1,True,57,0.17604978260895845,0.0281980037689209
411,BFGS_MultiStart,2,True,29,0.1760497826089608,0.022302627563476562
411,BFGS_MultiStart,3,True,33,0.1760497826089654,0.0301053524017334
411,BFGS_MultiStart,4,True,63,0.17604978260896353,0.06627583503723145
412,BFGS_Single,0,True,39,0.21358832939174727,0.03880882263183594
412,BFGS_MultiStart,0,True,63,0.21358832939174777,0.04909038543701172
412,BFGS_MultiStart,1,True,59,0.21358832939174885,0.04986310005187988
412,BFGS_MultiStart,2,True,33,0.21358832939174682,0.024428129196166992
412,BFGS_MultiStart,3,True,33,0.2135883293917517,0.024988174438476562
412,BFGS_MultiStart,4,True,71,0.21358832939174813,0.0335693359375
413,BFGS_Single,0,True,67,0.2750804961917519,0.03496599197387695
413,BFGS_MultiStart,0,True,35,0.27508049619174213,0.017595767974853516
413,BFGS_MultiStart,1,True,67,0.2750804961917444,0.033298492431640625
413,BFGS_MultiStart,2,True,63,0.2750804961917481,0.037870168685913086
413,BFGS_MultiStart,3,True,43,0.2750804961917482,0.02797675132751465
413,BFGS_MultiStart,4,True,36,0.27508049619175257,0.02930283546447754
414,BFGS_Single,0,True,35,0.1836218587204325,0.03819084167480469
414,BFGS_MultiStart,0,True,39,0.18362185872042724,0.038188934326171875
414,BFGS_MultiStart,1,True,37,0.18362185872043568,0.027420759201049805
414,BFGS_MultiStart,2,True,35,0.18362185872043063,0.02864527702331543
414,BFGS_MultiStart,3,True,67,0.1836218587204298,0.04482007026672363
414,BFGS_MultiStart,4,False,63,0.18362185872042908,0.038866281509399414
415,BFGS_Single,0,True,36,0.2732683260545193,0.02676534652709961
415,BFGS_MultiStart,0,True,37,0.2732683260545176,0.04392647743225098
415,BFGS_MultiStart,1,True,56,0.2732683260545153,0.05877852439880371
415,BFGS_MultiStart,2,True,35,0.2732683260545302,0.021735191345214844
415,BFGS_MultiStart,3,True,32,0.27326832605451545,0.01978445053100586
415,BFGS_MultiStart,4,True,40,0.2732683260545176,0.02445387840270996
416,BFGS_Single,0,True,36,0.22055016229361687,0.023495912551879883
416,BFGS_MultiStart,0,True,44,0.2205501622936164,0.03061389923095703
416,BFGS_MultiStart,1,True,34,0.22055016229362104,0.02115011215209961
416,BFGS_MultiStart,2,True,33,0.22055016229361704,0.028925180435180664
416,BFGS_MultiStart,3,True,41,0.22055016229361799,0.028500795364379883
416,BFGS_MultiStart,4,True,32,0.22055016229361665,0.02301621437072754
417,BFGS_Single,0,True,31,0.26585511282472546,0.03264760971069336
417,BFGS_MultiStart,0,True,78,0.26585511282472263,0.04638218879699707
417,BFGS_MultiStart,1,True,31,0.26585511282472457,0.03641319274902344
417,BFGS_MultiStart,2,True,31,0.2658551128247287,0.062291622161865234
417,BFGS_MultiStart,3,True,57,0.2658551128247246,0.06579256057739258
417,BFGS_MultiStart,4,True,43,0.26585511282472585,0.038773536682128906
418,BFGS_Single,0,True,34,0.2423606097112442,0.022768259048461914
418,BFGS_MultiStart,0,True,54,0.2423606097112486,0.034925222396850586
418,BFGS_MultiStart,1,True,62,0.24236060971126916,0.18707275390625
418,BFGS_MultiStart,2,True,31,0.2423606097112435,0.030632734298706055
418,BFGS_MultiStart,3,True,39,0.24236060971124437,0.029685020446777344
418,BFGS_MultiStart,4,True,37,0.2423606097112422,0.020370006561279297
419,BFGS_Single,0,True,58,0.2580091671636713,0.04302477836608887
419,BFGS_MultiStart,0,True,37,0.2580091671636764,0.02678537368774414
419,BFGS_MultiStart,1,True,69,0.2580091671636623,0.04055523872375488
419,BFGS_MultiStart,2,True,32,0.25800916716367056,0.019778966903686523
419,BFGS_MultiStart,3,True,31,0.2580091671636646,0.01722121238708496
419,BFGS_MultiStart,4,True,61,0.2580091671636669,0.03363609313964844
420,BFGS_Single,0,True,36,0.22217604494127496,0.026488542556762695
420,BFGS_MultiStart,0,True,32,0.22217604494127063,0.024381399154663086
420,BFGS_MultiStart,1,True,44,0.22217604494127202,0.04389452934265137
420,BFGS_MultiStart,2,True,37,0.2221760449412681,0.045654296875
420,BFGS_MultiStart,3,True,36,0.22217604494127102,0.024430274963378906
420,BFGS_MultiStart,4,True,33,0.22217604494127197,0.022145748138427734
421,BFGS_Single,0,True,53,0.22047133798661833,0.02415180206298828
421,BFGS_MultiStart,0,True,32,0.22047133798662158,0.03022933006286621
421,BFGS_MultiStart,1,True,25,0.22047133798661828,0.01403498649597168
421,BFGS_MultiStart,2,True,34,0.22047133798662297,0.015764474868774414
421,BFGS_MultiStart,3,True,61,0.2204713379866214,0.03348255157470703
421,BFGS_MultiStart,4,True,36,0.2204713379866219,0.02269601821899414
422,BFGS_Single,0,True,41,0.29492947693369964,0.021008729934692383
422,BFGS_MultiStart,0,True,34,0.2949294769336995,0.029060840606689453
422,BFGS_MultiStart,1,True,48,0.2949294769336968,0.02309107780456543
422,BFGS_MultiStart,2,True,46,0.2949294769336976,0.023302555084228516
422,BFGS_MultiStart,3,True,34,0.2949294769337026,0.017782926559448242
422,BFGS_MultiStart,4,True,36,0.29492947693370397,0.020837068557739258
423,BFGS_Single,0,True,39,0.3145324183888891,0.02617025375366211
423,BFGS_MultiStart,0,True,38,0.314532418388885,0.021574974060058594
423,BFGS_MultiStart,1,True,23,0.3145324183888889,0.010705709457397461
423,BFGS_MultiStart,2,True,36,0.3145324183888849,0.025825977325439453
423,BFGS_MultiStart,3,True,58,0.31453241838889,0.03199648857116699
423,BFGS_MultiStart,4,True,34,0.31453241838889007,0.0179750919342041
424,BFGS_Single,0,True,43,0.22274322555372283,0.03903317451477051
424,BFGS_MultiStart,0,False,69,0.2227432255537213,0.03981757164001465
424,BFGS_MultiStart,1,True,35,0.2227432255537225,0.0226595401763916
424,BFGS_MultiStart,2,True,39,0.22274322555371884,0.022477149963378906
424,BFGS_MultiStart,3,True,33,0.22274322555372317,0.01814723014831543
424,BFGS_MultiStart,4,True,35,0.2227432255537194,0.019673585891723633
425,BFGS_Single,0,True,40,0.2261576132225851,0.019897937774658203
425,BFGS_MultiStart,0,True,33,0.22615761322258846,0.018555164337158203
425,BFGS_MultiStart,1,True,58,0.22615761322258296,0.020473003387451172
425,BFGS_MultiStart,2,True,37,0.2261576132225881,0.021284818649291992
425,BFGS_MultiStart,3,True,33,0.2261576132225887,0.023862123489379883
425,BFGS_MultiStart,4,True,43,0.22615761322258798,0.02716207504272461
426,BFGS_Single,0,True,37,0.2711709310818939,0.02512073516845703
426,BFGS_MultiStart,0,True,42,0.27117093108189594,0.030585765838623047
426,BFGS_MultiStart,1,True,49,0.2711709310818931,0.02774333953857422
426,BFGS_MultiStart,2,True,50,0.2711709310818922,0.028992891311645508
426,BFGS_MultiStart,3,True,36,0.2711709310818969,0.02437114715576172
426,BFGS_MultiStart,4,True,59,0.2711709310818971,0.03354668617248535
427,BFGS_Single,0,True,63,0.24970435834709157,0.04662752151489258
427,BFGS_MultiStart,0,True,30,0.24970435834708854,0.031884193420410156
427,BFGS_MultiStart,1,True,35,0.2497043583470906,0.032861948013305664
427,BFGS_MultiStart,2,True,37,0.24970435834708612,0.042824745178222656
427,BFGS_MultiStart,3,True,43,0.24970435834708482,0.0358738899230957
427,BFGS_MultiStart,4,True,60,0.24970435834709048,0.056015968322753906
428,BFGS_Single,0,True,43,0.23110149690873594,0.03905177116394043
428,BFGS_MultiStart,0,True,36,0.23110149690872897,0.03250527381896973
428,BFGS_MultiStart,1,False,91,0.23110149690872545,0.04915785789489746
428,BFGS_MultiStart,2,True,35,0.2311014969087257,0.024317026138305664
428,BFGS_MultiStart,3,True,69,0.23110149690872747,0.04937911033630371
428,BFGS_MultiStart,4,True,35,0.23110149690873172,0.0326993465423584
429,BFGS_Single,0,True,30,0.23770718105172572,0.03527212142944336
429,BFGS_MultiStart,0,True,36,0.23770718105178662,0.03744173049926758
429,BFGS_MultiStart,1,True,36,0.2377071810517285,0.03686952590942383
429,BFGS_MultiStart,2,True,35,0.23770718105173597,0.03106689453125
429,BFGS_MultiStart,3,True,57,0.23770718105172725,0.03373575210571289
429,BFGS_MultiStart,4,True,54,0.23770718105173094,0.038806915283203125
430,BFGS_Single,0,True,68,0.25969180305604683,0.04744839668273926
430,BFGS_MultiStart,0,True,40,0.25969180305603945,0.049404144287109375
430,BFGS_MultiStart,1,True,59,0.2596918030560407,0.058409929275512695
430,BFGS_MultiStart,2,True,38,0.25969180305603706,0.0235595703125
430,BFGS_MultiStart,3,True,55,0.25969180305604,0.028705358505249023
430,BFGS_MultiStart,4,True,36,0.25969180305603784,0.0261991024017334
431,BFGS_Single,0,True,36,0.21857419847493367,0.047443389892578125
431,BFGS_MultiStart,0,True,34,0.21857419847491225,0.026489973068237305
431,BFGS_MultiStart,1,True,31,0.21857419847491302,0.034064531326293945
431,BFGS_MultiStart,2,True,54,0.2185741984749204,0.052327632904052734
431,BFGS_MultiStart,3,True,59,0.21857419847490844,0.05104970932006836
431,BFGS_MultiStart,4,True,40,0.21857419847491755,0.03597712516784668
432,BFGS_Single,0,True,38,0.19380773501233528,0.03228020668029785
432,BFGS_MultiStart,0,True,37,0.19380773501233478,0.026772737503051758
432,BFGS_MultiStart,1,True,39,0.19380773501233547,0.024306535720825195
432,BFGS_MultiStart,2,True,40,0.1938077350123339,0.025882482528686523
432,BFGS_MultiStart,3,True,64,0.193807735012335,0.04854774475097656
432,BFGS_MultiStart,4,True,41,0.19380773501237436,0.0327756404876709
433,BFGS_Single,0,True,34,0.23024007712330055,0.027683258056640625
433,BFGS_MultiStart,0,True,67,0.23024007712329644,0.049123525619506836
433,BFGS_MultiStart,1,True,66,0.2302400771232913,0.03494596481323242
433,BFGS_MultiStart,2,True,29,0.23024007712329161,0.01653456687927246
433,BFGS_MultiStart,3,True,37,0.23024007712329353,0.028501510620117188
433,BFGS_MultiStart,4,True,36,0.2302400771232971,0.026653051376342773
434,BFGS_Single,0,True,33,0.25228880406814513,0.022757530212402344
434,BFGS_MultiStart,0,True,36,0.25228880406815635,0.028665542602539062
434,BFGS_MultiStart,1,True,50,0.2522888040681451,0.029841184616088867
434,BFGS_MultiStart,2,True,37,0.25228880406815124,0.024072647094726562
434,BFGS_MultiStart,3,True,39,0.2522888040681459,0.024565458297729492
434,BFGS_MultiStart,4,True,45,0.2522888040681457,0.03310990333557129
435,BFGS_Single,0,True,36,0.23019176976723693,0.029102802276611328
435,BFGS_MultiStart,0,True,36,0.2301917697672458,0.04303860664367676
435,BFGS_MultiStart,1,True,58,0.2301917697672388,0.04251909255981445
435,BFGS_MultiStart,2,True,36,0.23019176976723246,0.029092788696289062
435,BFGS_MultiStart,3,True,59,0.23019176976723493,0.040541887283325195
435,BFGS_MultiStart,4,False,94,0.23019176976723285,0.04468274116516113
436,BFGS_Single,0,True,59,0.2292929447826299,0.03761720657348633
436,BFGS_MultiStart,0,True,43,0.22929294478262774,0.028489351272583008
436,BFGS_MultiStart,1,True,39,0.2292929447826308,0.028420209884643555
436,BFGS_MultiStart,2,True,32,0.22929294478262413,0.014820337295532227
436,BFGS_MultiStart,3,True,37,0.22929294478262524,0.021810054779052734
436,BFGS_MultiStart,4,True,35,0.22929294478262388,0.022760868072509766
437,BFGS_Single,0,True,39,0.2811797201120576,0.026918888092041016
437,BFGS_MultiStart,0,True,35,0.2811797201120608,0.02407360076904297
437,BFGS_MultiStart,1,True,36,0.281179720112057,0.02356433868408203
437,BFGS_MultiStart,2,True,28,0.2811797201120551,0.017829418182373047
437,BFGS_MultiStart,3,True,36,0.28117972011206066,0.023857831954956055
437,BFGS_MultiStart,4,True,59,0.2811797201120565,0.046660661697387695
438,BFGS_Single,0,True,55,0.25046945152438627,0.0590977668762207
438,BFGS_MultiStart,0,True,37,0.25046945152438865,0.03504014015197754
438,BFGS_MultiStart,1,True,33,0.2504694515243867,0.024704456329345703
438,BFGS_MultiStart,2,True,54,0.2504694515243854,0.03998112678527832
438,BFGS_MultiStart,3,True,33,0.2504694515243839,0.028947830200195312
438,BFGS_MultiStart,4,True,43,0.2504694515243891,0.02874135971069336
439,BFGS_Single,0,True,61,0.2363270135587139,0.042120933532714844
439,BFGS_MultiStart,0,True,34,0.23632701355871685,0.028079748153686523
439,BFGS_MultiStart,1,True,37,0.2363270135587156,0.023169517517089844
439,BFGS_MultiStart,2,True,27,0.2363270135587163,0.02082228660583496
439,BFGS_MultiStart,3,True,35,0.23632701355871769,0.021908044815063477
439,BFGS_MultiStart,4,True,35,0.2363270135587159,0.027247905731201172
440,BFGS_Single,0,True,28,0.23442945952841354,0.019518136978149414
440,BFGS_MultiStart,0,True,39,0.23442945952841612,0.028100967407226562
440,BFGS_MultiStart,1,True,38,0.23442945952843733,0.032015323638916016
440,BFGS_MultiStart,2,True,62,0.23442945952841318,0.07229328155517578
440,BFGS_MultiStart,3,True,45,0.2344294595284123,0.03174114227294922
440,BFGS_MultiStart,4,True,39,0.23442945952841845,0.026451826095581055
441,BFGS_Single,0,True,38,0.21645245486225634,0.026394367218017578
441,BFGS_MultiStart,0,True,34,0.21645245486225237,0.026047468185424805
441,BFGS_MultiStart,1,True,34,0.21645245486225453,0.02445054054260254
441,BFGS_MultiStart,2,True,42,0.2164524548622455,0.027456998825073242
441,BFGS_MultiStart,3,True,40,0.21645245486224932,0.0319669246673584
441,BFGS_MultiStart,4,True,56,0.21645245486225045,0.039672136306762695
442,BFGS_Single,0,True,35,0.229267186019721,0.03073740005493164
442,BFGS_MultiStart,0,True,59,0.2292671860197194,0.04374527931213379
442,BFGS_MultiStart,1,True,59,0.22926718601972124,0.03695273399353027
442,BFGS_MultiStart,2,True,34,0.22926718601972365,0.023628950119018555
442,BFGS_MultiStart,3,True,39,0.22926718601971888,0.018506288528442383
442,BFGS_MultiStart,4,True,43,0.22926718601972335,0.021399736404418945
443,BFGS_Single,0,True,58,0.2622002782336544,0.03566336631774902
443,BFGS_MultiStart,0,True,40,0.262200278233655,0.030924081802368164
443,BFGS_MultiStart,1,True,39,0.2622002782336531,0.03467583656311035
443,BFGS_MultiStart,2,True,34,0.2622002782336538,0.02956223487854004
443,BFGS_MultiStart,3,True,44,0.26220027823366254,0.0385286808013916
443,BFGS_MultiStart,4,True,39,0.26220027823365233,0.0398564338684082
444,BFGS_Single,0,True,30,0.23763817174732987,0.025782346725463867
444,BFGS_MultiStart,0,True,34,0.23763817174716512,0.025598526000976562
444,BFGS_MultiStart,1,False,67,0.23763817174715823,0.03837466239929199
444,BFGS_MultiStart,2,True,61,0.23763817174735705,0.048323631286621094
444,BFGS_MultiStart,3,True,66,0.23763817174716426,0.048482656478881836
444,BFGS_MultiStart,4,True,35,0.23763817174716084,0.028556108474731445
445,BFGS_Single,0,True,60,0.2525878743377408,0.052462100982666016
445,BFGS_MultiStart,0,True,61,0.2525878743377474,0.042119503021240234
445,BFGS_MultiStart,1,True,38,0.2525878743377504,0.027858495712280273
445,BFGS_MultiStart,2,True,64,0.25258787433774366,0.03969240188598633
445,BFGS_MultiStart,3,True,33,0.25258787433774255,0.020140409469604492
445,BFGS_MultiStart,4,True,60,0.2525878743377398,0.03142595291137695
446,BFGS_Single,0,True,35,0.2373991429305495,0.025327682495117188
446,BFGS_MultiStart,0,True,37,0.23739914293054806,0.024296045303344727
446,BFGS_MultiStart,1,True,63,0.2373991429305534,0.04068922996520996
446,BFGS_MultiStart,2,True,59,0.23739914293054565,0.034986019134521484
446,BFGS_MultiStart,3,True,23,0.23739914296635867,0.015832185745239258
446,BFGS_MultiStart,4,True,64,0.23739914293054534,0.04053926467895508
447,BFGS_Single,0,True,62,0.25423642709159977,0.05312919616699219
447,BFGS_MultiStart,0,True,40,0.2542364270916642,0.03674054145812988
447,BFGS_MultiStart,1,True,58,0.25423642709159516,0.050605058670043945
447,BFGS_MultiStart,2,True,54,0.2542364270915942,0.057295799255371094
447,BFGS_MultiStart,3,True,61,0.2542364270915961,0.05635666847229004
447,BFGS_MultiStart,4,True,35,0.25423642709159705,0.03492903709411621
448,BFGS_Single,0,True,40,0.19461807661508307,0.04273653030395508
448,BFGS_MultiStart,0,True,35,0.19461807661508973,0.04341268539428711
448,BFGS_MultiStart,1,True,40,0.19461807661509392,0.01907181739807129
448,BFGS_MultiStart,2,True,38,0.1946180766150847,0.02530503273010254
448,BFGS_MultiStart,3,True,28,0.1946180766169824,0.017032623291015625
448,BFGS_MultiStart,4,True,34,0.194618076615085,0.020863771438598633
449,BFGS_Single,0,True,38,0.23785233783285595,0.029562711715698242
449,BFGS_MultiStart,0,True,28,0.23785233783285256,0.01823592185974121
449,BFGS_MultiStart,1,True,33,0.237852337832846,0.023747920989990234
449,BFGS_MultiStart,2,True,33,0.23785233783285087,0.026102304458618164
449,BFGS_MultiStart,3,True,41,0.23785233783285312,0.03129100799560547
449,BFGS_MultiStart,4,True,40,0.23785233783285675,0.03411245346069336
450,BFGS_Single,0,True,35,0.2839124271368398,0.03158235549926758
450,BFGS_MultiStart,0,True,21,0.283912427136821,0.016518592834472656
450,BFGS_MultiStart,1,True,34,0.2839124271368185,0.03565526008605957
450,BFGS_MultiStart,2,True,57,0.2839124271368133,0.05070638656616211
450,BFGS_MultiStart,3,True,34,0.28391242713681847,0.03699302673339844
450,BFGS_MultiStart,4,True,70,0.2839124271368186,0.062346696853637695
451,BFGS_Single,0,True,38,0.30720398143167155,0.039548397064208984
451,BFGS_MultiStart,0,True,64,0.3072039814317551,0.06003546714782715
451,BFGS_MultiStart,1,True,44,0.3072039814316703,0.03962516784667969
451,BFGS_MultiStart,2,True,56,0.3072039814316736,0.05187654495239258
451,BFGS_MultiStart,3,False,74,0.3072039814316696,0.058264732360839844
451,BFGS_MultiStart,4,True,33,0.30720398143167055,0.028623104095458984
452,BFGS_Single,0,True,28,0.26762381500718485,0.03342485427856445
452,BFGS_MultiStart,0,True,32,0.2676238150071835,0.0380704402923584
452,BFGS_MultiStart,1,True,63,0.2676238150071879,0.07363748550415039
452,BFGS_MultiStart,2,True,65,0.26762381500718707,0.08994054794311523
452,BFGS_MultiStart,3,True,39,0.26762381500718685,0.042919158935546875
452,BFGS_MultiStart,4,True,59,0.2676238150071873,0.04142594337463379
453,BFGS_Single,0,True,40,0.17561413541302426,0.030252456665039062
453,BFGS_MultiStart,0,False,93,0.17561413541302168,0.05149507522583008
453,BFGS_MultiStart,1,True,29,0.17561413541428833,0.02234363555908203
453,BFGS_MultiStart,2,True,64,0.17561413541302243,0.03834128379821777
453,BFGS_MultiStart,3,True,34,0.17561413541302628,0.027162551879882812
453,BFGS_MultiStart,4,True,31,0.17561413541302973,0.02766704559326172
454,BFGS_Single,0,True,31,0.2861046142378353,0.02979874610900879
454,BFGS_MultiStart,0,True,62,0.2861046142378368,0.042536258697509766
454,BFGS_MultiStart,1,True,64,0.2861046142378428,0.05788111686706543
454,BFGS_MultiStart,2,True,39,0.28610461423784,0.048108577728271484
454,BFGS_MultiStart,3,True,41,0.28610461423783623,0.039836883544921875
454,BFGS_MultiStart,4,True,57,0.2861046142378372,0.061929941177368164
455,BFGS_Single,0,True,37,0.252500823555732,0.04544687271118164
455,BFGS_MultiStart,0,True,33,0.2525008235557285,0.025029420852661133
455,BFGS_MultiStart,1,True,47,0.25250082355573467,0.035745859146118164
455,BFGS_MultiStart,2,True,36,0.2525008235557443,0.03321528434753418
455,BFGS_MultiStart,3,True,34,0.2525008235557256,0.027905702590942383
455,BFGS_MultiStart,4,True,33,0.25250082355572906,0.027338743209838867
456,BFGS_Single,0,True,40,0.21812031752028171,0.03483104705810547
456,BFGS_MultiStart,0,True,40,0.2181203175202789,0.03460812568664551
456,BFGS_MultiStart,1,True,38,0.21812031752028763,0.03330206871032715
456,BFGS_MultiStart,2,True,54,0.21812031752028133,0.03957080841064453
456,BFGS_MultiStart,3,True,53,0.2181203175202833,0.045378684997558594
456,BFGS_MultiStart,4,True,60,0.21812031752028357,0.04624581336975098
457,BFGS_Single,0,True,40,0.25242699584058126,0.03386521339416504
457,BFGS_MultiStart,0,True,32,0.2524269958405842,0.031932830810546875
457,BFGS_MultiStart,1,True,62,0.2524269958405816,0.058034658432006836
457,BFGS_MultiStart,2,True,36,0.2524269958405868,0.03366565704345703
457,BFGS_MultiStart,3,True,41,0.2524269958405825,0.04199051856994629
457,BFGS_MultiStart,4,True,34,0.2524269958405848,0.03476452827453613
458,BFGS_Single,0,True,42,0.28523484936061655,0.034322261810302734
458,BFGS_MultiStart,0,True,39,0.2852348493606204,0.03924918174743652
458,BFGS_MultiStart,1,True,49,0.28523484936061444,0.035300254821777344
458,BFGS_MultiStart,2,True,38,0.28523484936061844,0.028786897659301758
458,BFGS_MultiStart,3,True,66,0.28523484936061805,0.05036211013793945
458,BFGS_MultiStart,4,True,35,0.28523484936061644,0.02826833724975586
459,BFGS_Single,0,True,43,0.3060546556212441,0.031193017959594727
459,BFGS_MultiStart,0,True,31,0.30605465561984857,0.022544145584106445
459,BFGS_MultiStart,1,True,26,0.3060546556198523,0.021436214447021484
459,BFGS_MultiStart,2,True,62,0.30605465561984235,0.041124582290649414
459,BFGS_MultiStart,3,True,62,0.3060546556198408,0.036070823669433594
459,BFGS_MultiStart,4,False,67,0.3060546556198504,0.04154205322265625
460,BFGS_Single,0,True,60,0.3095207901169407,0.04355955123901367
460,BFGS_MultiStart,0,True,39,0.30952079011693695,0.03617739677429199
460,BFGS_MultiStart,1,True,58,0.30952079011693817,0.06858634948730469
460,BFGS_MultiStart,2,True,46,0.3095207901169351,0.042617082595825195
460,BFGS_MultiStart,3,True,64,0.309520790116941,0.06065630912780762
460,BFGS_MultiStart,4,False,53,0.30952079011693645,0.04410362243652344
461,BFGS_Single,0,True,43,0.23023146828840396,0.03849220275878906
461,BFGS_MultiStart,0,True,39,0.23023146828839816,0.0359339714050293
461,BFGS_MultiStart,1,True,30,0.2302314682883992,0.02818465232849121
461,BFGS_MultiStart,2,True,49,0.2302314682883972,0.0575404167175293
461,BFGS_MultiStart,3,True,35,0.23023146828840535,0.038815975189208984
461,BFGS_MultiStart,4,True,60,0.2302314682884058,0.05489802360534668
462,BFGS_Single,0,True,37,0.2829127399001431,0.03570556640625
462,BFGS_MultiStart,0,True,39,0.28291273990014426,0.0353398323059082
462,BFGS_MultiStart,1,True,34,0.2829127399001449,0.027078628540039062
462,BFGS_MultiStart,2,True,63,0.28291273990014015,0.047293901443481445
462,BFGS_MultiStart,3,True,33,0.28291273990014454,0.025649070739746094
462,BFGS_MultiStart,4,True,34,0.28291273990014687,0.0220944881439209
463,BFGS_Single,0,True,45,0.23514923072769142,0.03290271759033203
463,BFGS_MultiStart,0,False,94,0.23514923072769123,0.07374119758605957
463,BFGS_MultiStart,1,True,47,0.2351492307276893,0.03491497039794922
463,BFGS_MultiStart,2,True,38,0.23514923072768867,0.041177988052368164
463,BFGS_MultiStart,3,True,61,0.235149230727697,0.07308244705200195
463,BFGS_MultiStart,4,True,39,0.23514923072769406,0.03784298896789551
464,BFGS_Single,0,True,37,0.23479143660682203,0.034216880798339844
464,BFGS_MultiStart,0,True,38,0.23479143660682616,0.030930042266845703
464,BFGS_MultiStart,1,True,39,0.2347914366068219,0.030298948287963867
464,BFGS_MultiStart,2,True,30,0.23479143660682564,0.020705461502075195
464,BFGS_MultiStart,3,True,60,0.23479143660683027,0.05304121971130371
464,BFGS_MultiStart,4,True,38,0.2347914366068222,0.0367739200592041
465,BFGS_Single,0,True,40,0.27141882680333146,0.03411746025085449
465,BFGS_MultiStart,0,True,31,0.2714188268033418,0.027202129364013672
465,BFGS_MultiStart,1,True,37,0.27141882680334056,0.034934282302856445
465,BFGS_MultiStart,2,True,35,0.27141882680333396,0.030959606170654297
465,BFGS_MultiStart,3,True,33,0.27141882680342994,0.048305511474609375
465,BFGS_MultiStart,4,True,47,0.27141882680333584,0.03418254852294922
466,BFGS_Single,0,True,35,0.24657293183916631,0.02873969078063965
466,BFGS_MultiStart,0,True,36,0.24657293183916507,0.02906060218811035
466,BFGS_MultiStart,1,True,38,0.24657293183916507,0.03416776657104492
466,BFGS_MultiStart,2,True,37,0.2465729318391715,0.029444217681884766
466,BFGS_MultiStart,3,True,60,0.24657293183917217,0.05736374855041504
466,BFGS_MultiStart,4,True,54,0.24657293183916754,0.04212355613708496
467,BFGS_Single,0,True,55,0.255620377246481,0.044414520263671875
467,BFGS_MultiStart,0,True,75,0.25562037724648357,0.06854796409606934
467,BFGS_MultiStart,1,True,29,0.2556203772464805,0.02492046356201172
467,BFGS_MultiStart,2,True,33,0.2556203772464781,0.02562260627746582
467,BFGS_MultiStart,3,True,36,0.2556203772464779,0.03354787826538086
467,BFGS_MultiStart,4,True,33,0.25562037724649156,0.029860734939575195
468,BFGS_Single,0,True,37,0.22874298002283586,0.030351638793945312
468,BFGS_MultiStart,0,True,42,0.22874298002284346,0.03578019142150879
468,BFGS_MultiStart,1,True,34,0.22874298002283389,0.026050090789794922
468,BFGS_MultiStart,2,True,29,0.228742980022836,0.02185654640197754
468,BFGS_MultiStart,3,True,32,0.22874298002283464,0.02480936050415039
468,BFGS_MultiStart,4,True,37,0.22874298002283258,0.02614283561706543
469,BFGS_Single,0,True,35,0.24472227745308653,0.025379419326782227
469,BFGS_MultiStart,0,True,34,0.244722277453072,0.022974729537963867
469,BFGS_MultiStart,1,True,59,0.24472227745307348,0.04575300216674805
469,BFGS_MultiStart,2,True,56,0.24472227745307132,0.036539554595947266
469,BFGS_MultiStart,3,True,59,0.24472227745307099,0.06047964096069336
469,BFGS_MultiStart,4,True,38,0.2447222774530646,0.03651905059814453
470,BFGS_Single,0,True,35,0.26147521293419895,0.0330357551574707
470,BFGS_MultiStart,0,True,38,0.2614752129342055,0.03458094596862793
470,BFGS_MultiStart,1,True,36,0.2614752129364613,0.03332805633544922
470,BFGS_MultiStart,2,True,61,0.26147521293419806,0.04669928550720215
470,BFGS_MultiStart,3,True,32,0.26147521293419823,0.025631427764892578
470,BFGS_MultiStart,4,False,67,0.26147521293420367,0.029595375061035156
471,BFGS_Single,0,True,33,0.26421745925576334,0.02757406234741211
471,BFGS_MultiStart,0,True,32,0.264217459255771,0.033128976821899414
471,BFGS_MultiStart,1,False,63,0.2642174592557643,0.034580230712890625
471,BFGS_MultiStart,2,True,47,0.2642174592557688,0.04575991630554199
471,BFGS_MultiStart,3,True,56,0.2642174592557652,0.04111361503601074
471,BFGS_MultiStart,4,True,33,0.26421745925576856,0.03139686584472656
472,BFGS_Single,0,True,31,0.2593950531427017,0.028813600540161133
472,BFGS_MultiStart,0,True,37,0.2593950531427022,0.02557969093322754
472,BFGS_MultiStart,1,True,60,0.25939505314269806,0.03140449523925781
472,BFGS_MultiStart,2,True,64,0.25939505314270206,0.039179325103759766
472,BFGS_MultiStart,3,True,63,0.2593950531426998,0.03694272041320801
472,BFGS_MultiStart,4,True,32,0.25939505314269473,0.026821374893188477
473,BFGS_Single,0,True,36,0.20718926910946245,0.028130531311035156
473,BFGS_MultiStart,0,True,34,0.20718926910946397,0.02386760711669922
473,BFGS_MultiStart,1,True,65,0.20718926910945704,0.04063773155212402
473,BFGS_MultiStart,2,True,56,0.2071892691094535,0.024330854415893555
473,BFGS_MultiStart,3,True,32,0.20718926910946053,0.02386617660522461
473,BFGS_MultiStart,4,True,61,0.20718926910945398,0.06831932067871094
474,BFGS_Single,0,True,32,0.23531551482295024,0.032045602798461914
474,BFGS_MultiStart,0,True,65,0.23531551482295318,0.06248903274536133
474,BFGS_MultiStart,1,True,34,0.23531551482295243,0.026845693588256836
474,BFGS_MultiStart,2,True,37,0.235315514822948,0.026599884033203125
474,BFGS_MultiStart,3,True,63,0.23531551482294977,0.03658318519592285
474,BFGS_MultiStart,4,True,40,0.23531551482295482,0.027539968490600586
475,BFGS_Single,0,True,40,0.19016239243615296,0.025465011596679688
475,BFGS_MultiStart,0,True,34,0.1901623924361472,0.024243593215942383
475,BFGS_MultiStart,1,True,44,0.190162392436151,0.038996219635009766
475,BFGS_MultiStart,2,True,56,0.19016239243614516,0.043152809143066406
475,BFGS_MultiStart,3,True,38,0.1901623924361485,0.03147554397583008
475,BFGS_MultiStart,4,True,55,0.19016239243614888,0.035852909088134766
476,BFGS_Single,0,True,37,0.2395450598322818,0.034186363220214844
476,BFGS_MultiStart,0,False,53,0.23954505983227825,0.03352236747741699
476,BFGS_MultiStart,1,True,37,0.23954505983228047,0.0333247184753418
476,BFGS_MultiStart,2,True,32,0.23954505983228086,0.034216880798339844
476,BFGS_MultiStart,3,True,61,0.23954505983227967,0.05382680892944336
476,BFGS_MultiStart,4,True,39,0.23954505983228108,0.038413286209106445
477,BFGS_Single,0,True,37,0.2888798343946411,0.038027286529541016
477,BFGS_MultiStart,0,True,62,0.28887983439464204,0.06236100196838379
477,BFGS_MultiStart,1,True,58,0.28887983439464193,0.04284191131591797
477,BFGS_MultiStart,2,True,37,0.2888798343946421,0.04126453399658203
477,BFGS_MultiStart,3,True,44,0.28887983439464376,0.04076361656188965
477,BFGS_MultiStart,4,True,55,0.2888798343947445,0.05099630355834961
478,BFGS_Single,0,True,41,0.23525004961826604,0.03905129432678223
478,BFGS_MultiStart,0,True,60,0.23525004961826482,0.051862478256225586
478,BFGS_MultiStart,1,True,33,0.2352500496182728,0.027750015258789062
478,BFGS_MultiStart,2,True,37,0.23525004961826654,0.030102252960205078
478,BFGS_MultiStart,3,True,40,0.23525004961826743,0.03839612007141113
478,BFGS_MultiStart,4,True,28,0.23525004961826898,0.025895118713378906
479,BFGS_Single,0,True,35,0.25108149518837414,0.030474424362182617
479,BFGS_MultiStart,0,True,38,0.25108149518837086,0.030432701110839844
479,BFGS_MultiStart,1,True,35,0.25108149518837714,0.02721238136291504
479,BFGS_MultiStart,2,True,31,0.2510814951883747,0.021747112274169922
479,BFGS_MultiStart,3,True,59,0.2510814951883727,0.045181989669799805
479,BFGS_MultiStart,4,True,67,0.25108149518837436,0.04759025573730469
480,BFGS_Single,0,True,78,0.2038461929741244,0.05551457405090332
480,BFGS_MultiStart,0,True,36,0.20384619297412496,0.03107166290283203
480,BFGS_MultiStart,1,True,36,0.20384619297412193,0.03404593467712402
480,BFGS_MultiStart,2,True,38,0.20384619297421508,0.04376816749572754
480,BFGS_MultiStart,3,True,33,0.20384619297412454,0.046401023864746094
480,BFGS_MultiStart,4,True,62,0.2038461929741253,0.06648063659667969
481,BFGS_Single,0,True,38,0.21879207037391887,0.02765488624572754
481,BFGS_MultiStart,0,True,56,0.21879207037393153,0.04118776321411133
481,BFGS_MultiStart,1,True,40,0.21879207037392123,0.03031134605407715
481,BFGS_MultiStart,2,True,34,0.21879207037396325,0.03467130661010742
481,BFGS_MultiStart,3,True,43,0.2187920703739191,0.04409337043762207
481,BFGS_MultiStart,4,True,37,0.2187920703739209,0.05048942565917969
482,BFGS_Single,0,True,33,0.2643717222497662,0.03767538070678711
482,BFGS_MultiStart,0,True,65,0.2643717222497713,0.06335997581481934
482,BFGS_MultiStart,1,True,67,0.2643717222497635,0.0566561222076416
482,BFGS_MultiStart,2,True,37,0.26437172224977057,0.038652896881103516
482,BFGS_MultiStart,3,True,38,0.2643717222497688,0.03204154968261719
482,BFGS_MultiStart,4,True,59,0.26437172224976185,0.035033226013183594
483,BFGS_Single,0,True,35,0.25364480471242257,0.02471327781677246
483,BFGS_MultiStart,0,True,58,0.2536448047124175,0.03638029098510742
483,BFGS_MultiStart,1,True,39,0.2536448047124228,0.03618669509887695
483,BFGS_MultiStart,2,True,30,0.2536448047124196,0.032646894454956055
483,BFGS_MultiStart,3,True,32,0.2536448047124163,0.028136014938354492
483,BFGS_MultiStart,4,True,64,0.25364480471241835,0.09255766868591309
484,BFGS_Single,0,True,39,0.27325565251600176,0.022992372512817383
484,BFGS_MultiStart,0,True,60,0.27325565251599704,0.03748488426208496
484,BFGS_MultiStart,1,True,41,0.27325565251601586,0.04350018501281738
484,BFGS_MultiStart,2,True,34,0.2732556525160036,0.020636796951293945
484,BFGS_MultiStart,3,True,35,0.2732556525160004,0.02323174476623535
484,BFGS_MultiStart,4,True,34,0.2732556525160012,0.020986080169677734
485,BFGS_Single,0,True,63,0.20328496307888697,0.03448224067687988
485,BFGS_MultiStart,0,True,29,0.203284963078891,0.015555381774902344
485,BFGS_MultiStart,1,True,33,0.20328496307888932,0.023064136505126953
485,BFGS_MultiStart,2,True,36,0.20328496307888744,0.02552199363708496
485,BFGS_MultiStart,3,True,60,0.20328496307888577,0.020459413528442383
485,BFGS_MultiStart,4,True,46,0.20328496307888558,0.029040813446044922
486,BFGS_Single,0,True,39,0.24158407366304846,0.02786731719970703
486,BFGS_MultiStart,0,True,34,0.24158407366304757,0.020290851593017578
486,BFGS_MultiStart,1,True,34,0.24158407366304532,0.02109694480895996
486,BFGS_MultiStart,2,True,35,0.24158407366304935,0.03425288200378418
486,BFGS_MultiStart,3,True,33,0.24158407366304985,0.03815269470214844
486,BFGS_MultiStart,4,True,26,0.24158407366305212,0.028470277786254883
487,BFGS_Single,0,True,70,0.2310900701713474,0.059119224548339844
487,BFGS_MultiStart,0,True,35,0.2310900701713537,0.023428916931152344
487,BFGS_MultiStart,1,True,30,0.23109007017134917,0.028551101684570312
487,BFGS_MultiStart,2,True,37,0.2310900701713503,0.03802680969238281
487,BFGS_MultiStart,3,True,37,0.23109007017135136,0.026696205139160156
487,BFGS_MultiStart,4,True,42,0.231090070171355,0.03540849685668945
488,BFGS_Single,0,True,34,0.2386001937838939,0.022782087326049805
488,BFGS_MultiStart,0,True,63,0.2386001937838958,0.04801678657531738
488,BFGS_MultiStart,1,True,39,0.23860019378389416,0.03793668746948242
488,BFGS_MultiStart,2,True,53,0.23860019378389757,0.0465543270111084
488,BFGS_MultiStart,3,True,30,0.23860019378389524,0.021092653274536133
488,BFGS_MultiStart,4,True,30,0.23860019378389064,0.012104272842407227
489,BFGS_Single,0,True,29,0.3006448289380451,0.016420602798461914
489,BFGS_MultiStart,0,True,34,0.30064482893804084,0.019331932067871094
489,BFGS_MultiStart,1,True,56,0.30064482893804717,0.03569769859313965
489,BFGS_MultiStart,2,False,65,0.3006448289380396,0.029185771942138672
489,BFGS_MultiStart,3,True,65,0.30064482893804073,0.05369830131530762
489,BFGS_MultiStart,4,True,42,0.3006448289380411,0.02747178077697754
490,BFGS_Single,0,True,39,0.22472045439882088,0.03764605522155762
490,BFGS_MultiStart,0,True,58,0.22472045439881458,0.035233497619628906
490,BFGS_MultiStart,1,True,36,0.22472045439882565,0.023818254470825195
490,BFGS_MultiStart,2,True,65,0.22472045439882135,0.03463935852050781
490,BFGS_MultiStart,3,True,35,0.22472045439881888,0.015387535095214844
490,BFGS_MultiStart,4,True,65,0.22472045439881777,0.03314614295959473
491,BFGS_Single,0,True,73,0.27033299573351494,0.04364371299743652
491,BFGS_MultiStart,0,True,47,0.2703329957335113,0.04049038887023926
491,BFGS_MultiStart,1,True,64,0.2703329957335174,0.032537221908569336
491,BFGS_MultiStart,2,True,29,0.2703329957335148,0.010557413101196289
491,BFGS_MultiStart,3,True,37,0.2703329957335161,0.022466421127319336
491,BFGS_MultiStart,4,True,31,0.27033299573352,0.01742100715637207
492,BFGS_Single,0,True,37,0.23193069741038203,0.018997669219970703
492,BFGS_MultiStart,0,True,59,0.23193069741038566,0.03690981864929199
492,BFGS_MultiStart,1,True,37,0.23193069741038205,0.02734088897705078
492,BFGS_MultiStart,2,True,62,0.23193069741037525,0.034621477127075195
492,BFGS_MultiStart,3,True,34,0.23193069741037706,0.018233060836791992
492,BFGS_MultiStart,4,True,41,0.23193069741037708,0.029450654983520508
493,BFGS_Single,0,True,38,0.22755351447186253,0.011806488037109375
493,BFGS_MultiStart,0,True,34,0.22755351447185604,0.01766681671142578
493,BFGS_MultiStart,1,True,34,0.22755351447186048,0.01961827278137207
493,BFGS_MultiStart,2,True,32,0.2275535144718665,0.01835036277770996
493,BFGS_MultiStart,3,True,61,0.2275535144718629,0.039252519607543945
493,BFGS_MultiStart,4,True,45,0.22755351447186034,0.035669803619384766
494,BFGS_Single,0,True,60,0.1769191273743224,0.051212310791015625
494,BFGS_MultiStart,0,True,44,0.17691912737432494,0.05588865280151367
494,BFGS_MultiStart,1,True,26,0.17691912737432786,0.03290724754333496
494,BFGS_MultiStart,2,True,63,0.17691912737432597,0.0661015510559082
494,BFGS_MultiStart,3,True,64,0.17691912737432344,0.06715655326843262
494,BFGS_MultiStart,4,True,60,0.17691912737432774,0.06481409072875977
495,BFGS_Single,0,True,63,0.3063834561830313,0.04857206344604492
495,BFGS_MultiStart,0,True,35,0.30638345618302576,0.031934499740600586
495,BFGS_MultiStart,1,True,42,0.3063834561830268,0.03329324722290039
495,BFGS_MultiStart,2,True,43,0.30638345618303425,0.04374957084655762
495,BFGS_MultiStart,3,True,35,0.3063834561830306,0.03292584419250488
495,BFGS_MultiStart,4,True,31,0.30638345618303103,0.032175540924072266
496,BFGS_Single,0,True,36,0.21930461307123345,0.03195476531982422
496,BFGS_MultiStart,0,True,31,0.21930461307123325,0.03358864784240723
496,BFGS_MultiStart,1,True,40,0.2193046130712291,0.04260373115539551
496,BFGS_MultiStart,2,True,36,0.2193046130712307,0.030790328979492188
496,BFGS_MultiStart,3,True,59,0.21930461307123417,0.045841217041015625
496,BFGS_MultiStart,4,True,36,0.21930461307123866,0.03739809989929199
497,BFGS_Single,0,False,63,0.2386134565463622,0.04069662094116211
497,BFGS_MultiStart,0,True,46,0.2386134565463602,0.0484166145324707
497,BFGS_MultiStart,1,True,36,0.2386134565463621,0.05327463150024414
497,BFGS_MultiStart,2,True,50,0.23861345654636237,0.05396413803100586
497,BFGS_MultiStart,3,True,67,0.2386134565463646,0.07083630561828613
497,BFGS_MultiStart,4,True,40,0.2386134565463618,0.04832911491394043
498,BFGS_Single,0,True,60,0.23419424701948097,0.07038545608520508
498,BFGS_MultiStart,0,True,40,0.23419424701948044,0.04173994064331055
498,BFGS_MultiStart,1,True,63,0.2341942470194785,0.09310483932495117
498,BFGS_MultiStart,2,True,33,0.23419424701948235,0.027724266052246094
498,BFGS_MultiStart,3,True,43,0.2341942470194846,0.030758380889892578
498,BFGS_MultiStart,4,True,60,0.2341942470194794,0.06626701354980469
499,BFGS_Single,0,True,42,0.22795855774426077,0.05288815498352051
499,BFGS_MultiStart,0,True,38,0.2279585577442616,0.04134392738342285
499,BFGS_MultiStart,1,True,36,0.22795855774426074,0.0344085693359375
499,BFGS_MultiStart,2,True,25,0.22795855774426854,0.0273745059967041
499,BFGS_MultiStart,3,True,59,0.22795855774425797,0.052359819412231445
499,BFGS_MultiStart,4,True,32,0.22795855774656323,0.032935380935668945
