iteration,temperature,energy,best_energy,accepted
0,50.0,1452594.4898453697,1452594.4898453697,1
1,49.75,1452594.4898453697,1452594.4898453697,0
2,49.50125,1449203.748742867,1449203.748742867,1
3,49.25374375,1441509.1796807917,1441509.1796807917,1
4,49.007475031249996,1421047.8860082633,1421047.8860082633,1
5,48.762437656093745,1421047.8860082633,1421047.8860082633,0
6,48.51862546781327,1421047.8860082633,1421047.8860082633,0
7,48.27603234047421,1416929.2466030396,1416929.2466030396,1
8,48.034652178771836,1416929.2466030396,1416929.2466030396,0
9,47.794478917877974,1416929.2466030396,1416929.2466030396,0
10,47.555506523288585,1414361.0105471439,1414361.0105471439,1
11,47.317728990672144,1414361.0105471439,1414361.0105471439,0
12,47.08114034571879,1414263.258073521,1414263.258073521,1
13,46.84573464399019,1403720.7511979034,1403720.7511979034,1
14,46.61150597077024,1403720.7511979034,1403720.7511979034,0
15,46.37844844091639,1392398.560951026,1392398.560951026,1
16,46.14655619871181,1389375.616817106,1389375.616817106,1
17,45.91582341771825,1371576.0861786862,1371576.0861786862,1
18,45.68624430062966,1371576.0861786862,1371576.0861786862,0
19,45.45781307912651,1359114.26762213,1359114.26762213,1
20,45.23052401373088,1352431.3568434615,1352431.3568434615,1
21,45.004371393662225,1343341.6039722697,1343341.6039722697,1
22,44.779349536693914,1343341.6039722697,1343341.6039722697,0
23,44.555452789010445,1343341.6039722697,1343341.6039722697,0
24,44.33267552506539,1343341.6039722697,1343341.6039722697,0
25,44.111012147440064,1320915.20724976,1320915.20724976,1
26,43.89045708670287,1320915.20724976,1320915.20724976,0
27,43.671004801269355,1320915.20724976,1320915.20724976,0
28,43.452649777263005,1308718.1361743012,1308718.1361743012,1
29,43.23538652837669,1308718.1361743012,1308718.1361743012,0
30,43.0192095957348,1300188.4202732742,1300188.4202732742,1
31,42.804113547756124,1300188.4202732742,1300188.4202732742,0
32,42.590092980017346,1282544.7463648252,1282544.7463648252,1
33,42.37714251511726,1282544.7463648252,1282544.7463648252,0
34,42.16525680254167,1282544.7463648252,1282544.7463648252,0
35,41.95443051852896,1282544.7463648252,1282544.7463648252,0
36,41.74465836593632,1282544.7463648252,1282544.7463648252,0
37,41.53593507410663,1280073.0884303888,1280073.0884303888,1
38,41.3282553987361,1277430.706600816,1277430.706600816,1
39,41.12161412174242,1265819.6636589337,1265819.6636589337,1
40,40.91600605113371,1265819.6636589337,1265819.6636589337,0
41,40.71142602087804,1265819.6636589337,1265819.6636589337,0
42,40.50786889077364,1263361.2253436462,1263361.2253436462,1
43,40.305329546319776,1263361.2253436462,1263361.2253436462,0
44,40.10380289858818,1262494.930250075,1262494.930250075,1
45,39.90328388409524,1262494.930250075,1262494.930250075,0
46,39.70376746467476,1258498.2919602997,1258498.2919602997,1
47,39.505248627351385,1258498.2919602997,1258498.2919602997,0
48,39.30772238421463,1258498.2919602997,1258498.2919602997,0
49,39.11118377229356,1257812.5576372042,1257812.5576372042,1
50,38.91562785343209,1257812.5576372042,1257812.5576372042,0
51,38.721049714164934,1257812.5576372042,1257812.5576372042,0
52,38.52744446559411,1257812.5576372042,1257812.5576372042,0
53,38.334807243266134,1249350.9672671617,1249350.9672671617,1
54,38.1431332070498,1223449.8083629748,1223449.8083629748,1
55,37.95241754101455,1223449.8083629748,1223449.8083629748,0
56,37.76265545330948,1213552.3987351677,1213552.3987351677,1
57,37.57384217604293,1213552.3987351677,1213552.3987351677,0
58,37.385972965162715,1213552.3987351677,1213552.3987351677,0
59,37.1990431003369,1213552.3987351677,1213552.3987351677,0
60,37.01304788483522,1213552.3987351677,1213552.3987351677,0
61,36.82798264541104,1213552.3987351677,1213552.3987351677,0
62,36.643842732183984,1213552.3987351677,1213552.3987351677,0
63,36.460623518523064,1213552.3987351677,1213552.3987351677,0
64,36.27832040093045,1207044.4902824103,1207044.4902824103,1
65,36.096928798925795,1207044.4902824103,1207044.4902824103,0
66,35.91644415493116,1207044.4902824103,1207044.4902824103,0
67,35.73686193415651,1207044.4902824103,1207044.4902824103,0
68,35.55817762448572,1197972.9741791426,1197972.9741791426,1
69,35.38038673636329,1191680.4095251735,1191680.4095251735,1
70,35.20348480268147,1191680.4095251735,1191680.4095251735,0
71,35.027467378668064,1179866.3920222141,1179866.3920222141,1
72,34.85233004177472,1179866.3920222141,1179866.3920222141,0
73,34.678068391565844,1179866.3920222141,1179866.3920222141,0
74,34.50467804960802,1178574.437040361,1178574.437040361,1
75,34.33215465935998,1172595.7673708503,1172595.7673708503,1
76,34.16049388606318,1153442.28052327,1153442.28052327,1
77,33.989691416632866,1153442.28052327,1153442.28052327,0
78,33.8197429595497,1139652.5537887742,1139652.5537887742,1
79,33.65064424475195,1139652.5537887742,1139652.5537887742,0
80,33.482391023528194,1139652.5537887742,1139652.5537887742,0
81,33.31497906841055,1126741.7388790313,1126741.7388790313,1
82,33.1484041730685,1126741.7388790313,1126741.7388790313,0
83,32.982662152203154,1111541.8388681223,1111541.8388681223,1
84,32.81774884144214,1097988.4442789357,1097988.4442789357,1
85,32.653660097234926,1097988.4442789357,1097988.4442789357,0
86,32.49039179674875,1097988.4442789357,1097988.4442789357,0
87,32.32793983776501,1091355.5176296276,1091355.5176296276,1
88,32.16630013857618,1091355.5176296276,1091355.5176296276,0
89,32.005468637883304,1091355.5176296276,1091355.5176296276,0
90,31.845441294693888,1080043.5286755962,1080043.5286755962,1
91,31.686214088220417,1065123.9318409585,1065123.9318409585,1
92,31.527783017779313,1060947.5170596049,1060947.5170596049,1
93,31.370144102690418,1045016.1377878174,1045016.1377878174,1
94,31.213293382176964,1045016.1377878174,1045016.1377878174,0
95,31.057226915266078,1045016.1377878174,1045016.1377878174,0
96,30.90194078068975,1045016.1377878174,1045016.1377878174,0
97,30.7474310767863,1018996.2657578483,1018996.2657578483,1
98,30.593693921402366,1016684.6336339657,1016684.6336339657,1
99,30.440725451795355,1016684.6336339657,1016684.6336339657,0
100,30.288521824536378,1016684.6336339657,1016684.6336339657,0
101,30.137079215413696,1006038.0775364258,1006038.0775364258,1
102,29.986393819336627,1006038.0775364258,1006038.0775364258,0
103,29.836461850239942,1006038.0775364258,1006038.0775364258,0
104,29.687279540988744,1006038.0775364258,1006038.0775364258,0
105,29.5388431432838,1006038.0775364258,1006038.0775364258,0
106,29.39114892756738,996294.9882600293,996294.9882600293,1
107,29.244193182929543,996294.9882600293,996294.9882600293,0
108,29.097972217014895,983643.4423562512,983643.4423562512,1
109,28.95248235592982,981505.8938418167,981505.8938418167,1
110,28.807719944150172,967538.8510651995,967538.8510651995,1
111,28.66368134442942,964911.3531345277,964911.3531345277,1
112,28.520362937707272,964911.3531345277,964911.3531345277,0
113,28.377761123018736,964911.3531345277,964911.3531345277,0
114,28.235872317403643,964911.3531345277,964911.3531345277,0
115,28.094692955816626,964911.3531345277,964911.3531345277,0
116,27.95421949103754,957083.5381820007,957083.5381820007,1
117,27.814448393582353,957083.5381820007,957083.5381820007,0
118,27.67537615161444,957083.5381820007,957083.5381820007,0
119,27.536999270856366,943377.9392735611,943377.9392735611,1
120,27.399314274502085,943377.9392735611,943377.9392735611,0
121,27.262317703129575,943377.9392735611,943377.9392735611,0
122,27.126006114613926,943377.9392735611,943377.9392735611,0
123,26.990376084040857,943377.9392735611,943377.9392735611,0
124,26.855424203620654,938920.596269647,938920.596269647,1
125,26.72114708260255,938920.596269647,938920.596269647,0
126,26.587541347189536,938920.596269647,938920.596269647,0
127,26.454603640453588,938920.596269647,938920.596269647,0
128,26.322330622251318,927583.7591574311,927583.7591574311,1
129,26.19071896914006,925477.3104068551,925477.3104068551,1
130,26.05976537429436,925477.3104068551,925477.3104068551,0
131,25.92946654742289,925477.3104068551,925477.3104068551,0
132,25.799819214685776,916488.4807860437,916488.4807860437,1
133,25.670820118612347,896180.4966021146,896180.4966021146,1
134,25.542466018019287,896180.4966021146,896180.4966021146,0
135,25.41475368792919,896180.4966021146,896180.4966021146,0
136,25.28767991948954,892331.9245687097,892331.9245687097,1
137,25.161241519892094,880581.6698113575,880581.6698113575,1
138,25.035435312292634,877936.1790701953,877936.1790701953,1
139,24.91025813573117,871315.2578536762,871315.2578536762,1
140,24.785706845052513,856840.0947889441,856840.0947889441,1
141,24.66177831082725,856566.4611545814,856566.4611545814,1
142,24.538469419273113,851928.635955034,851928.635955034,1
143,24.41577707217675,851928.635955034,851928.635955034,0
144,24.293698186815863,851928.635955034,851928.635955034,0
145,24.172229695881782,850797.1903604685,850797.1903604685,1
146,24.051368547402372,844126.6444175229,844126.6444175229,1
147,23.931111704665362,844126.6444175229,844126.6444175229,0
148,23.811456146142035,844126.6444175229,844126.6444175229,0
149,23.692398865411324,842266.6013383879,842266.6013383879,1
150,23.573936871084268,842266.6013383879,842266.6013383879,0
151,23.456067186728845,842266.6013383879,842266.6013383879,0
152,23.338786850795202,830648.9875641847,830648.9875641847,1
153,23.222092916541225,830648.9875641847,830648.9875641847,0
154,23.105982451958518,830160.4499000033,830160.4499000033,1
155,22.990452539698726,830160.4499000033,830160.4499000033,0
156,22.87550027700023,825264.9521708195,825264.9521708195,1
157,22.76112277561523,803526.69473949,803526.69473949,1
158,22.647317161737156,802801.0954987219,802801.0954987219,1
159,22.53408057592847,802801.0954987219,802801.0954987219,0
160,22.421410173048827,802801.0954987219,802801.0954987219,0
161,22.309303122183582,802801.0954987219,802801.0954987219,0
162,22.197756606572664,792617.5529766463,792617.5529766463,1
163,22.0867678235398,792617.5529766463,792617.5529766463,0
164,21.9763339844221,774941.5208190813,774941.5208190813,1
165,21.86645231449999,769468.8181559305,769468.8181559305,1
166,21.75712005292749,768668.2766274934,768668.2766274934,1
167,21.64833445266285,757644.231956914,757644.231956914,1
168,21.540092780399537,752156.082063328,752156.082063328,1
169,21.432392316497538,752156.082063328,752156.082063328,0
170,21.32523035491505,752156.082063328,752156.082063328,0
171,21.218604203140476,752156.082063328,752156.082063328,0
172,21.112511182124774,739881.6988794592,739881.6988794592,1
173,21.00694862621415,727581.6201793605,727581.6201793605,1
174,20.90191388308308,727581.6201793605,727581.6201793605,0
175,20.797404313667663,727581.6201793605,727581.6201793605,0
176,20.693417292099323,718061.5117928518,718061.5117928518,1
177,20.589950205638825,692867.8388844565,692867.8388844565,1
178,20.48700045461063,689420.5419521396,689420.5419521396,1
179,20.384565452337576,665615.6140654428,665615.6140654428,1
180,20.282642625075887,656914.573283594,656914.573283594,1
181,20.181229411950508,656914.573283594,656914.573283594,0
182,20.080323264890755,646263.9388830106,646263.9388830106,1
183,19.9799216485663,630195.7918785857,630195.7918785857,1
184,19.880022040323468,629288.071473635,629288.071473635,1
185,19.78062193012185,629288.071473635,629288.071473635,0
186,19.68171882047124,629288.071473635,629288.071473635,0
187,19.583310226368884,620627.6707065065,620627.6707065065,1
188,19.485393675237038,585512.4309826427,585512.4309826427,1
189,19.38796670686085,585367.6874473228,585367.6874473228,1
190,19.291026873326548,585367.6874473228,585367.6874473228,0
191,19.194571738959915,579269.8056620943,579269.8056620943,1
192,19.098598880265115,574067.2872629233,574067.2872629233,1
193,19.00310588586379,571190.9841676163,571190.9841676163,1
194,18.90809035643447,571190.9841676163,571190.9841676163,0
195,18.813549904652298,569177.1287933455,569177.1287933455,1
196,18.719482155129036,566474.5116243061,566474.5116243061,1
197,18.625884744353392,566474.5116243061,566474.5116243061,0
198,18.532755320631626,563683.9799728693,563683.9799728693,1
199,18.44009154402847,539331.9448637713,539331.9448637713,1
200,18.347891086308326,539331.9448637713,539331.9448637713,0
201,18.256151630876786,539331.9448637713,539331.9448637713,0
202,18.164870872722403,539331.9448637713,539331.9448637713,0
203,18.07404651835879,514331.46407044027,514331.46407044027,1
204,17.983676285766997,514331.46407044027,514331.46407044027,0
205,17.893757904338162,514331.46407044027,514331.46407044027,0
206,17.80428911481647,514331.46407044027,514331.46407044027,0
207,17.715267669242387,474203.06048556865,474203.06048556865,1
208,17.626691330896175,472491.80057534826,472491.80057534826,1
209,17.538557874241693,452398.72001797566,452398.72001797566,1
210,17.450865084870486,452398.72001797566,452398.72001797566,0
211,17.363610759446132,452398.72001797566,452398.72001797566,0
212,17.2767927056489,452398.72001797566,452398.72001797566,0
213,17.190408742120656,449896.6270643151,449896.6270643151,1
214,17.104456698410054,449896.6270643151,449896.6270643151,0
215,17.018934414918004,449896.6270643151,449896.6270643151,0
216,16.933839742843414,449896.6270643151,449896.6270643151,0
217,16.849170544129198,439218.6827335218,439218.6827335218,1
218,16.764924691408552,439218.6827335218,439218.6827335218,0
219,16.68110006795151,421776.5465448532,421776.5465448532,1
220,16.59769456761175,405836.6622601055,405836.6622601055,1
221,16.51470609477369,405489.20045154163,405489.20045154163,1
222,16.43213256429982,405489.20045154163,405489.20045154163,0
223,16.34997190147832,399880.4489829355,399880.4489829355,1
224,16.26822204197093,399880.4489829355,399880.4489829355,0
225,16.186880931761074,399880.4489829355,399880.4489829355,0
226,16.10594652710227,399880.4489829355,399880.4489829355,0
227,16.025416794466757,399721.9239027835,399721.9239027835,1
228,15.945289710494423,399721.9239027835,399721.9239027835,0
229,15.86556326194195,380832.28654231125,380832.28654231125,1
230,15.78623544563224,377277.67280198575,377277.67280198575,1
231,15.707304268404078,372520.71838379937,372520.71838379937,1
232,15.628767747062058,372520.71838379937,372520.71838379937,0
233,15.550623908326749,369476.7495678281,369476.7495678281,1
234,15.472870788785116,369476.7495678281,369476.7495678281,0
235,15.39550643484119,369476.7495678281,369476.7495678281,0
236,15.318528902666984,369476.7495678281,369476.7495678281,0
237,15.241936258153649,359588.65906349104,359588.65906349104,1
238,15.16572657686288,359588.65906349104,359588.65906349104,0
239,15.089897943978565,359588.65906349104,359588.65906349104,0
240,15.014448454258673,357430.40123316477,357430.40123316477,1
241,14.93937621198738,336882.04371980834,336882.04371980834,1
242,14.864679330927443,336882.04371980834,336882.04371980834,0
243,14.790355934272805,336868.30531399057,336868.30531399057,1
244,14.71640415460144,329146.33772485994,329146.33772485994,1
245,14.642822133828433,323862.86057543097,323862.86057543097,1
246,14.569608023159292,323862.86057543097,323862.86057543097,0
247,14.496759983043495,323862.86057543097,323862.86057543097,0
248,14.424276183128278,323862.86057543097,323862.86057543097,0
249,14.352154802212636,322107.19315624185,322107.19315624185,1
250,14.280394028201574,322107.19315624185,322107.19315624185,0
251,14.208992058060566,318033.53974007757,318033.53974007757,1
252,14.137947097770263,301069.5357033051,301069.5357033051,1
253,14.067257362281412,301069.5357033051,301069.5357033051,0
254,13.996921075470004,282860.77301560517,282860.77301560517,1
255,13.926936470092654,277419.71727190935,277419.71727190935,1
256,13.857301787742191,277419.71727190935,277419.71727190935,0
257,13.78801527880348,272119.0421895123,272119.0421895123,1
258,13.719075202409462,266648.38679277455,266648.38679277455,1
259,13.650479826397415,259663.05485851958,259663.05485851958,1
260,13.582227427265428,259663.05485851958,259663.05485851958,0
261,13.5143162901291,249228.00214755753,249228.00214755753,1
262,13.446744708678455,244197.5411848863,244197.5411848863,1
263,13.379510985135063,240180.9943182242,240180.9943182242,1
264,13.312613430209387,238205.26162421977,238205.26162421977,1
265,13.24605036305834,238205.26162421977,238205.26162421977,0
266,13.179820111243048,225747.1410259612,225747.1410259612,1
267,13.113921010686832,225747.1410259612,225747.1410259612,0
268,13.048351405633397,221224.83175066812,221224.83175066812,1
269,12.98310964860523,221224.83175066812,221224.83175066812,0
270,12.918194100362204,207845.59171538803,207845.59171538803,1
271,12.853603129860392,207845.59171538803,207845.59171538803,0
272,12.78933511421109,198274.9123834809,198274.9123834809,1
273,12.725388438640035,189341.70829451986,189341.70829451986,1
274,12.661761496446834,188102.92465387273,188102.92465387273,1
275,12.5984526889646,188102.92465387273,188102.92465387273,0
276,12.535460425519776,188102.92465387273,188102.92465387273,0
277,12.472783123392178,187526.99812189635,187526.99812189635,1
278,12.410419207775217,176256.86810721393,176256.86810721393,1
279,12.34836711173634,156046.10161292818,156046.10161292818,1
280,12.28662527617766,156046.10161292818,156046.10161292818,0
281,12.22519214979677,156046.10161292818,156046.10161292818,0
282,12.164066189047787,156046.10161292818,156046.10161292818,0
283,12.103245858102548,151088.57775544992,151088.57775544992,1
284,12.042729628812035,151088.57775544992,151088.57775544992,0
285,11.982515980667975,151088.57775544992,151088.57775544992,0
286,11.922603400764634,151088.57775544992,151088.57775544992,0
287,11.862990383760811,151088.57775544992,151088.57775544992,0
288,11.803675431842008,142628.89888495984,142628.89888495984,1
289,11.744657054682797,141826.99013640138,141826.99013640138,1
290,11.685933769409383,141826.99013640138,141826.99013640138,0
291,11.627504100562335,139889.89134564376,139889.89134564376,1
292,11.569366580059524,137769.42926999854,137769.42926999854,1
293,11.511519747159227,137769.42926999854,137769.42926999854,0
294,11.45396214842343,137769.42926999854,137769.42926999854,0
295,11.396692337681314,136203.530616621,136203.530616621,1
296,11.339708875992907,136203.530616621,136203.530616621,0
297,11.283010331612942,136203.530616621,136203.530616621,0
298,11.226595279954878,132919.38108690578,132919.38108690578,1
299,11.170462303555103,132919.38108690578,132919.38108690578,0
300,11.114609992037328,129457.93196278813,129457.93196278813,1
301,11.059036942077142,127689.04578965348,127689.04578965348,1
302,11.003741757366756,117039.35428425133,117039.35428425133,1
303,10.948723048579922,117039.35428425133,117039.35428425133,0
304,10.893979433337021,117039.35428425133,117039.35428425133,0
305,10.839509536170336,117039.35428425133,117039.35428425133,0
306,10.785311988489484,104874.05261119807,104874.05261119807,1
307,10.731385428547037,89031.72500818512,89031.72500818512,1
308,10.677728501404301,89031.72500818512,89031.72500818512,0
309,10.62433985889728,89031.72500818512,89031.72500818512,0
310,10.571218159602793,89031.72500818512,89031.72500818512,0
311,10.518362068804779,89031.72500818512,89031.72500818512,0
312,10.465770258460754,82186.94087489958,82186.94087489958,1
313,10.41344140716845,82186.94087489958,82186.94087489958,0
314,10.361374200132609,81115.21232084674,81115.21232084674,1
315,10.309567329131946,81115.21232084674,81115.21232084674,0
316,10.258019492486286,78442.83656072035,78442.83656072035,1
317,10.206729395023855,78442.83656072035,78442.83656072035,0
318,10.155695748048736,78442.83656072035,78442.83656072035,0
319,10.104917269308492,78442.83656072035,78442.83656072035,0
320,10.05439268296195,77366.34564542415,77366.34564542415,1
321,10.00412071954714,77366.34564542415,77366.34564542415,0
322,9.954100115949405,77366.34564542415,77366.34564542415,0
323,9.904329615369658,77366.34564542415,77366.34564542415,0
324,9.85480796729281,75910.72867858462,75910.72867858462,1
325,9.805533927456347,71919.37968768936,71919.37968768936,1
326,9.756506257819066,71919.37968768936,71919.37968768936,0
327,9.70772372652997,71919.37968768936,71919.37968768936,0
328,9.65918510789732,71919.37968768936,71919.37968768936,0
329,9.610889182357834,70564.52583365304,70564.52583365304,1
330,9.562834736446044,70564.52583365304,70564.52583365304,0
331,9.515020562763814,69654.27425234261,69654.27425234261,1
332,9.467445459949994,66981.55360125838,66981.55360125838,1
333,9.420108232650245,59587.61194411685,59587.61194411685,1
334,9.373007691486993,59587.61194411685,59587.61194411685,0
335,9.326142653029558,59587.61194411685,59587.61194411685,0
336,9.27951193976441,59449.89272934924,59449.89272934924,1
337,9.233114380065588,59449.89272934924,59449.89272934924,0
338,9.18694880816526,59449.89272934924,59449.89272934924,0
339,9.141014064124434,55088.66907973468,55088.66907973468,1
340,9.095308993803812,53895.07677557565,53895.07677557565,1
341,9.049832448834792,47666.8756273257,47666.8756273257,1
342,9.004583286590618,44353.89714262874,44353.89714262874,1
343,8.959560370157664,42606.406729442366,42606.406729442366,1
344,8.914762568306877,42606.406729442366,42606.406729442366,0
345,8.870188755465342,42606.406729442366,42606.406729442366,0
346,8.825837811688016,42606.406729442366,42606.406729442366,0
347,8.781708622629576,42180.61065616241,42180.61065616241,1
348,8.737800079516429,40930.438599560715,40930.438599560715,1
349,8.694111079118846,34144.21726037696,34144.21726037696,1
350,8.650640523723252,32141.867650309337,32141.867650309337,1
351,8.607387321104635,26723.189199043132,26723.189199043132,1
352,8.564350384499113,22965.932766914564,22965.932766914564,1
353,8.521528632576617,22965.932766914564,22965.932766914564,0
354,8.478920989413734,18823.442552990415,18823.442552990415,1
355,8.436526384466665,16105.554097989978,16105.554097989978,1
356,8.394343752544332,14485.185122990442,14485.185122990442,1
357,8.35237203378161,12630.367949687525,12630.367949687525,1
358,8.310610173612702,12630.367949687525,12630.367949687525,0
359,8.269057122744638,11393.20982984615,11393.20982984615,1
360,8.227711837130915,11056.60966732979,11056.60966732979,1
361,8.18657327794526,11056.60966732979,11056.60966732979,0
362,8.145640411555535,10183.115018555915,10183.115018555915,1
363,8.104912209497757,10183.115018555915,10183.115018555915,0
364,8.064387648450268,9505.19943325701,9505.19943325701,1
365,8.024065710208017,9481.759576130562,9481.759576130562,1
366,7.9839453816569765,9052.020898174107,9052.020898174107,1
367,7.944025654748692,8603.252429130016,8603.252429130016,1
368,7.904305526474948,8372.082225356311,8372.082225356311,1
369,7.864783998842573,8372.082225356311,8372.082225356311,0
370,7.82546007884836,8372.082225356311,8372.082225356311,0
371,7.786332778454119,8343.39672622741,8343.39672622741,1
372,7.747401114561848,8343.39672622741,8343.39672622741,0
373,7.708664108989039,8343.39672622741,8343.39672622741,0
374,7.670120788444094,8132.399276710207,8132.399276710207,1
375,7.631770184501874,8015.858292408353,8015.858292408353,1
376,7.593611333579364,8015.858292408353,8015.858292408353,0
377,7.555643276911467,7931.50801742816,7931.50801742816,1
378,7.517865060526909,7737.648905975918,7737.648905975918,1
379,7.480275735224275,7737.648905975918,7737.648905975918,0
380,7.442874356548153,7737.648905975918,7737.648905975918,0
381,7.405659984765412,7737.648905975918,7737.648905975918,0
382,7.368631684841585,7644.790420917205,7644.790420917205,1
383,7.331788526417377,7644.790420917205,7644.790420917205,0
384,7.29512958378529,7644.790420917205,7644.790420917205,0
385,7.258653935866363,7561.525317440343,7561.525317440343,1
386,7.222360666187031,7535.346891000836,7535.346891000836,1
387,7.186248862856096,7535.346891000836,7535.346891000836,0
388,7.150317618541815,7357.473460404526,7357.473460404526,1
389,7.114566030449106,7315.215028252397,7315.215028252397,1
390,7.0789932002968605,7315.215028252397,7315.215028252397,0
391,7.043598234295376,7311.778990348032,7311.778990348032,1
392,7.0083802431238995,7133.67933069858,7133.67933069858,1
393,6.97333834190828,6924.2872274344645,6924.2872274344645,1
394,6.938471650198739,6899.188929596579,6899.188929596579,1
395,6.903779291947745,6899.188929596579,6899.188929596579,0
396,6.8692603954880065,6899.188929596579,6899.188929596579,0
397,6.834914093510567,6899.188929596579,6899.188929596579,0
398,6.800739523043014,6899.188929596579,6899.188929596579,0
399,6.7667358254278,6899.188929596579,6899.188929596579,0
400,6.732902146300661,6768.420959365054,6768.420959365054,1
401,6.699237635569157,6768.420959365054,6768.420959365054,0
402,6.665741447391311,6768.420959365054,6768.420959365054,0
403,6.632412740154354,6768.420959365054,6768.420959365054,0
404,6.5992506764535825,6768.420959365054,6768.420959365054,0
405,6.566254423071315,6691.650741381391,6691.650741381391,1
406,6.533423150955958,6691.650741381391,6691.650741381391,0
407,6.500756035201178,6691.650741381391,6691.650741381391,0
408,6.468252255025172,6624.867262722364,6624.867262722364,1
409,6.4359109937500465,6624.867262722364,6624.867262722364,0
410,6.403731438781296,6624.867262722364,6624.867262722364,0
411,6.37171278158739,6624.867262722364,6624.867262722364,0
412,6.339854217679453,6624.867262722364,6624.867262722364,0
413,6.308154946591055,6428.74830567557,6428.74830567557,1
414,6.2766141718581,6407.734217344603,6407.734217344603,1
415,6.245231100998809,6407.734217344603,6407.734217344603,0
416,6.214004945493815,6407.734217344603,6407.734217344603,0
417,6.182934920766346,6407.734217344603,6407.734217344603,0
418,6.152020246162515,6407.734217344603,6407.734217344603,0
419,6.121260144931702,6306.365249881768,6306.365249881768,1
420,6.0906538442070435,6169.944118928089,6169.944118928089,1
421,6.060200574986008,6169.944118928089,6169.944118928089,0
422,6.029899572111078,5851.1598917837255,5851.1598917837255,1
423,5.999750074250523,5810.203956568244,5810.203956568244,1
424,5.9697513238792705,5810.203956568244,5810.203956568244,0
425,5.939902567259874,5370.5818134094325,5370.5818134094325,1
426,5.910203054423574,5370.5818134094325,5370.5818134094325,0
427,5.880652039151457,5370.5818134094325,5370.5818134094325,0
428,5.851248778955699,5325.660722723553,5325.660722723553,1
429,5.821992535060921,5325.660722723553,5325.660722723553,0
430,5.792882572385616,5325.660722723553,5325.660722723553,0
431,5.763918159523688,5325.660722723553,5325.660722723553,0
432,5.73509856872607,5325.660722723553,5325.660722723553,0
433,5.706423075882439,5325.660722723553,5325.660722723553,0
434,5.677890960503027,5140.688889550202,5140.688889550202,1
435,5.649501505700512,5140.688889550202,5140.688889550202,0
436,5.621253998172009,5140.688889550202,5140.688889550202,0
437,5.593147728181149,5084.399377298709,5084.399377298709,1
438,5.5651819895402435,5084.399377298709,5084.399377298709,0
439,5.537356079592542,5084.399377298709,5084.399377298709,0
440,5.50966929919458,5084.399377298709,5084.399377298709,0
441,5.482120952698607,4968.463201237947,4968.463201237947,1
442,5.454710347935114,4968.463201237947,4968.463201237947,0
443,5.427436796195439,4968.463201237947,4968.463201237947,0
444,5.400299612214462,4968.463201237947,4968.463201237947,0
445,5.373298114153389,4968.463201237947,4968.463201237947,0
446,5.346431623582622,4698.686258950752,4698.686258950752,1
447,5.3196994654647085,4698.686258950752,4698.686258950752,0
448,5.293100968137385,4698.686258950752,4698.686258950752,0
449,5.266635463296699,4698.686258950752,4698.686258950752,0
450,5.240302285980215,4698.686258950752,4698.686258950752,0
451,5.214100774550314,4698.686258950752,4698.686258950752,0
452,5.1880302706775625,4698.686258950752,4698.686258950752,0
453,5.162090119324175,4698.686258950752,4698.686258950752,0
454,5.136279668727553,4698.686258950752,4698.686258950752,0
455,5.110598270383916,4698.686258950752,4698.686258950752,0
456,5.085045279031996,4698.686258950752,4698.686258950752,0
457,5.059620052636836,4698.686258950752,4698.686258950752,0
458,5.034321952373652,4471.913914618742,4471.913914618742,1
459,5.009150342611784,4471.913914618742,4471.913914618742,0
460,4.984104590898725,4471.913914618742,4471.913914618742,0
461,4.959184067944231,4471.913914618742,4471.913914618742,0
462,4.93438814760451,4471.913914618742,4471.913914618742,0
463,4.909716206866488,4471.913914618742,4471.913914618742,0
464,4.885167625832155,4471.913914618742,4471.913914618742,0
465,4.860741787702994,4372.178573354872,4372.178573354872,1
466,4.83643807876448,4372.178573354872,4372.178573354872,0
467,4.812255888370657,4372.178573354872,4372.178573354872,0
468,4.788194608928804,4372.178573354872,4372.178573354872,0
469,4.7642536358841605,4372.178573354872,4372.178573354872,0
470,4.74043236770474,4372.178573354872,4372.178573354872,0
471,4.716730205866216,4372.178573354872,4372.178573354872,0
472,4.6931465548368845,4220.219393463418,4220.219393463418,1
473,4.6696808220627,4097.2230505686,4097.2230505686,1
474,4.646332417952387,4097.2230505686,4097.2230505686,0
475,4.623100755862625,4097.2230505686,4097.2230505686,0
476,4.599985252083312,4025.6984264294183,4025.6984264294183,1
477,4.576985325822895,3987.866550589534,3987.866550589534,1
478,4.554100399193781,3987.866550589534,3987.866550589534,0
479,4.531329897197812,3987.866550589534,3987.866550589534,0
480,4.508673247711823,3987.866550589534,3987.866550589534,0
481,4.486129881473264,3987.866550589534,3987.866550589534,0
482,4.463699232065898,3987.866550589534,3987.866550589534,0
483,4.441380735905569,3869.462331066308,3869.462331066308,1
484,4.419173832226041,3869.462331066308,3869.462331066308,0
485,4.397077963064911,3869.462331066308,3869.462331066308,0
486,4.375092573249586,3856.003339198344,3856.003339198344,1
487,4.353217110383338,3856.003339198344,3856.003339198344,0
488,4.331451024831421,3856.003339198344,3856.003339198344,0
489,4.309793769707264,3740.9653860003978,3740.9653860003978,1
490,4.2882448008587275,3644.982702476997,3644.982702476997,1
491,4.266803576854434,3644.982702476997,3644.982702476997,0
492,4.245469558970162,3644.982702476997,3644.982702476997,0
493,4.22424221117531,3644.982702476997,3644.982702476997,0
494,4.203121000119434,3503.176543837523,3503.176543837523,1
495,4.182105395118836,3503.176543837523,3503.176543837523,0
496,4.161194868143242,3503.176543837523,3503.176543837523,0
497,4.140388893802526,3503.176543837523,3503.176543837523,0
498,4.119686949333513,3503.176543837523,3503.176543837523,0
499,4.099088514586845,3503.176543837523,3503.176543837523,0
500,4.078593072013911,3376.652572797232,3376.652572797232,1
501,4.058200106653842,3376.652572797232,3376.652572797232,0
502,4.037909106120573,3376.652572797232,3376.652572797232,0
503,4.01771956058997,3376.652572797232,3376.652572797232,0
504,3.99763096278702,3376.652572797232,3376.652572797232,0
505,3.977642807973085,3376.652572797232,3376.652572797232,0
506,3.9577545939332195,3376.652572797232,3376.652572797232,0
507,3.9379658209635533,3376.652572797232,3376.652572797232,0
508,3.9182759918587355,3376.652572797232,3376.652572797232,0
509,3.898684611899442,3376.652572797232,3376.652572797232,0
510,3.8791911888399446,3376.652572797232,3376.652572797232,0
511,3.859795232895745,3376.652572797232,3376.652572797232,0
512,3.8404962567312664,3376.652572797232,3376.652572797232,0
513,3.82129377544761,3340.5509036067006,3340.5509036067006,1
514,3.8021873065703717,3145.5973850260866,3145.5973850260866,1
515,3.78317637003752,3146.5255794078303,3145.5973850260866,1
516,3.764260488187332,3146.5255794078303,3145.5973850260866,0
517,3.7454391857463953,3146.5255794078303,3145.5973850260866,0
518,3.7267119898176633,3066.143275005949,3066.143275005949,1
519,3.708078429868575,2810.808582504996,2810.808582504996,1
520,3.689538037719232,2810.808582504996,2810.808582504996,0
521,3.671090347530636,2810.808582504996,2810.808582504996,0
522,3.6527348957929826,2810.808582504996,2810.808582504996,0
523,3.634471221314018,2810.808582504996,2810.808582504996,0
524,3.6162988652074475,2806.6103449514217,2806.6103449514217,1
525,3.59821737088141,2806.6103449514217,2806.6103449514217,0
526,3.580226284027003,2702.523954320523,2702.523954320523,1
527,3.562325152606868,2702.523954320523,2702.523954320523,0
528,3.5445135268438337,2702.523954320523,2702.523954320523,0
529,3.5267909592096145,2702.523954320523,2702.523954320523,0
530,3.5091570044135665,2702.523954320523,2702.523954320523,0
531,3.4916112193914985,2702.523954320523,2702.523954320523,0
532,3.474153163294541,2702.523954320523,2702.523954320523,0
533,3.4567823974780683,2702.523954320523,2702.523954320523,0
534,3.439498485490678,2702.523954320523,2702.523954320523,0
535,3.4223009930632244,2702.523954320523,2702.523954320523,0
536,3.4051894880979083,2702.523954320523,2702.523954320523,0
537,3.388163540657419,2702.523954320523,2702.523954320523,0
538,3.3712227229541316,2645.5079303543453,2645.5079303543453,1
539,3.354366609339361,2645.5079303543453,2645.5079303543453,0
540,3.337594776292664,2474.2975739660847,2474.2975739660847,1
541,3.320906802411201,2474.2975739660847,2474.2975739660847,0
542,3.304302268399145,2474.2975739660847,2474.2975739660847,0
543,3.287780757057149,2470.848710187336,2470.848710187336,1
544,3.2713418532718634,2363.5146722085665,2363.5146722085665,1
545,3.254985144005504,2363.5146722085665,2363.5146722085665,0
546,3.2387102182854766,2277.9775390513328,2277.9775390513328,1
547,3.222516667194049,2277.9775390513328,2277.9775390513328,0
548,3.2064040838580787,2277.9775390513328,2277.9775390513328,0
549,3.1903720634387884,2277.9775390513328,2277.9775390513328,0
550,3.1744202031215947,2277.9775390513328,2277.9775390513328,0
551,3.1585481021059865,2277.9775390513328,2277.9775390513328,0
552,3.1427553615954564,2277.9775390513328,2277.9775390513328,0
553,3.127041584787479,2055.834709969877,2055.834709969877,1
554,3.111406376863542,2055.834709969877,2055.834709969877,0
555,3.095849344979224,2025.6080228631265,2025.6080228631265,1
556,3.080370098254328,1909.7135609101072,1909.7135609101072,1
557,3.064968247763056,1909.7135609101072,1909.7135609101072,0
558,3.049643406524241,1909.7135609101072,1909.7135609101072,0
559,3.0343951894916197,1909.7135609101072,1909.7135609101072,0
560,3.0192232135441617,1909.7135609101072,1909.7135609101072,0
561,3.0041270974764407,1784.8631502623768,1784.8631502623768,1
562,2.9891064619890586,1700.9593189765897,1700.9593189765897,1
563,2.974160929679113,1700.9593189765897,1700.9593189765897,0
564,2.9592901250307175,1634.1697497548396,1634.1697497548396,1
565,2.944493674405564,1634.1697497548396,1634.1697497548396,0
566,2.929771206033536,1634.1697497548396,1634.1697497548396,0
567,2.9151223500033683,1634.1697497548396,1634.1697497548396,0
568,2.9005467382533516,1634.1697497548396,1634.1697497548396,0
569,2.886044004562085,1634.1697497548396,1634.1697497548396,0
570,2.8716137845392744,1489.8236923125774,1489.8236923125774,1
571,2.857255715616578,1489.8236923125774,1489.8236923125774,0
572,2.842969437038495,1489.8236923125774,1489.8236923125774,0
573,2.828754589853302,1489.8236923125774,1489.8236923125774,0
574,2.8146108169040356,1482.2390581790164,1482.2390581790164,1
575,2.8005377628195154,1482.2390581790164,1482.2390581790164,0
576,2.786535074005418,1482.2390581790164,1482.2390581790164,0
577,2.772602398635391,1427.1299925792227,1427.1299925792227,1
578,2.758739386642214,1427.1299925792227,1427.1299925792227,0
579,2.744945689709003,1427.1299925792227,1427.1299925792227,0
580,2.7312209612604583,1427.1299925792227,1427.1299925792227,0
581,2.717564856454156,1427.1299925792227,1427.1299925792227,0
582,2.7039770321718852,1427.1299925792227,1427.1299925792227,0
583,2.690457147011026,1326.1424726968703,1326.1424726968703,1
584,2.6770048612759707,1326.1424726968703,1326.1424726968703,0
585,2.6636198369695907,1326.1424726968703,1326.1424726968703,0
586,2.650301737784743,1326.1424726968703,1326.1424726968703,0
587,2.637050229095819,1326.1424726968703,1326.1424726968703,0
588,2.62386497795034,1326.1424726968703,1326.1424726968703,0
589,2.6107456530605884,1269.5569114903499,1269.5569114903499,1
590,2.5976919247952854,1269.5569114903499,1269.5569114903499,0
591,2.584703465171309,1269.5569114903499,1269.5569114903499,0
592,2.571779947845452,1269.5569114903499,1269.5569114903499,0
593,2.558921048106225,1184.4362824155958,1184.4362824155958,1
594,2.546126442865694,1153.3929514113263,1153.3929514113263,1
595,2.5333958106513657,1131.473709489144,1131.473709489144,1
596,2.5207288315981087,940.2445430277987,940.2445430277987,1
597,2.5081251874401183,847.7171964194624,847.7171964194624,1
598,2.4955845615029175,749.8024376339631,749.8024376339631,1
599,2.483106638695403,749.8024376339631,749.8024376339631,0
600,2.470691105501926,691.8229242090482,691.8229242090482,1
601,2.4583376499744163,629.9385927486131,629.9385927486131,1
602,2.4460459617245442,630.430734166508,629.9385927486131,1
603,2.4338157319159217,558.1680032441614,558.1680032441614,1
604,2.421646653256342,558.1680032441614,558.1680032441614,0
605,2.40953841999006,558.1680032441614,558.1680032441614,0
606,2.39749072789011,555.3115167259975,555.3115167259975,1
607,2.3855032742506594,555.3115167259975,555.3115167259975,0
608,2.373575757879406,555.3115167259975,555.3115167259975,0
609,2.3617078790900092,555.3115167259975,555.3115167259975,0
610,2.3498993396945593,528.0047339702588,528.0047339702588,1
611,2.3381498429960863,528.0047339702588,528.0047339702588,0
612,2.326459093781106,528.0047339702588,528.0047339702588,0
613,2.3148267983122004,528.0047339702588,528.0047339702588,0
614,2.3032526643206395,528.0047339702588,528.0047339702588,0
615,2.2917364009990364,528.0047339702588,528.0047339702588,0
616,2.280277718994041,528.0047339702588,528.0047339702588,0
617,2.268876330399071,528.0047339702588,528.0047339702588,0
618,2.2575319487470753,528.0047339702588,528.0047339702588,0
619,2.24624428900334,528.0047339702588,528.0047339702588,0
620,2.2350130675583233,528.0047339702588,528.0047339702588,0
621,2.2238380022205315,455.01245379858574,455.01245379858574,1
622,2.212718812209429,455.01245379858574,455.01245379858574,0
623,2.2016552181483817,399.87881891494874,399.87881891494874,1
624,2.19064694205764,399.87881891494874,399.87881891494874,0
625,2.1796937073473517,399.87881891494874,399.87881891494874,0
626,2.168795238810615,399.87881891494874,399.87881891494874,0
627,2.157951262616562,399.87881891494874,399.87881891494874,0
628,2.1471615063034792,399.87881891494874,399.87881891494874,0
629,2.1364256987719616,399.87881891494874,399.87881891494874,0
630,2.125743570278102,399.87881891494874,399.87881891494874,0
631,2.1151148524267116,340.6193816050692,340.6193816050692,1
632,2.104539278164578,340.6193816050692,340.6193816050692,0
633,2.0940165817737553,293.4737437460122,293.4737437460122,1
634,2.0835464988648864,271.0139603566601,271.0139603566601,1
635,2.0731287663705618,271.0139603566601,271.0139603566601,0
636,2.062763122538709,271.0139603566601,271.0139603566601,0
637,2.0524493069260155,271.0139603566601,271.0139603566601,0
638,2.0421870603913854,271.0139603566601,271.0139603566601,0
639,2.0319761250894284,271.0139603566601,271.0139603566601,0
640,2.0218162444639813,271.0139603566601,271.0139603566601,0
641,2.0117071632416614,271.0139603566601,271.0139603566601,0
642,2.0016486274254532,271.0139603566601,271.0139603566601,0
643,1.991640384288326,271.0139603566601,271.0139603566601,0
644,1.9816821823668842,271.0139603566601,271.0139603566601,0
645,1.9717737714550498,271.0139603566601,271.0139603566601,0
646,1.9619149025977747,271.0139603566601,271.0139603566601,0
647,1.9521053280847858,271.0139603566601,271.0139603566601,0
648,1.9423448014443618,271.0139603566601,271.0139603566601,0
649,1.93263307743714,271.0139603566601,271.0139603566601,0
650,1.9229699120499544,271.0139603566601,271.0139603566601,0
651,1.9133550624897047,271.0139603566601,271.0139603566601,0
652,1.9037882871772562,271.0139603566601,271.0139603566601,0
653,1.89426934574137,245.80056868808592,245.80056868808592,1
654,1.884797999012663,238.08362834807556,238.08362834807556,1
655,1.8753740090175999,238.08362834807556,238.08362834807556,0
656,1.8659971389725118,238.08362834807556,238.08362834807556,0
657,1.8566671532776493,238.08362834807556,238.08362834807556,0
658,1.8473838175112611,238.08362834807556,238.08362834807556,0
659,1.8381468984237048,238.08362834807556,238.08362834807556,0
660,1.8289561639315863,238.08362834807556,238.08362834807556,0
661,1.8198113831119285,238.08362834807556,238.08362834807556,0
662,1.810712326196369,238.08362834807556,238.08362834807556,0
663,1.801658764565387,238.08362834807556,238.08362834807556,0
664,1.7926504707425601,238.08362834807556,238.08362834807556,0
665,1.7836872183888473,238.08362834807556,238.08362834807556,0
666,1.774768782296903,214.75912238481243,214.75912238481243,1
667,1.7658949383854183,214.75912238481243,214.75912238481243,0
668,1.7570654636934913,214.75912238481243,214.75912238481243,0
669,1.7482801363750238,190.2413046000168,190.2413046000168,1
670,1.7395387356931487,190.2413046000168,190.2413046000168,0
671,1.730841042014683,190.2413046000168,190.2413046000168,0
672,1.7221868368046096,190.2413046000168,190.2413046000168,0
673,1.7135759026205866,190.2413046000168,190.2413046000168,0
674,1.7050080231074836,190.2413046000168,190.2413046000168,0
675,1.696482982991946,190.2413046000168,190.2413046000168,0
676,1.6880005680769863,178.25826246422287,178.25826246422287,1
677,1.6795605652366012,178.25826246422287,178.25826246422287,0
678,1.6711627624104182,178.25826246422287,178.25826246422287,0
679,1.662806948598366,178.25826246422287,178.25826246422287,0
680,1.6544929138553743,178.25826246422287,178.25826246422287,0
681,1.6462204492860975,178.25826246422287,178.25826246422287,0
682,1.637989347039667,178.25826246422287,178.25826246422287,0
683,1.6297994003044687,160.78122690374528,160.78122690374528,1
684,1.6216504033029464,136.75944298530774,136.75944298530774,1
685,1.6135421512864316,136.75944298530774,136.75944298530774,0
686,1.6054744405299994,136.75944298530774,136.75944298530774,0
687,1.5974470683273494,136.75944298530774,136.75944298530774,0
688,1.5894598329857126,136.75944298530774,136.75944298530774,0
689,1.581512533820784,136.75944298530774,136.75944298530774,0
690,1.5736049711516802,136.75944298530774,136.75944298530774,0
691,1.5657369462959219,136.75944298530774,136.75944298530774,0
692,1.5579082615644422,136.75944298530774,136.75944298530774,0
693,1.55011872025662,136.75944298530774,136.75944298530774,0
694,1.5423681266553368,112.84215423513164,112.84215423513164,1
695,1.53465628602206,112.84215423513164,112.84215423513164,0
696,1.5269830045919497,112.84215423513164,112.84215423513164,0
697,1.51934808956899,112.84215423513164,112.84215423513164,0
698,1.511751349121145,112.84215423513164,112.84215423513164,0
699,1.5041925923755393,112.84215423513164,112.84215423513164,0
700,1.4966716294136615,112.84215423513164,112.84215423513164,0
701,1.4891882712665931,112.84215423513164,112.84215423513164,0
702,1.4817423299102601,112.84215423513164,112.84215423513164,0
703,1.4743336182607087,96.83488653149503,96.83488653149503,1
704,1.4669619501694051,54.88237826248735,54.88237826248735,1
705,1.4596271404185581,54.88237826248735,54.88237826248735,0
706,1.4523290047164654,54.88237826248735,54.88237826248735,0
707,1.4450673596928831,54.88237826248735,54.88237826248735,0
708,1.4378420228944186,54.88237826248735,54.88237826248735,0
709,1.4306528127799465,54.88237826248735,54.88237826248735,0
710,1.4234995487160467,54.88237826248735,54.88237826248735,0
711,1.4163820509724665,54.88237826248735,54.88237826248735,0
712,1.4093001407176042,40.51647016760259,40.51647016760259,1
713,1.4022536400140162,40.51647016760259,40.51647016760259,0
714,1.3952423718139462,40.51647016760259,40.51647016760259,0
715,1.3882661599548765,40.51647016760259,40.51647016760259,0
716,1.3813248291551021,40.51647016760259,40.51647016760259,0
717,1.3744182050093265,40.51647016760259,40.51647016760259,0
718,1.36754611398428,28.312861994588452,28.312861994588452,1
719,1.3607083834143585,28.312861994588452,28.312861994588452,0
720,1.3539048414972867,28.312861994588452,28.312861994588452,0
721,1.3471353172898004,27.71612182937853,27.71612182937853,1
722,1.3403996407033514,20.62182649143276,20.62182649143276,1
723,1.3336976424998346,11.538350661932883,11.538350661932883,1
724,1.3270291542873354,11.538350661932883,11.538350661932883,0
725,1.3203940085158987,10.888737376652262,10.888737376652262,1
726,1.3137920384733193,10.888737376652262,10.888737376652262,0
727,1.3072230782809526,10.888737376652262,10.888737376652262,0
728,1.3006869628895479,10.888737376652262,10.888737376652262,0
729,1.2941835280751002,7.17680484294649,7.17680484294649,1
730,1.2877126104347247,8.081988024640774,7.17680484294649,1
731,1.281274047382551,8.081988024640774,7.17680484294649,0
732,1.2748676771456382,8.081988024640774,7.17680484294649,0
733,1.26849333875991,8.081988024640774,7.17680484294649,0
734,1.2621508720661105,8.081988024640774,7.17680484294649,0
735,1.25584011770578,6.149635507103872,6.149635507103872,1
736,1.2495609171172513,6.149635507103872,6.149635507103872,0
737,1.243313112531665,4.274687051536779,4.274687051536779,1
738,1.2370965469690067,4.274687051536779,4.274687051536779,0
739,1.2309110642341616,4.274687051536779,4.274687051536779,0
740,1.2247565089129908,4.274687051536779,4.274687051536779,0
741,1.2186327263684258,4.274687051536779,4.274687051536779,0
742,1.2125395627365836,4.274687051536779,4.274687051536779,0
743,1.2064768649229007,4.274687051536779,4.274687051536779,0
744,1.2004444805982861,4.274687051536779,4.274687051536779,0
745,1.1944422581952947,4.274687051536779,4.274687051536779,0
746,1.1884700469043181,4.274687051536779,4.274687051536779,0
747,1.1825276966697966,4.274687051536779,4.274687051536779,0
748,1.1766150581864476,4.274687051536779,4.274687051536779,0
749,1.1707319828955154,4.274687051536779,4.274687051536779,0
750,1.1648783229810378,4.274687051536779,4.274687051536779,0
751,1.1590539313661326,4.274687051536779,4.274687051536779,0
752,1.153258661709302,4.274687051536779,4.274687051536779,0
753,1.1474923684007554,4.274687051536779,4.274687051536779,0
754,1.1417549065587516,4.274687051536779,4.274687051536779,0
755,1.1360461320259578,4.274687051536779,4.274687051536779,0
756,1.130365901365828,4.274687051536779,4.274687051536779,0
757,1.124714071858999,4.274687051536779,4.274687051536779,0
758,1.119090501499704,4.274687051536779,4.274687051536779,0
759,1.1134950489922053,4.274687051536779,4.274687051536779,0
760,1.1079275737472443,4.274687051536779,4.274687051536779,0
761,1.102387935878508,4.274687051536779,4.274687051536779,0
762,1.0968759961991155,4.274687051536779,4.274687051536779,0
763,1.0913916162181199,4.274687051536779,4.274687051536779,0
764,1.0859346581370293,4.274687051536779,4.274687051536779,0
765,1.0805049848463442,4.274687051536779,4.274687051536779,0
766,1.0751024599221124,2.917268971756568,2.917268971756568,1
767,1.0697269476225018,2.917268971756568,2.917268971756568,0
768,1.0643783128843893,2.917268971756568,2.917268971756568,0
769,1.0590564213199674,2.917268971756568,2.917268971756568,0
770,1.0537611392133674,2.917268971756568,2.917268971756568,0
771,1.0484923335173006,2.917268971756568,2.917268971756568,0
772,1.043249871849714,2.917268971756568,2.917268971756568,0
773,1.0380336224904656,2.917268971756568,2.917268971756568,0
774,1.0328434543780132,2.917268971756568,2.917268971756568,0
775,1.0276792371061232,2.917268971756568,2.917268971756568,0
776,1.0225408409205925,2.917268971756568,2.917268971756568,0
777,1.0174281367159896,1.6082858005886134,1.6082858005886134,1
778,1.0123409960324097,1.6082858005886134,1.6082858005886134,0
779,1.0072792910522477,1.6082858005886134,1.6082858005886134,0
780,1.0022428945969863,1.6082858005886134,1.6082858005886134,0
781,0.9972316801240014,1.6082858005886134,1.6082858005886134,0
782,0.9922455217233814,1.6082858005886134,1.6082858005886134,0
783,0.9872842941147645,1.6082858005886134,1.6082858005886134,0
784,0.9823478726441907,1.6082858005886134,1.6082858005886134,0
785,0.9774361332809697,1.6082858005886134,1.6082858005886134,0
786,0.9725489526145649,1.6082858005886134,1.6082858005886134,0
787,0.9676862078514921,1.6082858005886134,1.6082858005886134,0
788,0.9628477768122345,1.6082858005886134,1.6082858005886134,0
789,0.9580335379281734,1.6082858005886134,1.6082858005886134,0
790,0.9532433702385325,1.6082858005886134,1.6082858005886134,0
791,0.9484771533873397,1.6082858005886134,1.6082858005886134,0
792,0.943734767620403,1.6082858005886134,1.6082858005886134,0
793,0.939016093782301,1.6082858005886134,1.6082858005886134,0
794,0.9343210133133895,1.6082858005886134,1.6082858005886134,0
795,0.9296494082468225,1.6082858005886134,1.6082858005886134,0
796,0.9250011612055884,1.6082858005886134,1.6082858005886134,0
797,0.9203761553995604,1.6082858005886134,1.6082858005886134,0
798,0.9157742746225626,1.6082858005886134,1.6082858005886134,0
799,0.9111954032494497,1.6082858005886134,1.6082858005886134,0
800,0.9066394262332025,1.6082858005886134,1.6082858005886134,0
801,0.9021062291020364,1.6082858005886134,1.6082858005886134,0
802,0.8975956979565263,1.6082858005886134,1.6082858005886134,0
803,0.8931077194667436,1.6082858005886134,1.6082858005886134,0
804,0.8886421808694099,1.6082858005886134,1.6082858005886134,0
805,0.8841989699650629,1.6082858005886134,1.6082858005886134,0
806,0.8797779751152376,1.6082858005886134,1.6082858005886134,0
807,0.8753790852396613,1.6082858005886134,1.6082858005886134,0
808,0.871002189813463,1.6082858005886134,1.6082858005886134,0
809,0.8666471788643957,1.6082858005886134,1.6082858005886134,0
810,0.8623139429700737,1.6082858005886134,1.6082858005886134,0
811,0.8580023732552233,1.6082858005886134,1.6082858005886134,0
812,0.8537123613889472,1.6082858005886134,1.6082858005886134,0
813,0.8494437995820024,1.6082858005886134,1.6082858005886134,0
814,0.8451965805840924,1.6082858005886134,1.6082858005886134,0
815,0.840970597681172,1.6082858005886134,1.6082858005886134,0
816,0.8367657446927661,1.6082858005886134,1.6082858005886134,0
817,0.8325819159693023,1.6082858005886134,1.6082858005886134,0
818,0.8284190063894558,1.6082858005886134,1.6082858005886134,0
819,0.8242769113575085,1.6082858005886134,1.6082858005886134,0
820,0.8201555268007209,1.6082858005886134,1.6082858005886134,0
821,0.8160547491667173,1.6082858005886134,1.6082858005886134,0
822,0.8119744754208836,1.6082858005886134,1.6082858005886134,0
823,0.8079146030437793,1.7435307745056978,1.6082858005886134,1
824,0.8038750300285604,1.7435307745056978,1.6082858005886134,0
825,0.7998556548784176,1.7435307745056978,1.6082858005886134,0
826,0.7958563766040255,1.6482704081635478,1.6082858005886134,1
827,0.7918770947210054,1.6482704081635478,1.6082858005886134,0
828,0.7879177092474003,1.6482704081635478,1.6082858005886134,0
829,0.7839781207011634,1.6482704081635478,1.6082858005886134,0
830,0.7800582300976575,1.6482704081635478,1.6082858005886134,0
831,0.7761579389471692,1.6482704081635478,1.6082858005886134,0
832,0.7722771492524334,1.6482704081635478,1.6082858005886134,0
833,0.7684157635061712,1.6482704081635478,1.6082858005886134,0
834,0.7645736846886404,1.6482704081635478,1.6082858005886134,0
835,0.7607508162651971,1.6482704081635478,1.6082858005886134,0
836,0.7569470621838712,1.6482704081635478,1.6082858005886134,0
837,0.7531623268729518,1.6482704081635478,1.6082858005886134,0
838,0.7493965152385871,1.6482704081635478,1.6082858005886134,0
839,0.7456495326623941,1.6482704081635478,1.6082858005886134,0
840,0.7419212849990822,1.6482704081635478,1.6082858005886134,0
841,0.7382116785740868,1.6482704081635478,1.6082858005886134,0
842,0.7345206201812163,1.6482704081635478,1.6082858005886134,0
843,0.7308480170803102,1.6482704081635478,1.6082858005886134,0
844,0.7271937769949086,1.6482704081635478,1.6082858005886134,0
845,0.7235578081099341,1.6482704081635478,1.6082858005886134,0
846,0.7199400190693844,1.6482704081635478,1.6082858005886134,0
847,0.7163403189740375,1.6482704081635478,1.6082858005886134,0
848,0.7127586173791673,1.6482704081635478,1.6082858005886134,0
849,0.7091948242922715,1.6482704081635478,1.6082858005886134,0
850,0.7056488501708101,1.6482704081635478,1.6082858005886134,0
851,0.7021206059199561,1.6482704081635478,1.6082858005886134,0
852,0.6986100028903562,1.6482704081635478,1.6082858005886134,0
853,0.6951169528759045,1.6482704081635478,1.6082858005886134,0
854,0.691641368111525,1.6482704081635478,1.6082858005886134,0
855,0.6881831612709673,1.6482704081635478,1.6082858005886134,0
856,0.6847422454646125,1.6482704081635478,1.6082858005886134,0
857,0.6813185342372894,1.6482704081635478,1.6082858005886134,0
858,0.6779119415661029,1.6482704081635478,1.6082858005886134,0
859,0.6745223818582724,1.6482704081635478,1.6082858005886134,0
860,0.671149769948981,1.6482704081635478,1.6082858005886134,0
861,0.6677940210992361,1.6482704081635478,1.6082858005886134,0
862,0.6644550509937399,1.6482704081635478,1.6082858005886134,0
863,0.6611327757387712,1.6482704081635478,1.6082858005886134,0
864,0.6578271118600773,1.6482704081635478,1.6082858005886134,0
865,0.6545379763007768,1.6482704081635478,1.6082858005886134,0
866,0.651265286419273,1.6482704081635478,1.6082858005886134,0
867,0.6480089599871766,1.6482704081635478,1.6082858005886134,0
868,0.6447689151872407,1.6482704081635478,1.6082858005886134,0
869,0.6415450706113045,1.6482704081635478,1.6082858005886134,0
870,0.6383373452582479,1.6482704081635478,1.6082858005886134,0
871,0.6351456585319567,1.6482704081635478,1.6082858005886134,0
872,0.6319699302392969,1.6482704081635478,1.6082858005886134,0
873,0.6288100805881004,1.6482704081635478,1.6082858005886134,0
874,0.6256660301851599,1.6482704081635478,1.6082858005886134,0
875,0.622537700034234,1.6482704081635478,1.6082858005886134,0
876,0.6194250115340628,1.6482704081635478,1.6082858005886134,0
877,0.6163278864763925,1.6482704081635478,1.6082858005886134,0
878,0.6132462470440105,1.6482704081635478,1.6082858005886134,0
879,0.6101800158087904,1.6482704081635478,1.6082858005886134,0
880,0.6071291157297465,1.6482704081635478,1.6082858005886134,0
881,0.6040934701510977,1.6482704081635478,1.6082858005886134,0
882,0.6010730028003423,1.6482704081635478,1.6082858005886134,0
883,0.5980676377863405,1.6482704081635478,1.6082858005886134,0
884,0.5950772995974088,2.789547133873881,1.6082858005886134,1
885,0.5921019130994218,2.789547133873881,1.6082858005886134,0
886,0.5891414035339247,2.789547133873881,1.6082858005886134,0
887,0.5861956965162551,2.789547133873881,1.6082858005886134,0
888,0.5832647180336739,2.789547133873881,1.6082858005886134,0
889,0.5803483944435055,2.789547133873881,1.6082858005886134,0
890,0.577446652471288,2.789547133873881,1.6082858005886134,0
891,0.5745594192089316,2.789547133873881,1.6082858005886134,0
892,0.5716866221128869,2.789547133873881,1.6082858005886134,0
893,0.5688281890023225,2.789547133873881,1.6082858005886134,0
894,0.5659840480573108,2.789547133873881,1.6082858005886134,0
895,0.5631541278170242,2.789547133873881,1.6082858005886134,0
896,0.5603383571779391,2.789547133873881,1.6082858005886134,0
897,0.5575366653920494,2.789547133873881,1.6082858005886134,0
898,0.5547489820650892,2.789547133873881,1.6082858005886134,0
899,0.5519752371547637,1.5934431248433454,1.5934431248433454,1
900,0.5492153609689899,1.5934431248433454,1.5934431248433454,0
901,0.546469284164145,1.5934431248433454,1.5934431248433454,0
902,0.5437369377433242,1.5934431248433454,1.5934431248433454,0
903,0.5410182530546076,1.5934431248433454,1.5934431248433454,0
904,0.5383131617893345,1.5934431248433454,1.5934431248433454,0
905,0.5356215959803878,1.5934431248433454,1.5934431248433454,0
906,0.5329434880004859,1.5934431248433454,1.5934431248433454,0
907,0.5302787705604834,1.5934431248433454,1.5934431248433454,0
908,0.527627376707681,1.5934431248433454,1.5934431248433454,0
909,0.5249892398241426,1.5934431248433454,1.5934431248433454,0
910,0.5223642936250219,1.5934431248433454,1.5934431248433454,0
911,0.5197524721568968,1.5934431248433454,1.5934431248433454,0
912,0.5171537097961123,1.5934431248433454,1.5934431248433454,0
913,0.5145679412471318,1.5934431248433454,1.5934431248433454,0
914,0.5119951015408961,1.5934431248433454,1.5934431248433454,0
915,0.5094351260331916,1.918779264183934,1.5934431248433454,1
916,0.5068879504030257,1.918779264183934,1.5934431248433454,0
917,0.5043535106510105,1.918779264183934,1.5934431248433454,0
918,0.5018317430977555,1.918779264183934,1.5934431248433454,0
919,0.4993225843822667,1.918779264183934,1.5934431248433454,0
920,0.49682597146035534,1.918779264183934,1.5934431248433454,0
921,0.49434184160305356,1.918779264183934,1.5934431248433454,0
922,0.4918701323950383,1.918779264183934,1.5934431248433454,0
923,0.4894107817330631,1.918779264183934,1.5934431248433454,0
924,0.4869637278243978,1.918779264183934,1.5934431248433454,0
925,0.4845289091852758,1.918779264183934,1.5934431248433454,0
926,0.4821062646393494,1.918779264183934,1.5934431248433454,0
927,0.4796957333161527,1.918779264183934,1.5934431248433454,0
928,0.4772972546495719,1.918779264183934,1.5934431248433454,0
929,0.47491076837632407,1.918779264183934,1.5934431248433454,0
930,0.47253621453444244,1.5826835891212323,1.5826835891212323,1
931,0.4701735334617702,1.5826835891212323,1.5826835891212323,0
932,0.46782266579446136,1.5826835891212323,1.5826835891212323,0
933,0.46548355246548906,1.5826835891212323,1.5826835891212323,0
934,0.46315613470316164,1.5826835891212323,1.5826835891212323,0
935,0.46084035402964585,1.5826835891212323,1.5826835891212323,0
936,0.4585361522594976,1.5826835891212323,1.5826835891212323,0
937,0.4562434714982001,1.5826835891212323,1.5826835891212323,0
938,0.4539622541407091,1.5826835891212323,1.5826835891212323,0
939,0.4516924428700056,1.5826835891212323,1.5826835891212323,0
940,0.44943398065565554,1.5826835891212323,1.5826835891212323,0
941,0.44718681075237726,1.5826835891212323,1.5826835891212323,0
942,0.4449508766986154,1.5553908165153474,1.5553908165153474,1
943,0.4427261223151223,1.5553908165153474,1.5553908165153474,0
944,0.4405124917035467,1.5553908165153474,1.5553908165153474,0
945,0.438309929245029,1.5553908165153474,1.5553908165153474,0
946,0.43611837959880384,1.5553908165153474,1.5553908165153474,0
947,0.4339377877008098,1.5553908165153474,1.5553908165153474,0
948,0.43176809876230576,1.5553908165153474,1.5553908165153474,0
949,0.4296092582684942,1.5553908165153474,1.5553908165153474,0
950,0.42746121197715176,1.5553908165153474,1.5553908165153474,0
951,0.425323905917266,1.5553908165153474,1.5553908165153474,0
952,0.42319728638767967,1.5553908165153474,1.5553908165153474,0
953,0.4210812999557413,1.5553908165153474,1.5553908165153474,0
954,0.4189758934559626,1.5553908165153474,1.5553908165153474,0
955,0.41688101398868277,1.5553908165153474,1.5553908165153474,0
956,0.4147966089187394,1.5553908165153474,1.5553908165153474,0
957,0.41272262587414565,1.5553908165153474,1.5553908165153474,0
958,0.4106590127447749,1.4058322797772917,1.4058322797772917,1
959,0.40860571768105103,1.4058322797772917,1.4058322797772917,0
960,0.40656268909264576,1.4058322797772917,1.4058322797772917,0
961,0.4045298756471825,1.4058322797772917,1.4058322797772917,0
962,0.4025072262689466,1.4058322797772917,1.4058322797772917,0
963,0.40049469013760186,1.4058322797772917,1.4058322797772917,0
964,0.39849221668691387,1.4058322797772917,1.4058322797772917,0
965,0.3964997556034793,1.4058322797772917,1.4058322797772917,0
966,0.3945172568254619,1.4058322797772917,1.4058322797772917,0
967,0.3925446705413346,1.4058322797772917,1.4058322797772917,0
968,0.3905819471886279,1.4058322797772917,1.4058322797772917,0
969,0.38862903745268473,1.4058322797772917,1.4058322797772917,0
970,0.3866858922654213,1.4058322797772917,1.4058322797772917,0
971,0.3847524628040942,1.4058322797772917,1.4058322797772917,0
972,0.3828287004900737,1.4058322797772917,1.4058322797772917,0
973,0.38091455698762333,1.4058322797772917,1.4058322797772917,0
974,0.3790099842026852,1.4058322797772917,1.4058322797772917,0
975,0.3771149342816718,1.4058322797772917,1.4058322797772917,0
976,0.37522935961026344,1.4058322797772917,1.4058322797772917,0
977,0.3733532128122121,1.4058322797772917,1.4058322797772917,0
978,0.37148644674815107,1.4058322797772917,1.4058322797772917,0
979,0.3696290145144103,1.4058322797772917,1.4058322797772917,0
980,0.3677808694418383,1.4058322797772917,1.4058322797772917,0
981,0.3659419650946291,1.4058322797772917,1.4058322797772917,0
982,0.36411225526915597,1.4058322797772917,1.4058322797772917,0
983,0.3622916939928102,1.4058322797772917,1.4058322797772917,0
984,0.36048023552284614,1.4058322797772917,1.4058322797772917,0
985,0.3586778343452319,1.4058322797772917,1.4058322797772917,0
986,0.35688444517350576,1.4810887517480036,1.4058322797772917,1
987,0.3551000229476382,1.4810887517480036,1.4058322797772917,0
988,0.3533245228329,1.4810887517480036,1.4058322797772917,0
989,0.3515579002187355,1.4810887517480036,1.4058322797772917,0
990,0.34980011071764183,1.4810887517480036,1.4058322797772917,0
991,0.3480511101640536,1.4810887517480036,1.4058322797772917,0
992,0.34631085461323335,1.4810887517480036,1.4058322797772917,0
993,0.3445793003401672,1.4810887517480036,1.4058322797772917,0
994,0.3428564038384664,1.4810887517480036,1.4058322797772917,0
995,0.34114212181927406,1.4810887517480036,1.4058322797772917,0
996,0.3394364112101777,1.4810887517480036,1.4058322797772917,0
997,0.3377392291541268,1.4810887517480036,1.4058322797772917,0
998,0.33605053300835613,1.4810887517480036,1.4058322797772917,0
999,0.33437028034331434,1.4810887517480036,1.4058322797772917,0
1000,0.3326984289415978,1.4810887517480036,1.4058322797772917,0
1001,0.3310349367968898,1.4810887517480036,1.4058322797772917,0
1002,0.3293797621129053,1.4810887517480036,1.4058322797772917,0
1003,0.3277328633023408,1.4810887517480036,1.4058322797772917,0
1004,0.3260941989858291,1.4810887517480036,1.4058322797772917,0
1005,0.32446372799089995,1.4810887517480036,1.4058322797772917,0
1006,0.32284140935094546,1.4810887517480036,1.4058322797772917,0
1007,0.3212272023041907,1.4810887517480036,1.4058322797772917,0
1008,0.3196210662926698,1.4810887517480036,1.4058322797772917,0
1009,0.3180229609612064,1.4810887517480036,1.4058322797772917,0
1010,0.3164328461564004,1.4810887517480036,1.4058322797772917,0
1011,0.3148506819256184,1.4810887517480036,1.4058322797772917,0
1012,0.3132764285159903,1.4810887517480036,1.4058322797772917,0
1013,0.3117100463734103,2.384599937508807,1.4058322797772917,1
1014,0.31015149614154325,2.384599937508807,1.4058322797772917,0
1015,0.30860073866083554,2.384599937508807,1.4058322797772917,0
1016,0.30705773496753136,2.384599937508807,1.4058322797772917,0
1017,0.3055224462926937,2.384599937508807,1.4058322797772917,0
1018,0.30399483406123023,2.384599937508807,1.4058322797772917,0
1019,0.3024748598909241,2.384599937508807,1.4058322797772917,0
1020,0.3009624855914695,2.384599937508807,1.4058322797772917,0
1021,0.29945767316351213,2.384599937508807,1.4058322797772917,0
1022,0.29796038479769454,2.384599937508807,1.4058322797772917,0
1023,0.2964705828737061,2.384599937508807,1.4058322797772917,0
1024,0.29498822995933754,2.384599937508807,1.4058322797772917,0
1025,0.29351328880954086,2.384599937508807,1.4058322797772917,0
1026,0.29204572236549314,2.384599937508807,1.4058322797772917,0
1027,0.29058549375366566,1.067794616033169,1.067794616033169,1
1028,0.2891325662848973,1.067794616033169,1.067794616033169,0
1029,0.2876869034534728,1.067794616033169,1.067794616033169,0
1030,0.2862484689362054,1.067794616033169,1.067794616033169,0
1031,0.2848172265915244,1.067794616033169,1.067794616033169,0
1032,0.2833931404585668,1.067794616033169,1.067794616033169,0
1033,0.28197617475627396,1.067794616033169,1.067794616033169,0
1034,0.2805662938824926,1.067794616033169,1.067794616033169,0
1035,0.27916346241308015,1.067794616033169,1.067794616033169,0
1036,0.27776764510101476,1.067794616033169,1.067794616033169,0
1037,0.2763788068755097,1.067794616033169,1.067794616033169,0
1038,0.27499691284113215,1.067794616033169,1.067794616033169,0
1039,0.2736219282769265,1.067794616033169,1.067794616033169,0
1040,0.2722538186355419,1.067794616033169,1.067794616033169,0
1041,0.2708925495423642,1.067794616033169,1.067794616033169,0
1042,0.26953808679465235,1.067794616033169,1.067794616033169,0
1043,0.2681903963606791,1.067794616033169,1.067794616033169,0
1044,0.2668494443788757,1.661131586485472,1.067794616033169,1
1045,0.2655151971569813,1.661131586485472,1.067794616033169,0
1046,0.2641876211711964,1.661131586485472,1.067794616033169,0
1047,0.2628666830653404,1.661131586485472,1.067794616033169,0
1048,0.26155234965001367,1.661131586485472,1.067794616033169,0
1049,0.2602445879017636,1.661131586485472,1.067794616033169,0
1050,0.2589433649622548,1.661131586485472,1.067794616033169,0
1051,0.25764864813744354,1.661131586485472,1.067794616033169,0
1052,0.2563604048967563,1.661131586485472,1.067794616033169,0
1053,0.2550786028722725,1.661131586485472,1.067794616033169,0
1054,0.25380320985791116,1.661131586485472,1.067794616033169,0
1055,0.2525341938086216,1.661131586485472,1.067794616033169,0
1056,0.2512715228395785,1.661131586485472,1.067794616033169,0
1057,0.2500151652253806,1.661131586485472,1.067794616033169,0
1058,0.24876508939925368,1.661131586485472,1.067794616033169,0
1059,0.2475212639522574,1.661131586485472,1.067794616033169,0
1060,0.24628365763249613,1.661131586485472,1.067794616033169,0
1061,0.24505223934433365,1.661131586485472,1.067794616033169,0
1062,0.24382697814761198,1.661131586485472,1.067794616033169,0
1063,0.24260784325687393,1.661131586485472,1.067794616033169,0
1064,0.24139480404058955,1.661131586485472,1.067794616033169,0
1065,0.2401878300203866,1.661131586485472,1.067794616033169,0
1066,0.23898689087028466,1.661131586485472,1.067794616033169,0
1067,0.23779195641593323,1.661131586485472,1.067794616033169,0
1068,0.23660299663385356,1.661131586485472,1.067794616033169,0
1069,0.23541998165068428,1.661131586485472,1.067794616033169,0
1070,0.23424288174243085,1.661131586485472,1.067794616033169,0
1071,0.2330716673337187,1.661131586485472,1.067794616033169,0
1072,0.23190630899705011,1.661131586485472,1.067794616033169,0
1073,0.23074677745206487,1.661131586485472,1.067794616033169,0
1074,0.22959304356480453,1.661131586485472,1.067794616033169,0
1075,0.2284450783469805,1.661131586485472,1.067794616033169,0
1076,0.2273028529552456,1.661131586485472,1.067794616033169,0
1077,0.22616633869046937,1.661131586485472,1.067794616033169,0
1078,0.22503550699701702,1.661131586485472,1.067794616033169,0
1079,0.22391032946203193,1.661131586485472,1.067794616033169,0
1080,0.22279077781472176,1.661131586485472,1.067794616033169,0
1081,0.22167682392564814,1.661131586485472,1.067794616033169,0
1082,0.2205684398060199,1.661131586485472,1.067794616033169,0
1083,0.2194655976069898,1.661131586485472,1.067794616033169,0
1084,0.21836826961895486,1.661131586485472,1.067794616033169,0
1085,0.21727642827086008,1.661131586485472,1.067794616033169,0
1086,0.21619004612950576,1.661131586485472,1.067794616033169,0
1087,0.21510909589885824,1.661131586485472,1.067794616033169,0
1088,0.21403355041936395,1.661131586485472,1.067794616033169,0
1089,0.21296338266726714,1.661131586485472,1.067794616033169,0
1090,0.2118985657539308,1.661131586485472,1.067794616033169,0
1091,0.21083907292516113,1.661131586485472,1.067794616033169,0
1092,0.20978487756053532,1.661131586485472,1.067794616033169,0
1093,0.20873595317273264,1.661131586485472,1.067794616033169,0
1094,0.20769227340686897,1.661131586485472,1.067794616033169,0
1095,0.20665381203983463,1.661131586485472,1.067794616033169,0
1096,0.20562054297963545,1.661131586485472,1.067794616033169,0
1097,0.20459244026473727,1.661131586485472,1.067794616033169,0
1098,0.20356947806341358,1.661131586485472,1.067794616033169,0
1099,0.2025516306730965,1.661131586485472,1.067794616033169,0
1100,0.20153887251973102,1.661131586485472,1.067794616033169,0
1101,0.20053117815713237,1.661131586485472,1.067794616033169,0
1102,0.1995285222663467,1.661131586485472,1.067794616033169,0
1103,0.19853087965501498,1.661131586485472,1.067794616033169,0
1104,0.1975382252567399,1.661131586485472,1.067794616033169,0
1105,0.1965505341304562,1.113532338455232,1.067794616033169,1
1106,0.1955677814598039,1.113532338455232,1.067794616033169,0
1107,0.1945899425525049,1.113532338455232,1.067794616033169,0
1108,0.19361699283974237,1.113532338455232,1.067794616033169,0
1109,0.19264890787554367,1.113532338455232,1.067794616033169,0
1110,0.19168566333616596,1.113532338455232,1.067794616033169,0
1111,0.19072723501948513,1.113532338455232,1.067794616033169,0
1112,0.18977359884438771,1.113532338455232,1.067794616033169,0
1113,0.18882473085016577,1.113532338455232,1.067794616033169,0
1114,0.18788060719591493,1.113532338455232,1.067794616033169,0
1115,0.18694120415993534,1.113532338455232,1.067794616033169,0
1116,0.18600649813913567,1.113532338455232,1.067794616033169,0
1117,0.18507646564844,1.113532338455232,1.067794616033169,0
1118,0.18415108332019778,1.113532338455232,1.067794616033169,0
1119,0.18323032790359678,1.113532338455232,1.067794616033169,0
1120,0.18231417626407878,1.113532338455232,1.067794616033169,0
1121,0.18140260538275838,1.113532338455232,1.067794616033169,0
1122,0.1804955923558446,1.113532338455232,1.067794616033169,0
1123,0.17959311439406536,1.113532338455232,1.067794616033169,0
1124,0.17869514882209503,1.113532338455232,1.067794616033169,0
1125,0.17780167307798456,1.113532338455232,1.067794616033169,0
1126,0.17691266471259462,1.113532338455232,1.067794616033169,0
1127,0.17602810138903163,1.113532338455232,1.067794616033169,0
1128,0.17514796088208648,1.113532338455232,1.067794616033169,0
1129,0.17427222107767604,1.113532338455232,1.067794616033169,0
1130,0.17340085997228766,1.113532338455232,1.067794616033169,0
1131,0.1725338556724262,1.113532338455232,1.067794616033169,0
1132,0.1716711863940641,1.113532338455232,1.067794616033169,0
1133,0.17081283046209378,1.113532338455232,1.067794616033169,0
1134,0.16995876630978332,1.113532338455232,1.067794616033169,0
1135,0.1691089724782344,1.113532338455232,1.067794616033169,0
1136,0.16826342761584323,1.113532338455232,1.067794616033169,0
1137,0.167422110477764,1.113532338455232,1.067794616033169,0
1138,0.16658499992537518,1.113532338455232,1.067794616033169,0
1139,0.1657520749257483,1.113532338455232,1.067794616033169,0
1140,0.16492331455111958,1.113532338455232,1.067794616033169,0
1141,0.164098697978364,1.113532338455232,1.067794616033169,0
1142,0.16327820448847216,1.113532338455232,1.067794616033169,0
1143,0.1624618134660298,1.113532338455232,1.067794616033169,0
1144,0.16164950439869966,1.113532338455232,1.067794616033169,0
1145,0.16084125687670617,1.113532338455232,1.067794616033169,0
1146,0.16003705059232265,1.113532338455232,1.067794616033169,0
1147,0.15923686533936104,1.113532338455232,1.067794616033169,0
1148,0.15844068101266423,1.113532338455232,1.067794616033169,0
1149,0.1576484776076009,1.113532338455232,1.067794616033169,0
1150,0.15686023521956288,1.113532338455232,1.067794616033169,0
1151,0.15607593404346506,1.113532338455232,1.067794616033169,0
1152,0.15529555437324774,1.113532338455232,1.067794616033169,0
1153,0.1545190766013815,1.113532338455232,1.067794616033169,0
1154,0.1537464812183746,1.113532338455232,1.067794616033169,0
1155,0.1529777488122827,1.113532338455232,1.067794616033169,0
1156,0.1522128600682213,1.113532338455232,1.067794616033169,0
1157,0.15145179576788018,1.113532338455232,1.067794616033169,0
1158,0.15069453678904077,1.113532338455232,1.067794616033169,0
1159,0.14994106410509556,1.113532338455232,1.067794616033169,0
1160,0.14919135878457007,1.113532338455232,1.067794616033169,0
1161,0.1484454019906472,1.113532338455232,1.067794616033169,0
1162,0.14770317498069396,1.113532338455232,1.067794616033169,0
1163,0.14696465910579048,1.113532338455232,1.067794616033169,0
1164,0.14622983581026153,1.113532338455232,1.067794616033169,0
1165,0.1454986866312102,1.113532338455232,1.067794616033169,0
1166,0.14477119319805415,1.113532338455232,1.067794616033169,0
1167,0.14404733723206387,1.113532338455232,1.067794616033169,0
1168,0.14332710054590356,1.113532338455232,1.067794616033169,0
1169,0.14261046504317404,1.113532338455232,1.067794616033169,0
1170,0.14189741271795817,1.113532338455232,1.067794616033169,0
1171,0.14118792565436838,1.113532338455232,1.067794616033169,0
1172,0.14048198602609654,1.113532338455232,1.067794616033169,0
1173,0.13977957609596606,1.113532338455232,1.067794616033169,0
1174,0.13908067821548623,1.113532338455232,1.067794616033169,0
1175,0.1383852748244088,1.113532338455232,1.067794616033169,0
1176,0.13769334845028675,1.113532338455232,1.067794616033169,0
1177,0.13700488170803532,1.113532338455232,1.067794616033169,0
1178,0.13631985729949514,1.113532338455232,1.067794616033169,0
1179,0.13563825801299767,1.113532338455232,1.067794616033169,0
1180,0.13496006672293268,1.113532338455232,1.067794616033169,0
1181,0.134285266389318,1.113532338455232,1.067794616033169,0
1182,0.13361384005737142,1.113532338455232,1.067794616033169,0
1183,0.13294577085708456,1.113532338455232,1.067794616033169,0
1184,0.13228104200279914,1.113532338455232,1.067794616033169,0
1185,0.13161963679278513,1.113532338455232,1.067794616033169,0
1186,0.1309615386088212,1.113532338455232,1.067794616033169,0
1187,0.1303067309157771,1.113532338455232,1.067794616033169,0
1188,0.12965519726119823,1.113532338455232,1.067794616033169,0
1189,0.12900692127489224,1.113532338455232,1.067794616033169,0
1190,0.12836188666851778,1.113532338455232,1.067794616033169,0
1191,0.1277200772351752,1.113532338455232,1.067794616033169,0
1192,0.12708147684899931,1.113532338455232,1.067794616033169,0
1193,0.1264460694647543,1.113532338455232,1.067794616033169,0
1194,0.12581383911743055,1.113532338455232,1.067794616033169,0
1195,0.1251847699218434,1.113532338455232,1.067794616033169,0
1196,0.12455884607223419,1.113532338455232,1.067794616033169,0
1197,0.12393605184187302,1.113532338455232,1.067794616033169,0
1198,0.12331637158266366,1.113532338455232,1.067794616033169,0
1199,0.12269978972475035,1.113532338455232,1.067794616033169,0
1200,0.1220862907761266,1.113532338455232,1.067794616033169,0
1201,0.12147585932224596,1.113532338455232,1.067794616033169,0
1202,0.12086848002563473,1.113532338455232,1.067794616033169,0
1203,0.12026413762550656,1.113532338455232,1.067794616033169,0
1204,0.11966281693737903,1.113532338455232,1.067794616033169,0
1205,0.11906450285269213,1.113532338455232,1.067794616033169,0
1206,0.11846918033842867,1.113532338455232,1.067794616033169,0
1207,0.11787683443673652,1.0025223375823287,1.0025223375823287,1
1208,0.11728745026455284,1.0025223375823287,1.0025223375823287,0
1209,0.11670101301323008,1.0025223375823287,1.0025223375823287,0
1210,0.11611750794816393,1.0025223375823287,1.0025223375823287,0
1211,0.11553692040842312,1.0025223375823287,1.0025223375823287,0
1212,0.114959235806381,1.0025223375823287,1.0025223375823287,0
1213,0.1143844396273491,1.0025223375823287,1.0025223375823287,0
1214,0.11381251742921235,1.0025223375823287,1.0025223375823287,0
1215,0.11324345484206629,1.0025223375823287,1.0025223375823287,0
1216,0.11267723756785596,1.0025223375823287,1.0025223375823287,0
1217,0.11211385138001667,1.0025223375823287,1.0025223375823287,0
1218,0.11155328212311659,1.0025223375823287,1.0025223375823287,0
1219,0.110995515712501,1.0025223375823287,1.0025223375823287,0
1220,0.1104405381339385,1.0025223375823287,1.0025223375823287,0
1221,0.10988833544326881,1.0025223375823287,1.0025223375823287,0
1222,0.10933889376605246,1.0025223375823287,1.0025223375823287,0
1223,0.1087921992972222,1.0025223375823287,1.0025223375823287,0
1224,0.10824823830073609,1.0025223375823287,1.0025223375823287,0
1225,0.1077069971092324,1.0025223375823287,1.0025223375823287,0
1226,0.10716846212368623,1.0025223375823287,1.0025223375823287,0
1227,0.1066326198130678,1.0025223375823287,1.0025223375823287,0
1228,0.10609945671400246,1.0025223375823287,1.0025223375823287,0
1229,0.10556895943043244,1.0838776516219177,1.0025223375823287,1
1230,0.10504111463328028,1.0838776516219177,1.0025223375823287,0
1231,0.10451590906011388,1.0838776516219177,1.0025223375823287,0
1232,0.10399332951481331,1.0838776516219177,1.0025223375823287,0
1233,0.10347336286723925,1.0838776516219177,1.0025223375823287,0
1234,0.10295599605290305,1.0838776516219177,1.0025223375823287,0
1235,0.10244121607263854,1.0838776516219177,1.0025223375823287,0
1236,0.10192900999227535,1.0838776516219177,1.0025223375823287,0
1237,0.10141936494231397,1.0838776516219177,1.0025223375823287,0
1238,0.1009122681176024,1.0838776516219177,1.0025223375823287,0
1239,0.10040770677701438,1.0838776516219177,1.0025223375823287,0
1240,0.09990566824312931,1.0838776516219177,1.0025223375823287,0
1241,0.09940613990191366,1.0838776516219177,1.0025223375823287,0
1242,0.09890910920240409,1.0838776516219177,1.0025223375823287,0
1243,0.09841456365639206,1.0838776516219177,1.0025223375823287,0
1244,0.0979224908381101,1.0838776516219177,1.0025223375823287,0
1245,0.09743287838391955,1.0838776516219177,1.0025223375823287,0
1246,0.09694571399199996,1.0838776516219177,1.0025223375823287,0
1247,0.09646098542203996,1.0838776516219177,1.0025223375823287,0
1248,0.09597868049492976,1.0838776516219177,1.0025223375823287,0
1249,0.09549878709245511,1.0838776516219177,1.0025223375823287,0
1250,0.09502129315699284,1.0838776516219177,1.0025223375823287,0
1251,0.09454618669120787,1.0838776516219177,1.0025223375823287,0
1252,0.09407345575775183,1.0838776516219177,1.0025223375823287,0
1253,0.09360308847896308,1.0838776516219177,1.0025223375823287,0
1254,0.09313507303656826,1.0838776516219177,1.0025223375823287,0
1255,0.09266939767138542,1.0838776516219177,1.0025223375823287,0
1256,0.09220605068302849,1.0838776516219177,1.0025223375823287,0
1257,0.09174502042961336,1.0838776516219177,1.0025223375823287,0
1258,0.0912862953274653,1.0838776516219177,1.0025223375823287,0
1259,0.09082986385082797,1.0838776516219177,1.0025223375823287,0
1260,0.09037571453157384,1.0838776516219177,1.0025223375823287,0
1261,0.08992383595891597,1.0838776516219177,1.0025223375823287,0
1262,0.08947421677912139,1.0838776516219177,1.0025223375823287,0
1263,0.08902684569522579,1.0838776516219177,1.0025223375823287,0
1264,0.08858171146674966,1.0838776516219177,1.0025223375823287,0
1265,0.0881388029094159,1.0838776516219177,1.0025223375823287,0
1266,0.08769810889486883,1.0838776516219177,1.0025223375823287,0
1267,0.08725961835039449,1.0838776516219177,1.0025223375823287,0
1268,0.08682332025864252,1.0838776516219177,1.0025223375823287,0
1269,0.08638920365734931,1.0838776516219177,1.0025223375823287,0
1270,0.08595725763906256,1.0838776516219177,1.0025223375823287,0
1271,0.08552747135086725,1.0838776516219177,1.0025223375823287,0
1272,0.0850998339941129,1.0838776516219177,1.0025223375823287,0
1273,0.08467433482414234,1.0838776516219177,1.0025223375823287,0
1274,0.08425096315002163,1.0838776516219177,1.0025223375823287,0
1275,0.08382970833427153,1.0838776516219177,1.0025223375823287,0
1276,0.08341055979260018,1.0838776516219177,1.0025223375823287,0
1277,0.08299350699363717,1.0838776516219177,1.0025223375823287,0
1278,0.08257853945866898,1.0838776516219177,1.0025223375823287,0
1279,0.08216564676137564,1.0838776516219177,1.0025223375823287,0
1280,0.08175481852756876,1.0838776516219177,1.0025223375823287,0
1281,0.08134604443493092,1.0838776516219177,1.0025223375823287,0
1282,0.08093931421275626,1.0838776516219177,1.0025223375823287,0
1283,0.08053461764169248,1.0838776516219177,1.0025223375823287,0
1284,0.08013194455348402,1.0838776516219177,1.0025223375823287,0
1285,0.07973128483071659,1.0838776516219177,1.0025223375823287,0
1286,0.07933262840656301,1.0838776516219177,1.0025223375823287,0
1287,0.07893596526453019,1.0838776516219177,1.0025223375823287,0
1288,0.07854128543820753,1.0838776516219177,1.0025223375823287,0
1289,0.07814857901101649,1.0838776516219177,1.0025223375823287,0
1290,0.0777578361159614,1.0838776516219177,1.0025223375823287,0
1291,0.0773690469353816,1.0838776516219177,1.0025223375823287,0
1292,0.07698220170070469,1.0838776516219177,1.0025223375823287,0
1293,0.07659729069220117,1.0838776516219177,1.0025223375823287,0
1294,0.07621430423874016,1.0838776516219177,1.0025223375823287,0
1295,0.07583323271754647,1.0838776516219177,1.0025223375823287,0
1296,0.07545406655395874,1.0838776516219177,1.0025223375823287,0
1297,0.07507679622118894,1.0838776516219177,1.0025223375823287,0
1298,0.074701412240083,1.0838776516219177,1.0025223375823287,0
1299,0.07432790517888259,1.0838776516219177,1.0025223375823287,0
1300,0.07395626565298817,1.0838776516219177,1.0025223375823287,0
1301,0.07358648432472323,1.0838776516219177,1.0025223375823287,0
1302,0.07321855190309962,1.0838776516219177,1.0025223375823287,0
1303,0.07285245914358411,1.0838776516219177,1.0025223375823287,0
1304,0.07248819684786618,1.0838776516219177,1.0025223375823287,0
1305,0.07212575586362685,1.0838776516219177,1.0025223375823287,0
1306,0.07176512708430871,1.0838776516219177,1.0025223375823287,0
1307,0.07140630144888717,1.0838776516219177,1.0025223375823287,0
1308,0.07104926994164273,1.0838776516219177,1.0025223375823287,0
1309,0.07069402359193452,1.0838776516219177,1.0025223375823287,0
1310,0.07034055347397485,1.0838776516219177,1.0025223375823287,0
1311,0.06998885070660497,1.0838776516219177,1.0025223375823287,0
1312,0.06963890645307196,1.0838776516219177,1.0025223375823287,0
1313,0.06929071192080659,1.0838776516219177,1.0025223375823287,0
1314,0.06894425836120256,1.0838776516219177,1.0025223375823287,0
1315,0.06859953706939655,1.0838776516219177,1.0025223375823287,0
1316,0.06825653938404956,1.0838776516219177,1.0025223375823287,0
1317,0.06791525668712932,1.0838776516219177,1.0025223375823287,0
1318,0.06757568040369367,1.0838776516219177,1.0025223375823287,0
1319,0.0672378020016752,1.0838776516219177,1.0025223375823287,0
1320,0.06690161299166683,1.0838776516219177,1.0025223375823287,0
1321,0.0665671049267085,1.0838776516219177,1.0025223375823287,0
1322,0.06623426940207496,1.0838776516219177,1.0025223375823287,0
1323,0.06590309805506459,1.0838776516219177,1.0025223375823287,0
1324,0.06557358256478926,1.0838776516219177,1.0025223375823287,0
1325,0.06524571465196531,1.0838776516219177,1.0025223375823287,0
1326,0.06491948607870549,1.0838776516219177,1.0025223375823287,0
1327,0.06459488864831196,1.0838776516219177,1.0025223375823287,0
1328,0.0642719142050704,1.0838776516219177,1.0025223375823287,0
1329,0.06395055463404505,1.0838776516219177,1.0025223375823287,0
1330,0.06363080186087482,1.0838776516219177,1.0025223375823287,0
1331,0.06331264785157044,1.0838776516219177,1.0025223375823287,0
1332,0.06299608461231258,1.0838776516219177,1.0025223375823287,0
1333,0.06268110418925102,1.0838776516219177,1.0025223375823287,0
1334,0.062367698668304765,1.0838776516219177,1.0025223375823287,0
1335,0.06205586017496324,1.0838776516219177,1.0025223375823287,0
1336,0.06174558087408843,1.0838776516219177,1.0025223375823287,0
1337,0.06143685296971799,1.0838776516219177,1.0025223375823287,0
1338,0.0611296687048694,1.0838776516219177,1.0025223375823287,0
1339,0.06082402036134505,1.0838776516219177,1.0025223375823287,0
1340,0.06051990025953832,1.0838776516219177,1.0025223375823287,0
1341,0.06021730075824063,1.0838776516219177,1.0025223375823287,0
1342,0.05991621425444943,1.0838776516219177,1.0025223375823287,0
1343,0.059616633183177184,1.0838776516219177,1.0025223375823287,0
1344,0.0593185500172613,1.0838776516219177,1.0025223375823287,0
1345,0.059021957267175,1.0838776516219177,1.0025223375823287,0
1346,0.058726847480839124,1.0838776516219177,1.0025223375823287,0
1347,0.05843321324343493,1.0838776516219177,1.0025223375823287,0
1348,0.058141047177217756,0.8701329712582008,0.8701329712582008,1
1349,0.057850341941331665,0.8701329712582008,0.8701329712582008,0
1350,0.057561090231625006,0.8701329712582008,0.8701329712582008,0
1351,0.05727328478046688,0.8701329712582008,0.8701329712582008,0
1352,0.056986918356564546,0.8701329712582008,0.8701329712582008,0
1353,0.05670198376478172,0.8701329712582008,0.8701329712582008,0
1354,0.056418473845957814,0.8701329712582008,0.8701329712582008,0
1355,0.056136381476728024,0.8701329712582008,0.8701329712582008,0
1356,0.055855699569344386,0.8701329712582008,0.8701329712582008,0
1357,0.05557642107149766,0.8701329712582008,0.8701329712582008,0
1358,0.055298538966140176,0.8701329712582008,0.8701329712582008,0
1359,0.05502204627130947,0.8701329712582008,0.8701329712582008,0
1360,0.054746936039952926,0.8701329712582008,0.8701329712582008,0
1361,0.054473201359753164,0.8701329712582008,0.8701329712582008,0
1362,0.0542008353529544,0.8701329712582008,0.8701329712582008,0
1363,0.05392983117618962,0.8701329712582008,0.8701329712582008,0
1364,0.05366018202030867,0.8701329712582008,0.8701329712582008,0
1365,0.05339188111020713,0.8701329712582008,0.8701329712582008,0
1366,0.053124921704656096,0.8701329712582008,0.8701329712582008,0
1367,0.052859297096132817,0.8701329712582008,0.8701329712582008,0
1368,0.05259500061065215,0.8701329712582008,0.8701329712582008,0
1369,0.05233202560759889,0.8701329712582008,0.8701329712582008,0
1370,0.0520703654795609,0.8701329712582008,0.8701329712582008,0
1371,0.051810013652163096,0.8701329712582008,0.8701329712582008,0
1372,0.05155096358390228,0.8701329712582008,0.8701329712582008,0
1373,0.05129320876598277,0.8701329712582008,0.8701329712582008,0
1374,0.051036742722152854,0.8701329712582008,0.8701329712582008,0
1375,0.05078155900854209,0.8701329712582008,0.8701329712582008,0
1376,0.05052765121349938,0.8701329712582008,0.8701329712582008,0
1377,0.05027501295743188,0.8701329712582008,0.8701329712582008,0
1378,0.05002363789264472,0.8701329712582008,0.8701329712582008,0
1379,0.049773519703181494,0.8701329712582008,0.8701329712582008,0
1380,0.049524652104665584,0.8701329712582008,0.8701329712582008,0
1381,0.04927702884414226,0.8701329712582008,0.8701329712582008,0
1382,0.04903064369992154,0.8701329712582008,0.8701329712582008,0
1383,0.04878549048142194,0.8701329712582008,0.8701329712582008,0
1384,0.04854156302901483,0.8701329712582008,0.8701329712582008,0
1385,0.04829885521386976,0.8701329712582008,0.8701329712582008,0
1386,0.04805736093780041,0.8701329712582008,0.8701329712582008,0
1387,0.047817074133111405,0.8701329712582008,0.8701329712582008,0
1388,0.04757798876244585,0.8701329712582008,0.8701329712582008,0
1389,0.04734009881863362,0.8701329712582008,0.8701329712582008,0
1390,0.047103398324540455,0.8701329712582008,0.8701329712582008,0
1391,0.04686788133291775,0.8701329712582008,0.8701329712582008,0
1392,0.04663354192625316,0.8701329712582008,0.8701329712582008,0
1393,0.046400374216621895,0.8701329712582008,0.8701329712582008,0
1394,0.046168372345538784,0.8701329712582008,0.8701329712582008,0
1395,0.04593753048381109,0.8701329712582008,0.8701329712582008,0
1396,0.04570784283139204,0.8701329712582008,0.8701329712582008,0
1397,0.045479303617235074,0.8701329712582008,0.8701329712582008,0
1398,0.0452519070991489,0.8701329712582008,0.8701329712582008,0
1399,0.045025647563653154,0.8701329712582008,0.8701329712582008,0
1400,0.04480051932583489,0.8701329712582008,0.8701329712582008,0
1401,0.04457651672920571,0.8701329712582008,0.8701329712582008,0
1402,0.044353634145559685,0.8701329712582008,0.8701329712582008,0
1403,0.04413186597483189,0.8701329712582008,0.8701329712582008,0
1404,0.04391120664495773,0.8701329712582008,0.8701329712582008,0
1405,0.04369165061173294,0.8701329712582008,0.8701329712582008,0
1406,0.04347319235867428,0.8701329712582008,0.8701329712582008,0
1407,0.04325582639688091,0.8701329712582008,0.8701329712582008,0
1408,0.043039547264896505,0.8701329712582008,0.8701329712582008,0
1409,0.042824349528572024,0.8701329712582008,0.8701329712582008,0
1410,0.04261022778092916,0.8701329712582008,0.8701329712582008,0
1411,0.04239717664202452,0.8701329712582008,0.8701329712582008,0
1412,0.0421851907588144,0.8701329712582008,0.8701329712582008,0
1413,0.041974264805020325,0.8701329712582008,0.8701329712582008,0
1414,0.04176439348099523,0.8701329712582008,0.8701329712582008,0
1415,0.04155557151359025,0.8701329712582008,0.8701329712582008,0
1416,0.0413477936560223,0.8701329712582008,0.8701329712582008,0
1417,0.041141054687742186,0.8701329712582008,0.8701329712582008,0
1418,0.040935349414303476,0.8701329712582008,0.8701329712582008,0
1419,0.04073067266723196,0.8701329712582008,0.8701329712582008,0
1420,0.0405270193038958,0.8701329712582008,0.8701329712582008,0
1421,0.04032438420737632,0.8701329712582008,0.8701329712582008,0
1422,0.04012276228633944,0.8701329712582008,0.8701329712582008,0
1423,0.03992214847490774,0.8701329712582008,0.8701329712582008,0
1424,0.0397225377325332,0.8701329712582008,0.8701329712582008,0
1425,0.039523925043870534,0.8701329712582008,0.8701329712582008,0
1426,0.03932630541865118,0.8701329712582008,0.8701329712582008,0
1427,0.03912967389155793,0.8701329712582008,0.8701329712582008,0
1428,0.03893402552210014,0.8701329712582008,0.8701329712582008,0
1429,0.03873935539448964,0.8701329712582008,0.8701329712582008,0
1430,0.03854565861751719,0.8701329712582008,0.8701329712582008,0
1431,0.0383529303244296,0.8701329712582008,0.8701329712582008,0
1432,0.03816116567280745,0.8701329712582008,0.8701329712582008,0
1433,0.03797035984444341,0.8701329712582008,0.8701329712582008,0
1434,0.0377805080452212,0.8701329712582008,0.8701329712582008,0
1435,0.037591605504995095,0.8701329712582008,0.8701329712582008,0
1436,0.03740364747747012,0.8701329712582008,0.8701329712582008,0
1437,0.03721662924008277,0.8701329712582008,0.8701329712582008,0
1438,0.03703054609388235,0.8701329712582008,0.8701329712582008,0
1439,0.036845393363412936,0.8701329712582008,0.8701329712582008,0
1440,0.03666116639659587,0.8701329712582008,0.8701329712582008,0
1441,0.03647786056461289,0.8701329712582008,0.8701329712582008,0
1442,0.03629547126178983,0.8701329712582008,0.8701329712582008,0
1443,0.03611399390548088,0.8701329712582008,0.8701329712582008,0
1444,0.03593342393595348,0.8701329712582008,0.8701329712582008,0
1445,0.03575375681627371,0.8701329712582008,0.8701329712582008,0
1446,0.03557498803219234,0.8701329712582008,0.8701329712582008,0
1447,0.035397113092031376,0.8701329712582008,0.8701329712582008,0
1448,0.03522012752657122,0.8701329712582008,0.8701329712582008,0
1449,0.035044026888938366,0.8701329712582008,0.8701329712582008,0
1450,0.03486880675449367,0.8701329712582008,0.8701329712582008,0
1451,0.0346944627207212,0.8701329712582008,0.8701329712582008,0
1452,0.03452099040711759,0.8701329712582008,0.8701329712582008,0
1453,0.034348385455082,0.8701329712582008,0.8701329712582008,0
1454,0.03417664352780659,0.8701329712582008,0.8701329712582008,0
1455,0.034005760310167554,0.8701329712582008,0.8701329712582008,0
1456,0.03383573150861672,0.8701329712582008,0.8701329712582008,0
1457,0.03366655285107364,0.8701329712582008,0.8701329712582008,0
1458,0.03349822008681827,0.8701329712582008,0.8701329712582008,0
1459,0.03333072898638418,0.8701329712582008,0.8701329712582008,0
1460,0.03316407534145226,0.8701329712582008,0.8701329712582008,0
1461,0.032998254964745,0.8701329712582008,0.8701329712582008,0
1462,0.032833263689921274,0.8701329712582008,0.8701329712582008,0
1463,0.03266909737147167,0.8701329712582008,0.8701329712582008,0
1464,0.03250575188461431,0.8701329712582008,0.8701329712582008,0
1465,0.03234322312519124,0.8701329712582008,0.8701329712582008,0
1466,0.03218150700956528,0.8701329712582008,0.8701329712582008,0
1467,0.03202059947451745,0.8701329712582008,0.8701329712582008,0
1468,0.03186049647714486,0.8701329712582008,0.8701329712582008,0
1469,0.03170119399475914,0.8701329712582008,0.8701329712582008,0
1470,0.03154268802478534,0.8701329712582008,0.8701329712582008,0
1471,0.03138497458466141,0.8701329712582008,0.8701329712582008,0
1472,0.031228049711738107,0.8701329712582008,0.8701329712582008,0
1473,0.031071909463179417,0.8701329712582008,0.8701329712582008,0
1474,0.03091654991586352,0.8701329712582008,0.8701329712582008,0
1475,0.0307619671662842,0.8701329712582008,0.8701329712582008,0
1476,0.030608157330452777,0.8701329712582008,0.8701329712582008,0
1477,0.030455116543800512,0.8701329712582008,0.8701329712582008,0
1478,0.03030284096108151,0.8701329712582008,0.8701329712582008,0
1479,0.030151326756276103,0.8701329712582008,0.8701329712582008,0
1480,0.030000570122494723,0.8701329712582008,0.8701329712582008,0
1481,0.02985056727188225,0.8701329712582008,0.8701329712582008,0
1482,0.02970131443552284,0.8701329712582008,0.8701329712582008,0
1483,0.029552807863345226,0.8701329712582008,0.8701329712582008,0
1484,0.0294050438240285,0.8701329712582008,0.8701329712582008,0
1485,0.029258018604908356,0.8701329712582008,0.8701329712582008,0
1486,0.029111728511883813,0.8701329712582008,0.8701329712582008,0
1487,0.028966169869324394,0.8701329712582008,0.8701329712582008,0
1488,0.02882133901997777,0.8701329712582008,0.8701329712582008,0
1489,0.028677232324877882,0.8701329712582008,0.8701329712582008,0
1490,0.028533846163253492,0.8701329712582008,0.8701329712582008,0
1491,0.028391176932437225,0.8701329712582008,0.8701329712582008,0
1492,0.02824922104777504,0.8701329712582008,0.8701329712582008,0
1493,0.028107974942536165,0.8701329712582008,0.8701329712582008,0
1494,0.027967435067823485,0.8701329712582008,0.8701329712582008,0
1495,0.027827597892484367,0.8701329712582008,0.8701329712582008,0
1496,0.027688459903021944,0.8701329712582008,0.8701329712582008,0
1497,0.027550017603506834,0.8701329712582008,0.8701329712582008,0
1498,0.0274122675154893,0.8701329712582008,0.8701329712582008,0
1499,0.027275206177911855,0.8701329712582008,0.8701329712582008,0
1500,0.027138830147022296,0.8701329712582008,0.8701329712582008,0
1501,0.027003135996287186,0.8701329712582008,0.8701329712582008,0
1502,0.02686812031630575,0.8701329712582008,0.8701329712582008,0
1503,0.026733779714724223,0.8701329712582008,0.8701329712582008,0
1504,0.0266001108161506,0.8701329712582008,0.8701329712582008,0
1505,0.026467110262069847,0.8701329712582008,0.8701329712582008,0
1506,0.026334774710759498,0.8701329712582008,0.8701329712582008,0
1507,0.0262031008372057,0.8701329712582008,0.8701329712582008,0
1508,0.026072085333019673,0.8701329712582008,0.8701329712582008,0
1509,0.025941724906354574,0.8701329712582008,0.8701329712582008,0
1510,0.0258120162818228,0.8701329712582008,0.8701329712582008,0
1511,0.025682956200413685,0.8701329712582008,0.8701329712582008,0
1512,0.025554541419411617,0.8701329712582008,0.8701329712582008,0
1513,0.025426768712314557,0.8701329712582008,0.8701329712582008,0
1514,0.025299634868752984,0.8701329712582008,0.8701329712582008,0
1515,0.02517313669440922,0.8701329712582008,0.8701329712582008,0
1516,0.025047271010937174,0.8701329712582008,0.8701329712582008,0
1517,0.02492203465588249,0.8701329712582008,0.8701329712582008,0
1518,0.024797424482603077,0.8701329712582008,0.8701329712582008,0
1519,0.02467343736019006,0.8701329712582008,0.8701329712582008,0
1520,0.024550070173389112,0.8701329712582008,0.8701329712582008,0
1521,0.024427319822522168,0.8701329712582008,0.8701329712582008,0
1522,0.024305183223409556,0.8701329712582008,0.8701329712582008,0
1523,0.024183657307292508,0.8701329712582008,0.8701329712582008,0
1524,0.024062739020756046,0.8701329712582008,0.8701329712582008,0
1525,0.023942425325652265,0.8701329712582008,0.8701329712582008,0
1526,0.023822713199024004,0.8701329712582008,0.8701329712582008,0
1527,0.023703599633028885,0.8701329712582008,0.8701329712582008,0
1528,0.023585081634863742,0.8701329712582008,0.8701329712582008,0
1529,0.023467156226689424,0.8701329712582008,0.8701329712582008,0
1530,0.023349820445555978,0.8701329712582008,0.8701329712582008,0
1531,0.023233071343328197,0.8701329712582008,0.8701329712582008,0
1532,0.023116905986611556,0.8701329712582008,0.8701329712582008,0
1533,0.0230013214566785,0.8701329712582008,0.8701329712582008,0
1534,0.022886314849395108,0.8701329712582008,0.8701329712582008,0
1535,0.022771883275148133,0.8701329712582008,0.8701329712582008,0
1536,0.022658023858772393,0.8701329712582008,0.8701329712582008,0
1537,0.02254473373947853,0.8701329712582008,0.8701329712582008,0
1538,0.02243201007078114,0.8701329712582008,0.8701329712582008,0
1539,0.022319850020427235,0.8701329712582008,0.8701329712582008,0
1540,0.022208250770325098,0.8701329712582008,0.8701329712582008,0
1541,0.02209720951647347,0.8701329712582008,0.8701329712582008,0
1542,0.021986723468891103,0.8701329712582008,0.8701329712582008,0
1543,0.021876789851546646,0.8701329712582008,0.8701329712582008,0
1544,0.021767405902288914,0.8701329712582008,0.8701329712582008,0
1545,0.021658568872777468,0.8701329712582008,0.8701329712582008,0
1546,0.02155027602841358,0.8701329712582008,0.8701329712582008,0
1547,0.021442524648271514,0.8701329712582008,0.8701329712582008,0
1548,0.021335312025030157,0.8701329712582008,0.8701329712582008,0
1549,0.021228635464905006,0.8701329712582008,0.8701329712582008,0
1550,0.02112249228758048,0.8701329712582008,0.8701329712582008,0
1551,0.021016879826142577,0.8701329712582008,0.8701329712582008,0
1552,0.020911795427011864,0.8701329712582008,0.8701329712582008,0
1553,0.020807236449876806,0.8701329712582008,0.8701329712582008,0
1554,0.02070320026762742,0.8701329712582008,0.8701329712582008,0
1555,0.020599684266289286,0.8701329712582008,0.8701329712582008,0
1556,0.02049668584495784,0.8701329712582008,0.8701329712582008,0
1557,0.020394202415733052,0.8701329712582008,0.8701329712582008,0
1558,0.02029223140365439,0.8701329712582008,0.8701329712582008,0
1559,0.020190770246636118,0.8701329712582008,0.8701329712582008,0
1560,0.020089816395402936,0.8701329712582008,0.8701329712582008,0
1561,0.01998936731342592,0.8701329712582008,0.8701329712582008,0
1562,0.019889420476858793,0.8701329712582008,0.8701329712582008,0
1563,0.0197899733744745,0.8701329712582008,0.8701329712582008,0
1564,0.019691023507602125,0.8701329712582008,0.8701329712582008,0
1565,0.019592568390064114,0.8701329712582008,0.8701329712582008,0
1566,0.019494605548113792,0.8701329712582008,0.8701329712582008,0
1567,0.019397132520373225,0.8701329712582008,0.8701329712582008,0
1568,0.019300146857771358,0.8701329712582008,0.8701329712582008,0
1569,0.0192036461234825,0.8701329712582008,0.8701329712582008,0
1570,0.019107627892865086,0.8701329712582008,0.8701329712582008,0
1571,0.01901208975340076,0.8701329712582008,0.8701329712582008,0
1572,0.018917029304633758,0.8701329712582008,0.8701329712582008,0
1573,0.018822444158110588,0.8701329712582008,0.8701329712582008,0
1574,0.018728331937320035,0.8701329712582008,0.8701329712582008,0
1575,0.018634690277633436,0.8701329712582008,0.8701329712582008,0
1576,0.018541516826245268,0.8701329712582008,0.8701329712582008,0
1577,0.01844880924211404,0.8701329712582008,0.8701329712582008,0
1578,0.01835656519590347,0.8701329712582008,0.8701329712582008,0
1579,0.018264782369923953,0.8701329712582008,0.8701329712582008,0
1580,0.018173458458074332,0.8701329712582008,0.8701329712582008,0
1581,0.01808259116578396,0.8701329712582008,0.8701329712582008,0
1582,0.01799217820995504,0.8701329712582008,0.8701329712582008,0
1583,0.017902217318905265,0.8701329712582008,0.8701329712582008,0
1584,0.017812706232310738,0.8701329712582008,0.8701329712582008,0
1585,0.017723642701149185,0.8701329712582008,0.8701329712582008,0
1586,0.01763502448764344,0.8701329712582008,0.8701329712582008,0
1587,0.01754684936520522,0.8701329712582008,0.8701329712582008,0
1588,0.017459115118379193,0.8701329712582008,0.8701329712582008,0
1589,0.017371819542787298,0.8701329712582008,0.8701329712582008,0
1590,0.017284960445073362,0.8701329712582008,0.8701329712582008,0
1591,0.017198535642847994,0.8701329712582008,0.8701329712582008,0
1592,0.017112542964633753,0.8701329712582008,0.8701329712582008,0
1593,0.017026980249810583,0.8701329712582008,0.8701329712582008,0
1594,0.01694184534856153,0.8701329712582008,0.8701329712582008,0
1595,0.016857136121818724,0.8701329712582008,0.8701329712582008,0
1596,0.01677285044120963,0.8701329712582008,0.8701329712582008,0
1597,0.016688986189003583,0.8701329712582008,0.8701329712582008,0
1598,0.016605541258058566,0.8701329712582008,0.8701329712582008,0
1599,0.016522513551768273,0.8701329712582008,0.8701329712582008,0
1600,0.01643990098400943,0.8701329712582008,0.8701329712582008,0
1601,0.01635770147908938,0.8701329712582008,0.8701329712582008,0
1602,0.016275912971693934,0.8701329712582008,0.8701329712582008,0
1603,0.016194533406835465,0.8701329712582008,0.8701329712582008,0
1604,0.01611356073980129,0.8701329712582008,0.8701329712582008,0
1605,0.016032992936102282,0.8701329712582008,0.8701329712582008,0
1606,0.01595282797142177,0.8701329712582008,0.8701329712582008,0
1607,0.01587306383156466,0.8701329712582008,0.8701329712582008,0
1608,0.015793698512406838,0.8701329712582008,0.8701329712582008,0
1609,0.015714730019844803,0.8701329712582008,0.8701329712582008,0
1610,0.01563615636974558,0.8701329712582008,0.8701329712582008,0
1611,0.015557975587896851,0.8701329712582008,0.8701329712582008,0
1612,0.015480185709957366,0.8701329712582008,0.8701329712582008,0
1613,0.015402784781407578,0.8701329712582008,0.8701329712582008,0
1614,0.01532577085750054,0.8701329712582008,0.8701329712582008,0
1615,0.015249142003213038,0.8701329712582008,0.8701329712582008,0
1616,0.015172896293196972,0.8701329712582008,0.8701329712582008,0
1617,0.015097031811730987,0.8701329712582008,0.8701329712582008,0
1618,0.015021546652672331,0.8701329712582008,0.8701329712582008,0
1619,0.01494643891940897,0.8701329712582008,0.8701329712582008,0
1620,0.014871706724811926,0.8701329712582008,0.8701329712582008,0
1621,0.014797348191187866,0.8701329712582008,0.8701329712582008,0
1622,0.014723361450231927,0.8701329712582008,0.8701329712582008,0
1623,0.014649744642980767,0.8701329712582008,0.8701329712582008,0
1624,0.014576495919765863,0.8701329712582008,0.8701329712582008,0
1625,0.014503613440167033,0.8701329712582008,0.8701329712582008,0
1626,0.014431095372966198,0.8701329712582008,0.8701329712582008,0
1627,0.014358939896101366,0.8701329712582008,0.8701329712582008,0
1628,0.01428714519662086,0.8701329712582008,0.8701329712582008,0
1629,0.014215709470637754,0.8701329712582008,0.8701329712582008,0
1630,0.014144630923284565,0.8701329712582008,0.8701329712582008,0
1631,0.014073907768668143,0.8701329712582008,0.8701329712582008,0
1632,0.014003538229824803,0.8701329712582008,0.8701329712582008,0
1633,0.013933520538675678,0.8701329712582008,0.8701329712582008,0
1634,0.0138638529359823,0.8701329712582008,0.8701329712582008,0
1635,0.013794533671302388,0.8701329712582008,0.8701329712582008,0
1636,0.013725561002945877,0.8701329712582008,0.8701329712582008,0
1637,0.013656933197931147,0.8701329712582008,0.8701329712582008,0
1638,0.013588648531941491,0.8701329712582008,0.8701329712582008,0
1639,0.013520705289281783,0.8701329712582008,0.8701329712582008,0
1640,0.013453101762835375,0.8701329712582008,0.8701329712582008,0
1641,0.013385836254021198,0.8701329712582008,0.8701329712582008,0
1642,0.013318907072751091,0.8701329712582008,0.8701329712582008,0
1643,0.013252312537387336,0.8701329712582008,0.8701329712582008,0
1644,0.0131860509747004,0.8701329712582008,0.8701329712582008,0
1645,0.013120120719826898,0.8701329712582008,0.8701329712582008,0
1646,0.013054520116227764,0.8701329712582008,0.8701329712582008,0
1647,0.012989247515646625,0.8701329712582008,0.8701329712582008,0
1648,0.012924301278068392,0.8701329712582008,0.8701329712582008,0
1649,0.01285967977167805,0.8701329712582008,0.8701329712582008,0
1650,0.01279538137281966,0.8701329712582008,0.8701329712582008,0
1651,0.012731404465955562,0.8701329712582008,0.8701329712582008,0
1652,0.012667747443625784,0.8701329712582008,0.8701329712582008,0
1653,0.012604408706407656,0.8701329712582008,0.8701329712582008,0
1654,0.012541386662875617,0.8701329712582008,0.8701329712582008,0
1655,0.012478679729561239,0.8701329712582008,0.8701329712582008,0
1656,0.012416286330913432,0.8701329712582008,0.8701329712582008,0
1657,0.012354204899258866,0.8701329712582008,0.8701329712582008,0
1658,0.012292433874762572,0.8701329712582008,0.8701329712582008,0
1659,0.012230971705388758,0.8701329712582008,0.8701329712582008,0
1660,0.012169816846861815,0.8701329712582008,0.8701329712582008,0
1661,0.012108967762627506,0.8701329712582008,0.8701329712582008,0
1662,0.012048422923814368,0.8701329712582008,0.8701329712582008,0
1663,0.011988180809195297,0.8701329712582008,0.8701329712582008,0
1664,0.01192823990514932,0.8701329712582008,0.8701329712582008,0
1665,0.011868598705623573,0.8701329712582008,0.8701329712582008,0
1666,0.011809255712095455,0.8701329712582008,0.8701329712582008,0
1667,0.011750209433534978,0.8701329712582008,0.8701329712582008,0
1668,0.011691458386367303,0.8701329712582008,0.8701329712582008,0
1669,0.011633001094435467,0.8701329712582008,0.8701329712582008,0
1670,0.01157483608896329,0.8701329712582008,0.8701329712582008,0
1671,0.011516961908518473,0.8701329712582008,0.8701329712582008,0
1672,0.011459377098975881,0.8701329712582008,0.8701329712582008,0
1673,0.011402080213481002,0.8701329712582008,0.8701329712582008,0
1674,0.011345069812413597,0.8701329712582008,0.8701329712582008,0
1675,0.01128834446335153,0.8701329712582008,0.8701329712582008,0
1676,0.011231902741034772,0.8701329712582008,0.8701329712582008,0
1677,0.011175743227329598,0.8701329712582008,0.8701329712582008,0
1678,0.01111986451119295,0.8701329712582008,0.8701329712582008,0
1679,0.011064265188636985,0.8701329712582008,0.8701329712582008,0
1680,0.0110089438626938,0.8701329712582008,0.8701329712582008,0
1681,0.010953899143380331,0.8701329712582008,0.8701329712582008,0
1682,0.01089912964766343,0.8701329712582008,0.8701329712582008,0
1683,0.010844633999425113,0.8701329712582008,0.8701329712582008,0
1684,0.010790410829427988,0.8701329712582008,0.8701329712582008,0
1685,0.010736458775280849,0.8701329712582008,0.8701329712582008,0
1686,0.010682776481404446,0.8701329712582008,0.8701329712582008,0
1687,0.010629362598997423,0.8701329712582008,0.8701329712582008,0
1688,0.010576215786002435,0.8701329712582008,0.8701329712582008,0
1689,0.010523334707072422,0.8701329712582008,0.8701329712582008,0
1690,0.010470718033537059,0.8701329712582008,0.8701329712582008,0
1691,0.010418364443369374,0.8701329712582008,0.8701329712582008,0
1692,0.010366272621152526,0.8701329712582008,0.8701329712582008,0
1693,0.010314441258046763,0.8701329712582008,0.8701329712582008,0
1694,0.010262869051756529,0.8701329712582008,0.8701329712582008,0
1695,0.010211554706497747,0.8701329712582008,0.8701329712582008,0
1696,0.010160496932965259,0.8701329712582008,0.8701329712582008,0
1697,0.010109694448300432,0.8701329712582008,0.8701329712582008,0
1698,0.01005914597605893,0.8701329712582008,0.8701329712582008,0
1699,0.010008850246178636,0.8701329712582008,0.8701329712582008,0
1700,0.009958805994947743,0.8701329712582008,0.8701329712582008,0
1701,0.009909011964973005,0.8701329712582008,0.8701329712582008,0
1702,0.00985946690514814,0.8701329712582008,0.8701329712582008,0
1703,0.009810169570622399,0.8701329712582008,0.8701329712582008,0
1704,0.009761118722769286,0.8701329712582008,0.8701329712582008,0
1705,0.00971231312915544,0.8701329712582008,0.8701329712582008,0
1706,0.009663751563509662,0.8701329712582008,0.8701329712582008,0
1707,0.009615432805692114,0.8701329712582008,0.8701329712582008,0
1708,0.009567355641663654,0.8701329712582008,0.8701329712582008,0
1709,0.009519518863455336,0.6977250306165852,0.6977250306165852,1
1710,0.00947192126913806,0.6977250306165852,0.6977250306165852,0
1711,0.00942456166279237,0.6977250306165852,0.6977250306165852,0
1712,0.009377438854478408,0.6977250306165852,0.6977250306165852,0
1713,0.009330551660206016,0.6977250306165852,0.6977250306165852,0
1714,0.009283898901904985,0.6977250306165852,0.6977250306165852,0
1715,0.009237479407395461,0.6977250306165852,0.6977250306165852,0
1716,0.009191292010358483,0.6977250306165852,0.6977250306165852,0
1717,0.00914533555030669,0.6977250306165852,0.6977250306165852,0
1718,0.009099608872555157,0.6977250306165852,0.6977250306165852,0
1719,0.009054110828192382,0.6977250306165852,0.6977250306165852,0
1720,0.00900884027405142,0.6977250306165852,0.6977250306165852,0
1721,0.008963796072681163,0.6977250306165852,0.6977250306165852,0
1722,0.008918977092317757,0.6977250306165852,0.6977250306165852,0
1723,0.00887438220685617,0.6977250306165852,0.6977250306165852,0
1724,0.008830010295821889,0.6977250306165852,0.6977250306165852,0
1725,0.00878586024434278,0.6977250306165852,0.6977250306165852,0
1726,0.008741930943121066,0.6977250306165852,0.6977250306165852,0
1727,0.00869822128840546,0.6977250306165852,0.6977250306165852,0
1728,0.008654730181963433,0.6977250306165852,0.6977250306165852,0
1729,0.008611456531053616,0.6977250306165852,0.6977250306165852,0
1730,0.008568399248398348,0.6977250306165852,0.6977250306165852,0
1731,0.008525557252156356,0.6977250306165852,0.6977250306165852,0
1732,0.008482929465895574,0.6977250306165852,0.6977250306165852,0
1733,0.008440514818566097,0.6977250306165852,0.6977250306165852,0
1734,0.008398312244473266,0.6977250306165852,0.6977250306165852,0
1735,0.008356320683250899,0.6977250306165852,0.6977250306165852,0
1736,0.008314539079834645,0.6977250306165852,0.6977250306165852,0
1737,0.008272966384435473,0.6977250306165852,0.6977250306165852,0
1738,0.008231601552513295,0.6977250306165852,0.6977250306165852,0
1739,0.00819044354475073,0.6977250306165852,0.6977250306165852,0
1740,0.008149491327026975,0.6977250306165852,0.6977250306165852,0
1741,0.00810874387039184,0.6977250306165852,0.6977250306165852,0
1742,0.008068200151039881,0.6977250306165852,0.6977250306165852,0
1743,0.008027859150284682,0.6977250306165852,0.6977250306165852,0
1744,0.00798771985453326,0.6977250306165852,0.6977250306165852,0
1745,0.007947781255260593,0.6977250306165852,0.6977250306165852,0
1746,0.00790804234898429,0.6977250306165852,0.6977250306165852,0
1747,0.007868502137239369,0.6977250306165852,0.6977250306165852,0
1748,0.007829159626553171,0.6977250306165852,0.6977250306165852,0
1749,0.007790013828420405,0.6260603002480939,0.6260603002480939,1
1750,0.007751063759278303,0.6260603002480939,0.6260603002480939,0
1751,0.0077123084404819115,0.6260603002480939,0.6260603002480939,0
1752,0.007673746898279502,0.6260603002480939,0.6260603002480939,0
1753,0.0076353781637881046,0.6260603002480939,0.6260603002480939,0
1754,0.007597201272969164,0.6260603002480939,0.6260603002480939,0
1755,0.007559215266604319,0.6260603002480939,0.6260603002480939,0
1756,0.007521419190271297,0.6260603002480939,0.6260603002480939,0
1757,0.00748381209431994,0.6260603002480939,0.6260603002480939,0
1758,0.007446393033848341,0.6260603002480939,0.6260603002480939,0
1759,0.007409161068679099,0.6260603002480939,0.6260603002480939,0
1760,0.007372115263335703,0.6260603002480939,0.6260603002480939,0
1761,0.007335254687019024,0.6260603002480939,0.6260603002480939,0
1762,0.007298578413583929,0.6260603002480939,0.6260603002480939,0
1763,0.00726208552151601,0.6260603002480939,0.6260603002480939,0
1764,0.00722577509390843,0.6260603002480939,0.6260603002480939,0
1765,0.007189646218438888,0.6260603002480939,0.6260603002480939,0
1766,0.007153697987346694,0.6260603002480939,0.6260603002480939,0
1767,0.00711792949740996,0.6260603002480939,0.6260603002480939,0
1768,0.00708233984992291,0.6260603002480939,0.6260603002480939,0
1769,0.007046928150673295,0.6260603002480939,0.6260603002480939,0
1770,0.007011693509919929,0.6260603002480939,0.6260603002480939,0
1771,0.006976635042370329,0.6260603002480939,0.6260603002480939,0
1772,0.006941751867158477,0.6260603002480939,0.6260603002480939,0
1773,0.006907043107822685,0.6260603002480939,0.6260603002480939,0
1774,0.006872507892283572,0.6260603002480939,0.6260603002480939,0
1775,0.006838145352822154,0.6260603002480939,0.6260603002480939,0
1776,0.006803954626058043,0.6260603002480939,0.6260603002480939,0
1777,0.006769934852927753,0.6260603002480939,0.6260603002480939,0
1778,0.006736085178663114,0.6260603002480939,0.6260603002480939,0
1779,0.006702404752769798,0.6260603002480939,0.6260603002480939,0
1780,0.006668892729005949,0.6260603002480939,0.6260603002480939,0
1781,0.00663554826536092,0.6260603002480939,0.6260603002480939,0
1782,0.006602370524034115,0.6260603002480939,0.6260603002480939,0
1783,0.006569358671413944,0.6260603002480939,0.6260603002480939,0
1784,0.006536511878056875,0.6260603002480939,0.6260603002480939,0
1785,0.0065038293186665905,0.6260603002480939,0.6260603002480939,0
1786,0.006471310172073258,0.6260603002480939,0.6260603002480939,0
1787,0.006438953621212891,0.6260603002480939,0.6260603002480939,0
1788,0.006406758853106827,0.6260603002480939,0.6260603002480939,0
1789,0.0063747250588412924,0.6260603002480939,0.6260603002480939,0
1790,0.006342851433547086,0.6260603002480939,0.6260603002480939,0
1791,0.006311137176379351,0.6260603002480939,0.6260603002480939,0
1792,0.0062795814904974545,0.6260603002480939,0.6260603002480939,0
1793,0.006248183583044967,0.6260603002480939,0.6260603002480939,0
1794,0.0062169426651297426,0.6260603002480939,0.6260603002480939,0
1795,0.006185857951804094,0.6260603002480939,0.6260603002480939,0
1796,0.006154928662045074,0.6260603002480939,0.6260603002480939,0
1797,0.0061241540187348485,0.6260603002480939,0.6260603002480939,0
1798,0.006093533248641174,0.6260603002480939,0.6260603002480939,0
1799,0.006063065582397969,0.6260603002480939,0.6260603002480939,0
1800,0.006032750254485979,0.6260603002480939,0.6260603002480939,0
1801,0.006002586503213549,0.6260603002480939,0.6260603002480939,0
1802,0.005972573570697481,0.6260603002480939,0.6260603002480939,0
1803,0.005942710702843993,0.6260603002480939,0.6260603002480939,0
1804,0.005912997149329773,0.6260603002480939,0.6260603002480939,0
1805,0.0058834321635831245,0.6260603002480939,0.6260603002480939,0
1806,0.005854015002765209,0.6260603002480939,0.6260603002480939,0
1807,0.005824744927751382,0.6260603002480939,0.6260603002480939,0
1808,0.005795621203112626,0.6260603002480939,0.6260603002480939,0
1809,0.005766643097097062,0.6260603002480939,0.6260603002480939,0
1810,0.005737809881611577,0.6260603002480939,0.6260603002480939,0
1811,0.0057091208322035195,0.6260603002480939,0.6260603002480939,0
1812,0.005680575228042502,0.6260603002480939,0.6260603002480939,0
1813,0.005652172351902289,0.6260603002480939,0.6260603002480939,0
1814,0.005623911490142778,0.6260603002480939,0.6260603002480939,0
1815,0.0055957919326920635,0.6260603002480939,0.6260603002480939,0
1816,0.005567812973028603,0.6260603002480939,0.6260603002480939,0
1817,0.00553997390816346,0.6260603002480939,0.6260603002480939,0
1818,0.0055122740386226434,0.6260603002480939,0.6260603002480939,0
1819,0.005484712668429531,0.6260603002480939,0.6260603002480939,0
1820,0.005457289105087383,0.6260603002480939,0.6260603002480939,0
1821,0.005430002659561946,0.6260603002480939,0.6260603002480939,0
1822,0.005402852646264136,0.6260603002480939,0.6260603002480939,0
1823,0.005375838383032815,0.6260603002480939,0.6260603002480939,0
1824,0.005348959191117651,0.6260603002480939,0.6260603002480939,0
1825,0.005322214395162062,0.6260603002480939,0.6260603002480939,0
1826,0.005295603323186252,0.6260603002480939,0.6260603002480939,0
1827,0.005269125306570321,0.6260603002480939,0.6260603002480939,0
1828,0.005242779680037469,0.6260603002480939,0.6260603002480939,0
1829,0.005216565781637282,0.6260603002480939,0.6260603002480939,0
1830,0.005190482952729096,0.6260603002480939,0.6260603002480939,0
1831,0.0051645305379654505,0.6260603002480939,0.6260603002480939,0
1832,0.005138707885275623,0.6260603002480939,0.6260603002480939,0
1833,0.005113014345849245,0.6260603002480939,0.6260603002480939,0
1834,0.005087449274119998,0.6260603002480939,0.6260603002480939,0
1835,0.0050620120277493985,0.6260603002480939,0.6260603002480939,0
1836,0.0050367019676106515,0.6260603002480939,0.6260603002480939,0
1837,0.005011518457772598,0.6260603002480939,0.6260603002480939,0
1838,0.004986460865483735,0.6260603002480939,0.6260603002480939,0
1839,0.0049615285611563165,0.6260603002480939,0.6260603002480939,0
1840,0.004936720918350535,0.6260603002480939,0.6260603002480939,0
1841,0.004912037313758782,0.6260603002480939,0.6260603002480939,0
1842,0.004887477127189988,0.6260603002480939,0.6260603002480939,0
1843,0.004863039741554038,0.6260603002480939,0.6260603002480939,0
1844,0.004838724542846268,0.6260603002480939,0.6260603002480939,0
1845,0.0048145309201320366,0.6260603002480939,0.6260603002480939,0
1846,0.0047904582655313764,0.6260603002480939,0.6260603002480939,0
1847,0.004766505974203719,0.6260603002480939,0.6260603002480939,0
1848,0.004742673444332701,0.6260603002480939,0.6260603002480939,0
1849,0.0047189600771110375,0.6260603002480939,0.6260603002480939,0
1850,0.004695365276725482,0.6260603002480939,0.6260603002480939,0
1851,0.004671888450341855,0.6260603002480939,0.6260603002480939,0
1852,0.004648529008090146,0.6260603002480939,0.6260603002480939,0
1853,0.0046252863630496955,0.6260603002480939,0.6260603002480939,0
1854,0.004602159931234447,0.6260603002480939,0.6260603002480939,0
1855,0.0045791491315782746,0.6260603002480939,0.6260603002480939,0
1856,0.004556253385920383,0.6260603002480939,0.6260603002480939,0
1857,0.004533472118990781,0.6260603002480939,0.6260603002480939,0
1858,0.004510804758395827,0.6260603002480939,0.6260603002480939,0
1859,0.004488250734603848,0.6260603002480939,0.6260603002480939,0
1860,0.004465809480930829,0.6260603002480939,0.6260603002480939,0
1861,0.0044434804335261755,0.6260603002480939,0.6260603002480939,0
1862,0.004421263031358545,0.6260603002480939,0.6260603002480939,0
1863,0.004399156716201752,0.6260603002480939,0.6260603002480939,0
1864,0.004377160932620743,0.6260603002480939,0.6260603002480939,0
1865,0.00435527512795764,0.6260603002480939,0.6260603002480939,0
1866,0.004333498752317851,0.6260603002480939,0.6260603002480939,0
1867,0.004311831258556262,0.6260603002480939,0.6260603002480939,0
1868,0.00429027210226348,0.6260603002480939,0.6260603002480939,0
1869,0.004268820741752163,0.6260603002480939,0.6260603002480939,0
1870,0.004247476638043402,0.6260603002480939,0.6260603002480939,0
1871,0.004226239254853185,0.6260603002480939,0.6260603002480939,0
1872,0.004205108058578919,0.6260603002480939,0.6260603002480939,0
1873,0.004184082518286025,0.6260603002480939,0.6260603002480939,0
1874,0.004163162105694594,0.6260603002480939,0.6260603002480939,0
1875,0.0041423462951661215,0.6260603002480939,0.6260603002480939,0
1876,0.0041216345636902905,0.6260603002480939,0.6260603002480939,0
1877,0.004101026390871839,0.6260603002480939,0.6260603002480939,0
1878,0.00408052125891748,0.6260603002480939,0.6260603002480939,0
1879,0.004060118652622892,0.6260603002480939,0.6260603002480939,0
1880,0.004039818059359777,0.6260603002480939,0.6260603002480939,0
1881,0.004019618969062978,0.6260603002480939,0.6260603002480939,0
1882,0.003999520874217663,0.6260603002480939,0.6260603002480939,0
1883,0.003979523269846574,0.6260603002480939,0.6260603002480939,0
1884,0.003959625653497342,0.6260603002480939,0.6260603002480939,0
1885,0.003939827525229855,0.6260603002480939,0.6260603002480939,0
1886,0.003920128387603706,0.6260603002480939,0.6260603002480939,0
1887,0.0039005277456656876,0.6260603002480939,0.6260603002480939,0
1888,0.0038810251069373593,0.6260603002480939,0.6260603002480939,0
1889,0.0038616199814026724,0.6260603002480939,0.6260603002480939,0
1890,0.003842311881495659,0.6260603002480939,0.6260603002480939,0
1891,0.003823100322088181,0.6260603002480939,0.6260603002480939,0
1892,0.0038039848204777403,0.6260603002480939,0.6260603002480939,0
1893,0.0037849648963753516,0.6260603002480939,0.6260603002480939,0
1894,0.0037660400718934747,0.6260603002480939,0.6260603002480939,0
1895,0.0037472098715340073,0.6260603002480939,0.6260603002480939,0
1896,0.0037284738221763374,0.6260603002480939,0.6260603002480939,0
1897,0.0037098314530654556,0.6260603002480939,0.6260603002480939,0
1898,0.0036912822958001285,0.6260603002480939,0.6260603002480939,0
1899,0.003672825884321128,0.6260603002480939,0.6260603002480939,0
1900,0.003654461754899522,0.6260603002480939,0.6260603002480939,0
1901,0.0036361894461250247,0.6260603002480939,0.6260603002480939,0
1902,0.0036180084988943996,0.6260603002480939,0.6260603002480939,0
1903,0.0035999184563999275,0.6260603002480939,0.6260603002480939,0
1904,0.0035819188641179277,0.6260603002480939,0.6260603002480939,0
1905,0.003564009269797338,0.6260603002480939,0.6260603002480939,0
1906,0.0035461892234483513,0.6260603002480939,0.6260603002480939,0
1907,0.0035284582773311094,0.6260603002480939,0.6260603002480939,0
1908,0.0035108159859444537,0.6260603002480939,0.6260603002480939,0
1909,0.0034932619060147312,0.6260603002480939,0.6260603002480939,0
1910,0.0034757955964846575,0.6260603002480939,0.6260603002480939,0
1911,0.0034584166185022344,0.6260603002480939,0.6260603002480939,0
1912,0.0034411245354097233,0.6260603002480939,0.6260603002480939,0
1913,0.003423918912732675,0.6260603002480939,0.6260603002480939,0
1914,0.0034067993181690114,0.6260603002480939,0.6260603002480939,0
1915,0.0033897653215781663,0.6260603002480939,0.6260603002480939,0
1916,0.0033728164949702755,0.6260603002480939,0.6260603002480939,0
1917,0.0033559524124954243,0.6260603002480939,0.6260603002480939,0
1918,0.003339172650432947,0.6260603002480939,0.6260603002480939,0
1919,0.0033224767871807824,0.6260603002480939,0.6260603002480939,0
1920,0.0033058644032448784,0.6260603002480939,0.6260603002480939,0
1921,0.003289335081228654,0.6260603002480939,0.6260603002480939,0
1922,0.003272888405822511,0.6260603002480939,0.6260603002480939,0
1923,0.0032565239637933983,0.6260603002480939,0.6260603002480939,0
1924,0.0032402413439744314,0.6260603002480939,0.6260603002480939,0
1925,0.0032240401372545593,0.6260603002480939,0.6260603002480939,0
1926,0.0032079199365682865,0.6260603002480939,0.6260603002480939,0
1927,0.003191880336885445,0.6260603002480939,0.6260603002480939,0
1928,0.003175920935201018,0.6260603002480939,0.6260603002480939,0
1929,0.003160041330525013,0.6260603002480939,0.6260603002480939,0
1930,0.003144241123872388,0.6260603002480939,0.6260603002480939,0
1931,0.003128519918253026,0.6260603002480939,0.6260603002480939,0
1932,0.0031128773186617606,0.6260603002480939,0.6260603002480939,0
1933,0.003097312932068452,0.6260603002480939,0.6260603002480939,0
1934,0.0030818263674081098,0.6260603002480939,0.6260603002480939,0
1935,0.0030664172355710693,0.6260603002480939,0.6260603002480939,0
1936,0.0030510851493932138,0.6260603002480939,0.6260603002480939,0
1937,0.003035829723646248,0.6260603002480939,0.6260603002480939,0
1938,0.0030206505750280167,0.6260603002480939,0.6260603002480939,0
1939,0.0030055473221528768,0.6260603002480939,0.6260603002480939,0
1940,0.0029905195855421123,0.6260603002480939,0.6260603002480939,0
1941,0.0029755669876144015,0.6260603002480939,0.6260603002480939,0
1942,0.0029606891526763293,0.6260603002480939,0.6260603002480939,0
1943,0.0029458857069129475,0.6260603002480939,0.6260603002480939,0
1944,0.0029311562783783827,0.6260603002480939,0.6260603002480939,0
1945,0.002916500496986491,0.6260603002480939,0.6260603002480939,0
1946,0.0029019179945015583,0.6260603002480939,0.6260603002480939,0
1947,0.0028874084045290506,0.6260603002480939,0.6260603002480939,0
1948,0.0028729713625064053,0.6260603002480939,0.6260603002480939,0
1949,0.002858606505693873,0.6260603002480939,0.6260603002480939,0
1950,0.0028443134731654038,0.6260603002480939,0.6260603002480939,0
1951,0.0028300919057995767,0.6260603002480939,0.6260603002480939,0
1952,0.002815941446270579,0.6260603002480939,0.6260603002480939,0
1953,0.0028018617390392258,0.6260603002480939,0.6260603002480939,0
1954,0.0027878524303440295,0.6260603002480939,0.6260603002480939,0
1955,0.0027739131681923093,0.6260603002480939,0.6260603002480939,0
1956,0.002760043602351348,0.6260603002480939,0.6260603002480939,0
1957,0.002746243384339591,0.6260603002480939,0.6260603002480939,0
1958,0.0027325121674178932,0.6260603002480939,0.6260603002480939,0
1959,0.0027188496065808036,0.6260603002480939,0.6260603002480939,0
1960,0.0027052553585478994,0.6260603002480939,0.6260603002480939,0
1961,0.00269172908175516,0.6260603002480939,0.6260603002480939,0
1962,0.002678270436346384,0.6260603002480939,0.6260603002480939,0
1963,0.002664879084164652,0.6260603002480939,0.6260603002480939,0
1964,0.002651554688743829,0.6260603002480939,0.6260603002480939,0
1965,0.0026382969153001096,0.6260603002480939,0.6260603002480939,0
1966,0.002625105430723609,0.6260603002480939,0.6260603002480939,0
1967,0.002611979903569991,0.6260603002480939,0.6260603002480939,0
1968,0.002598920004052141,0.6260603002480939,0.6260603002480939,0
1969,0.00258592540403188,0.6260603002480939,0.6260603002480939,0
1970,0.002572995777011721,0.6260603002480939,0.6260603002480939,0
1971,0.0025601307981266623,0.6260603002480939,0.6260603002480939,0
1972,0.002547330144136029,0.6260603002480939,0.6260603002480939,0
1973,0.002534593493415349,0.6260603002480939,0.6260603002480939,0
1974,0.002521920525948272,0.6260603002480939,0.6260603002480939,0
1975,0.0025093109233185304,0.6260603002480939,0.6260603002480939,0
1976,0.0024967643687019377,0.6260603002480939,0.6260603002480939,0
1977,0.002484280546858428,0.6260603002480939,0.6260603002480939,0
1978,0.002471859144124136,0.6260603002480939,0.6260603002480939,0
1979,0.0024594998484035154,0.6260603002480939,0.6260603002480939,0
1980,0.0024472023491614978,0.6260603002480939,0.6260603002480939,0
1981,0.0024349663374156902,0.6260603002480939,0.6260603002480939,0
1982,0.002422791505728612,0.6260603002480939,0.6260603002480939,0
1983,0.002410677548199969,0.6260603002480939,0.6260603002480939,0
1984,0.002398624160458969,0.6260603002480939,0.6260603002480939,0
1985,0.002386631039656674,0.6260603002480939,0.6260603002480939,0
1986,0.0023746978844583905,0.6260603002480939,0.6260603002480939,0
1987,0.0023628243950360984,0.6260603002480939,0.6260603002480939,0
1988,0.002351010273060918,0.6260603002480939,0.6260603002480939,0
1989,0.0023392552216956134,0.6260603002480939,0.6260603002480939,0
1990,0.0023275589455871355,0.6260603002480939,0.6260603002480939,0
1991,0.0023159211508592,0.6260603002480939,0.6260603002480939,0
1992,0.002304341545104904,0.6260603002480939,0.6260603002480939,0
1993,0.0022928198373793796,0.6260603002480939,0.6260603002480939,0
1994,0.0022813557381924825,0.6260603002480939,0.6260603002480939,0
1995,0.0022699489595015203,0.6260603002480939,0.6260603002480939,0
1996,0.002258599214704013,0.6260603002480939,0.6260603002480939,0
1997,0.0022473062186304927,0.6260603002480939,0.6260603002480939,0
1998,0.0022360696875373402,0.6260603002480939,0.6260603002480939,0
1999,0.0022248893390996536,0.6260603002480939,0.6260603002480939,0
2000,0.0022137648924041554,0.6260603002480939,0.6260603002480939,0
2001,0.0022026960679421346,0.6260603002480939,0.6260603002480939,0
2002,0.002191682587602424,0.6260603002480939,0.6260603002480939,0
2003,0.002180724174664412,0.6260603002480939,0.6260603002480939,0
2004,0.00216982055379109,0.6260603002480939,0.6260603002480939,0
2005,0.0021589714510221346,0.6260603002480939,0.6260603002480939,0
2006,0.0021481765937670237,0.6260603002480939,0.6260603002480939,0
2007,0.0021374357107981886,0.6260603002480939,0.6260603002480939,0
2008,0.0021267485322441974,0.6260603002480939,0.6260603002480939,0
2009,0.0021161147895829764,0.6260603002480939,0.6260603002480939,0
2010,0.0021055342156350615,0.6260603002480939,0.6260603002480939,0
2011,0.002095006544556886,0.6260603002480939,0.6260603002480939,0
2012,0.0020845315118341017,0.6260603002480939,0.6260603002480939,0
2013,0.002074108854274931,0.6260603002480939,0.6260603002480939,0
2014,0.0020637383100035565,0.6260603002480939,0.6260603002480939,0
2015,0.0020534196184535387,0.6260603002480939,0.6260603002480939,0
2016,0.002043152520361271,0.6260603002480939,0.6260603002480939,0
2017,0.0020329367577594645,0.6260603002480939,0.6260603002480939,0
2018,0.002022772073970667,0.6260603002480939,0.6260603002480939,0
2019,0.0020126582136008138,0.6260603002480939,0.6260603002480939,0
2020,0.0020025949225328096,0.6260603002480939,0.6260603002480939,0
2021,0.0019925819479201454,0.6260603002480939,0.6260603002480939,0
2022,0.001982619038180545,0.6260603002480939,0.6260603002480939,0
2023,0.001972705942989642,0.6260603002480939,0.6260603002480939,0
2024,0.0019628424132746938,0.6260603002480939,0.6260603002480939,0
2025,0.0019530282012083203,0.6260603002480939,0.6260603002480939,0
2026,0.0019432630602022787,0.6260603002480939,0.6260603002480939,0
2027,0.0019335467449012674,0.6260603002480939,0.6260603002480939,0
2028,0.001923879011176761,0.6260603002480939,0.6260603002480939,0
2029,0.0019142596161208772,0.6260603002480939,0.6260603002480939,0
2030,0.0019046883180402728,0.6260603002480939,0.6260603002480939,0
2031,0.0018951648764500713,0.6260603002480939,0.6260603002480939,0
2032,0.001885689052067821,0.6260603002480939,0.6260603002480939,0
2033,0.001876260606807482,0.6260603002480939,0.6260603002480939,0
2034,0.0018668793037734444,0.6260603002480939,0.6260603002480939,0
2035,0.0018575449072545773,0.6260603002480939,0.6260603002480939,0
2036,0.0018482571827183043,0.6260603002480939,0.6260603002480939,0
2037,0.0018390158968047128,0.6260603002480939,0.6260603002480939,0
2038,0.0018298208173206892,0.6260603002480939,0.6260603002480939,0
2039,0.0018206717132340858,0.6260603002480939,0.6260603002480939,0
2040,0.0018115683546679154,0.6260603002480939,0.6260603002480939,0
2041,0.0018025105128945758,0.6260603002480939,0.6260603002480939,0
2042,0.0017934979603301028,0.6260603002480939,0.6260603002480939,0
2043,0.0017845304705284522,0.6260603002480939,0.6260603002480939,0
2044,0.0017756078181758099,0.6260603002480939,0.6260603002480939,0
2045,0.0017667297790849308,0.6260603002480939,0.6260603002480939,0
2046,0.0017578961301895062,0.6260603002480939,0.6260603002480939,0
2047,0.0017491066495385586,0.6260603002480939,0.6260603002480939,0
2048,0.0017403611162908658,0.6260603002480939,0.6260603002480939,0
2049,0.0017316593107094115,0.6260603002480939,0.6260603002480939,0
2050,0.0017230010141558645,0.6260603002480939,0.6260603002480939,0
2051,0.0017143860090850851,0.6260603002480939,0.6260603002480939,0
2052,0.0017058140790396597,0.6260603002480939,0.6260603002480939,0
2053,0.0016972850086444614,0.6260603002480939,0.6260603002480939,0
2054,0.0016887985836012392,0.6260603002480939,0.6260603002480939,0
2055,0.001680354590683233,0.6260603002480939,0.6260603002480939,0
2056,0.0016719528177298168,0.6260603002480939,0.6260603002480939,0
2057,0.0016635930536411678,0.6260603002480939,0.6260603002480939,0
2058,0.0016552750883729618,0.6260603002480939,0.6260603002480939,0
2059,0.001646998712931097,0.6260603002480939,0.6260603002480939,0
2060,0.0016387637193664415,0.6260603002480939,0.6260603002480939,0
2061,0.0016305699007696094,0.6260603002480939,0.6260603002480939,0
2062,0.0016224170512657613,0.6260603002480939,0.6260603002480939,0
2063,0.0016143049660094324,0.6260603002480939,0.6260603002480939,0
2064,0.0016062334411793852,0.6260603002480939,0.6260603002480939,0
2065,0.0015982022739734884,0.6260603002480939,0.6260603002480939,0
2066,0.001590211262603621,0.6260603002480939,0.6260603002480939,0
2067,0.001582260206290603,0.6260603002480939,0.6260603002480939,0
2068,0.00157434890525915,0.6260603002480939,0.6260603002480939,0
2069,0.0015664771607328543,0.6260603002480939,0.6260603002480939,0
2070,0.00155864477492919,0.6260603002480939,0.6260603002480939,0
2071,0.001550851551054544,0.6260603002480939,0.6260603002480939,0
2072,0.0015430972932992714,0.6260603002480939,0.6260603002480939,0
2073,0.001535381806832775,0.6260603002480939,0.6260603002480939,0
2074,0.0015277048977986112,0.6260603002480939,0.6260603002480939,0
2075,0.001520066373309618,0.6260603002480939,0.6260603002480939,0
2076,0.00151246604144307,0.6260603002480939,0.6260603002480939,0
2077,0.0015049037112358546,0.6260603002480939,0.6260603002480939,0
2078,0.0014973791926796755,0.6260603002480939,0.6260603002480939,0
2079,0.001489892296716277,0.6260603002480939,0.6260603002480939,0
2080,0.0014824428352326956,0.6260603002480939,0.6260603002480939,0
2081,0.0014750306210565322,0.6260603002480939,0.6260603002480939,0
2082,0.0014676554679512496,0.6260603002480939,0.6260603002480939,0
2083,0.0014603171906114934,0.6260603002480939,0.6260603002480939,0
2084,0.001453015604658436,0.6260603002480939,0.6260603002480939,0
2085,0.0014457505266351437,0.6260603002480939,0.6260603002480939,0
2086,0.0014385217740019679,0.6260603002480939,0.6260603002480939,0
2087,0.001431329165131958,0.6260603002480939,0.6260603002480939,0
2088,0.0014241725193062983,0.6260603002480939,0.6260603002480939,0
2089,0.0014170516567097668,0.6260603002480939,0.6260603002480939,0
2090,0.001409966398426218,0.6260603002480939,0.6260603002480939,0
2091,0.0014029165664340868,0.6260603002480939,0.6260603002480939,0
2092,0.0013959019836019165,0.6260603002480939,0.6260603002480939,0
2093,0.0013889224736839069,0.6260603002480939,0.6260603002480939,0
2094,0.0013819778613154874,0.6260603002480939,0.6260603002480939,0
2095,0.00137506797200891,0.6260603002480939,0.6260603002480939,0
2096,0.0013681926321488654,0.6260603002480939,0.6260603002480939,0
2097,0.0013613516689881212,0.6260603002480939,0.6260603002480939,0
2098,0.0013545449106431805,0.6260603002480939,0.6260603002480939,0
2099,0.0013477721860899645,0.6260603002480939,0.6260603002480939,0
2100,0.0013410333251595147,0.6260603002480939,0.6260603002480939,0
2101,0.001334328158533717,0.6260603002480939,0.6260603002480939,0
2102,0.0013276565177410484,0.6260603002480939,0.6260603002480939,0
2103,0.001321018235152343,0.6260603002480939,0.6260603002480939,0
2104,0.0013144131439765815,0.6260603002480939,0.6260603002480939,0
2105,0.0013078410782566986,0.6260603002480939,0.6260603002480939,0
2106,0.001301301872865415,0.6260603002480939,0.6260603002480939,0
2107,0.001294795363501088,0.6260603002480939,0.6260603002480939,0
2108,0.0012883213866835825,0.6260603002480939,0.6260603002480939,0
2109,0.0012818797797501647,0.6260603002480939,0.6260603002480939,0
2110,0.001275470380851414,0.6260603002480939,0.6260603002480939,0
2111,0.0012690930289471567,0.6260603002480939,0.6260603002480939,0
2112,0.001262747563802421,0.6260603002480939,0.6260603002480939,0
2113,0.001256433825983409,0.6260603002480939,0.6260603002480939,0
2114,0.0012501516568534919,0.6260603002480939,0.6260603002480939,0
2115,0.0012439008985692245,0.6260603002480939,0.6260603002480939,0
2116,0.0012376813940763783,0.6260603002480939,0.6260603002480939,0
2117,0.0012314929871059964,0.6260603002480939,0.6260603002480939,0
2118,0.0012253355221704663,0.6260603002480939,0.6260603002480939,0
2119,0.001219208844559614,0.6260603002480939,0.6260603002480939,0
2120,0.0012131128003368158,0.6260603002480939,0.6260603002480939,0
2121,0.0012070472363351317,0.6260603002480939,0.6260603002480939,0
2122,0.001201012000153456,0.6260603002480939,0.6260603002480939,0
2123,0.0011950069401526887,0.6260603002480939,0.6260603002480939,0
2124,0.0011890319054519254,0.6260603002480939,0.6260603002480939,0
2125,0.0011830867459246656,0.6260603002480939,0.6260603002480939,0
2126,0.0011771713121950422,0.6260603002480939,0.6260603002480939,0
2127,0.001171285455634067,0.6260603002480939,0.6260603002480939,0
2128,0.0011654290283558966,0.6260603002480939,0.6260603002480939,0
2129,0.001159601883214117,0.6260603002480939,0.6260603002480939,0
2130,0.0011538038737980464,0.6260603002480939,0.6260603002480939,0
2131,0.0011480348544290562,0.6260603002480939,0.6260603002480939,0
2132,0.001142294680156911,0.6260603002480939,0.6260603002480939,0
2133,0.0011365832067561264,0.6260603002480939,0.6260603002480939,0
2134,0.0011309002907223457,0.6260603002480939,0.6260603002480939,0
2135,0.001125245789268734,0.6260603002480939,0.6260603002480939,0
2136,0.0011196195603223901,0.6260603002480939,0.6260603002480939,0
2137,0.0011140214625207782,0.6260603002480939,0.6260603002480939,0
2138,0.0011084513552081742,0.6260603002480939,0.6260603002480939,0
2139,0.0011029090984321333,0.6260603002480939,0.6260603002480939,0
2140,0.0010973945529399727,0.6260603002480939,0.6260603002480939,0
2141,0.0010919075801752729,0.6260603002480939,0.6260603002480939,0
2142,0.0010864480422743965,0.6260603002480939,0.6260603002480939,0
2143,0.0010810158020630246,0.6260603002480939,0.6260603002480939,0
2144,0.0010756107230527094,0.6260603002480939,0.6260603002480939,0
2145,0.0010702326694374458,0.6260603002480939,0.6260603002480939,0
2146,0.0010648815060902586,0.6260603002480939,0.6260603002480939,0
2147,0.0010595570985598073,0.6260603002480939,0.6260603002480939,0
2148,0.0010542593130670082,0.6260603002480939,0.6260603002480939,0
2149,0.0010489880165016731,0.6260603002480939,0.6260603002480939,0
2150,0.0010437430764191648,0.6260603002480939,0.6260603002480939,0
2151,0.001038524361037069,0.6260603002480939,0.6260603002480939,0
2152,0.0010333317392318838,0.6260603002480939,0.6260603002480939,0
2153,0.0010281650805357243,0.6260603002480939,0.6260603002480939,0
2154,0.0010230242551330457,0.6260603002480939,0.6260603002480939,0
2155,0.0010179091338573805,0.6260603002480939,0.6260603002480939,0
2156,0.0010128195881880936,0.6260603002480939,0.6260603002480939,0
2157,0.0010077554902471531,0.6260603002480939,0.6260603002480939,0
2158,0.0010027167127959174,0.6260603002480939,0.6260603002480939,0
2159,0.0009977031292319378,0.6260603002480939,0.6260603002480939,0
2160,0.0009927146135857781,0.6260603002480939,0.6260603002480939,0
2161,0.0009877510405178493,0.6260603002480939,0.6260603002480939,0
2162,0.0009828122853152601,0.6260603002480939,0.6260603002480939,0
2163,0.000977898223888684,0.6260603002480939,0.6260603002480939,0
2164,0.0009730087327692405,0.6260603002480939,0.6260603002480939,0
2165,0.0009681436891053943,0.6260603002480939,0.6260603002480939,0
2166,0.0009633029706598672,0.6260603002480939,0.6260603002480939,0
2167,0.0009584864558065679,0.6260603002480939,0.6260603002480939,0
2168,0.000953694023527535,0.6260603002480939,0.6260603002480939,0
2169,0.0009489255534098973,0.6260603002480939,0.6260603002480939,0
2170,0.0009441809256428478,0.6260603002480939,0.6260603002480939,0
2171,0.0009394600210146335,0.6260603002480939,0.6260603002480939,0
2172,0.0009347627209095604,0.6260603002480939,0.6260603002480939,0
2173,0.0009300889073050125,0.6260603002480939,0.6260603002480939,0
2174,0.0009254384627684875,0.6260603002480939,0.6260603002480939,0
2175,0.000920811270454645,0.6260603002480939,0.6260603002480939,0
2176,0.0009162072141023717,0.6260603002480939,0.6260603002480939,0
2177,0.0009116261780318599,0.6260603002480939,0.6260603002480939,0
2178,0.0009070680471417006,0.6260603002480939,0.6260603002480939,0
2179,0.0009025327069059921,0.6260603002480939,0.6260603002480939,0
2180,0.0008980200433714622,0.6260603002480939,0.6260603002480939,0
2181,0.0008935299431546049,0.6260603002480939,0.6260603002480939,0
2182,0.0008890622934388319,0.6261241809064829,0.6260603002480939,1
2183,0.0008846169819716376,0.6261241809064829,0.6260603002480939,0
2184,0.0008801938970617795,0.6261241809064829,0.6260603002480939,0
2185,0.0008757929275764706,0.6261241809064829,0.6260603002480939,0
2186,0.0008714139629385883,0.6261241809064829,0.6260603002480939,0
2187,0.0008670568931238953,0.6261241809064829,0.6260603002480939,0
2188,0.0008627216086582758,0.6261241809064829,0.6260603002480939,0
2189,0.0008584080006149844,0.6261241809064829,0.6260603002480939,0
2190,0.0008541159606119095,0.6261241809064829,0.6260603002480939,0
2191,0.00084984538080885,0.6261241809064829,0.6260603002480939,0
2192,0.0008455961539048057,0.6261241809064829,0.6260603002480939,0
2193,0.0008413681731352816,0.6261241809064829,0.6260603002480939,0
2194,0.0008371613322696052,0.6261241809064829,0.6260603002480939,0
2195,0.0008329755256082571,0.6261241809064829,0.6260603002480939,0
2196,0.0008288106479802158,0.6261241809064829,0.6260603002480939,0
2197,0.0008246665947403148,0.6261241809064829,0.6260603002480939,0
2198,0.0008205432617666132,0.6261241809064829,0.6260603002480939,0
2199,0.0008164405454577802,0.6261241809064829,0.6260603002480939,0
2200,0.0008123583427304912,0.6261241809064829,0.6260603002480939,0
2201,0.0008082965510168387,0.6261241809064829,0.6260603002480939,0
2202,0.0008042550682617546,0.6261241809064829,0.6260603002480939,0
2203,0.0008002337929204458,0.6261241809064829,0.6260603002480939,0
2204,0.0007962326239558436,0.6261241809064829,0.6260603002480939,0
2205,0.0007922514608360644,0.6261241809064829,0.6260603002480939,0
2206,0.000788290203531884,0.6261241809064829,0.6260603002480939,0
2207,0.0007843487525142246,0.6261241809064829,0.6260603002480939,0
2208,0.0007804270087516535,0.6261241809064829,0.6260603002480939,0
2209,0.0007765248737078952,0.6261241809064829,0.6260603002480939,0
2210,0.0007726422493393557,0.6261241809064829,0.6260603002480939,0
2211,0.0007687790380926589,0.6261241809064829,0.6260603002480939,0
2212,0.0007649351429021956,0.6261241809064829,0.6260603002480939,0
2213,0.0007611104671876847,0.6261241809064829,0.6260603002480939,0
2214,0.0007573049148517462,0.6261241809064829,0.6260603002480939,0
2215,0.0007535183902774875,0.6261241809064829,0.6260603002480939,0
2216,0.0007497507983261001,0.6261241809064829,0.6260603002480939,0
2217,0.0007460020443344695,0.6261241809064829,0.6260603002480939,0
2218,0.0007422720341127972,0.6261241809064829,0.6260603002480939,0
2219,0.0007385606739422333,0.6261241809064829,0.6260603002480939,0
2220,0.0007348678705725221,0.6261241809064829,0.6260603002480939,0
2221,0.0007311935312196595,0.6261241809064829,0.6260603002480939,0
2222,0.0007275375635635612,0.6261241809064829,0.6260603002480939,0
2223,0.0007238998757457434,0.6261241809064829,0.6260603002480939,0
2224,0.0007202803763670146,0.6261241809064829,0.6260603002480939,0
2225,0.0007166789744851795,0.6261241809064829,0.6260603002480939,0
2226,0.0007130955796127536,0.6261241809064829,0.6260603002480939,0
2227,0.0007095301017146898,0.6261241809064829,0.6260603002480939,0
2228,0.0007059824512061164,0.6261241809064829,0.6260603002480939,0
2229,0.0007024525389500858,0.6261241809064829,0.6260603002480939,0
2230,0.0006989402762553354,0.6261241809064829,0.6260603002480939,0
2231,0.0006954455748740588,0.6261241809064829,0.6260603002480939,0
2232,0.0006919683469996885,0.6261241809064829,0.6260603002480939,0
2233,0.00068850850526469,0.6261241809064829,0.6260603002480939,0
2234,0.0006850659627383666,0.6261241809064829,0.6260603002480939,0
2235,0.0006816406329246748,0.6261241809064829,0.6260603002480939,0
2236,0.0006782324297600514,0.6261241809064829,0.6260603002480939,0
2237,0.0006748412676112511,0.6261241809064829,0.6260603002480939,0
2238,0.0006714670612731949,0.6261241809064829,0.6260603002480939,0
2239,0.0006681097259668289,0.6261241809064829,0.6260603002480939,0
2240,0.0006647691773369948,0.6261241809064829,0.6260603002480939,0
2241,0.0006614453314503098,0.6261241809064829,0.6260603002480939,0
2242,0.0006581381047930582,0.6261241809064829,0.6260603002480939,0
2243,0.000654847414269093,0.6261241809064829,0.6260603002480939,0
2244,0.0006515731771977475,0.6261241809064829,0.6260603002480939,0
2245,0.0006483153113117587,0.6261241809064829,0.6260603002480939,0
2246,0.0006450737347552,0.6261241809064829,0.6260603002480939,0
2247,0.000641848366081424,0.6261241809064829,0.6260603002480939,0
2248,0.0006386391242510168,0.6261241809064829,0.6260603002480939,0
2249,0.0006354459286297617,0.6261241809064829,0.6260603002480939,0
2250,0.0006322686989866129,0.6261241809064829,0.6260603002480939,0
2251,0.0006291073554916799,0.6261241809064829,0.6260603002480939,0
2252,0.0006259618187142215,0.6261241809064829,0.6260603002480939,0
2253,0.0006228320096206503,0.6261241809064829,0.6260603002480939,0
2254,0.0006197178495725471,0.6261241809064829,0.6260603002480939,0
2255,0.0006166192603246843,0.6261241809064829,0.6260603002480939,0
2256,0.0006135361640230609,0.6261241809064829,0.6260603002480939,0
2257,0.0006104684832029456,0.6261241809064829,0.6260603002480939,0
2258,0.0006074161407869309,0.6261241809064829,0.6260603002480939,0
2259,0.0006043790600829962,0.6261241809064829,0.6260603002480939,0
2260,0.0006013571647825813,0.6261241809064829,0.6260603002480939,0
2261,0.0005983503789586684,0.6261241809064829,0.6260603002480939,0
2262,0.000595358627063875,0.6261241809064829,0.6260603002480939,0
2263,0.0005923818339285557,0.6261241809064829,0.6260603002480939,0
2264,0.0005894199247589129,0.6261241809064829,0.6260603002480939,0
2265,0.0005864728251351183,0.6261241809064829,0.6260603002480939,0
2266,0.0005835404610094428,0.6261241809064829,0.6260603002480939,0
2267,0.0005806227587043956,0.6261241809064829,0.6260603002480939,0
2268,0.0005777196449108736,0.6261241809064829,0.6260603002480939,0
2269,0.0005748310466863192,0.6261241809064829,0.6260603002480939,0
2270,0.0005719568914528876,0.6261241809064829,0.6260603002480939,0
2271,0.0005690971069956232,0.6261241809064829,0.6260603002480939,0
2272,0.000566251621460645,0.6261241809064829,0.6260603002480939,0
2273,0.0005634203633533418,0.6261241809064829,0.6260603002480939,0
2274,0.0005606032615365751,0.6261241809064829,0.6260603002480939,0
2275,0.0005578002452288922,0.6261241809064829,0.6260603002480939,0
2276,0.0005550112440027477,0.6261241809064829,0.6260603002480939,0
2277,0.0005522361877827339,0.6261241809064829,0.6260603002480939,0
2278,0.0005494750068438202,0.6261241809064829,0.6260603002480939,0
2279,0.0005467276318096012,0.6261241809064829,0.6260603002480939,0
2280,0.0005439939936505531,0.6261241809064829,0.6260603002480939,0
2281,0.0005412740236823004,0.6261241809064829,0.6260603002480939,0
2282,0.0005385676535638889,0.6261241809064829,0.6260603002480939,0
2283,0.0005358748152960695,0.6261241809064829,0.6260603002480939,0
2284,0.0005331954412195892,0.6261241809064829,0.6260603002480939,0
2285,0.0005305294640134912,0.6261241809064829,0.6260603002480939,0
2286,0.0005278768166934238,0.6261241809064829,0.6260603002480939,0
2287,0.0005252374326099567,0.6261241809064829,0.6260603002480939,0
2288,0.0005226112454469069,0.6261241809064829,0.6260603002480939,0
2289,0.0005199981892196724,0.6261241809064829,0.6260603002480939,0
2290,0.0005173981982735741,0.6261241809064829,0.6260603002480939,0
2291,0.0005148112072822062,0.6261241809064829,0.6260603002480939,0
2292,0.0005122371512457951,0.6261241809064829,0.6260603002480939,0
2293,0.0005096759654895661,0.6261241809064829,0.6260603002480939,0
2294,0.0005071275856621183,0.6261241809064829,0.6260603002480939,0
2295,0.0005045919477338078,0.6261241809064829,0.6260603002480939,0
2296,0.0005020689879951388,0.6261241809064829,0.6260603002480939,0
2297,0.000499558643055163,0.6261241809064829,0.6260603002480939,0
2298,0.0004970608498398872,0.5648196668629012,0.5648196668629012,1
2299,0.0004945755455906878,0.5648196668629012,0.5648196668629012,0
2300,0.0004921026678627343,0.5648196668629012,0.5648196668629012,0
2301,0.0004896421545234206,0.5648196668629012,0.5648196668629012,0
2302,0.00048719394375080355,0.5648196668629012,0.5648196668629012,0
2303,0.0004847579740320495,0.43234216742418957,0.43234216742418957,1
2304,0.00048233418416188925,0.43234216742418957,0.43234216742418957,0
2305,0.0004799225132410798,0.43234216742418957,0.43234216742418957,0
2306,0.00047752290067487444,0.43234216742418957,0.43234216742418957,0
2307,0.0004751352861715001,0.43234216742418957,0.43234216742418957,0
2308,0.0004727596097406426,0.43234216742418957,0.43234216742418957,0
2309,0.0004703958116919394,0.43234216742418957,0.43234216742418957,0
2310,0.0004680438326334797,0.43234216742418957,0.43234216742418957,0
2311,0.0004657036134703123,0.43234216742418957,0.43234216742418957,0
2312,0.00046337509540296073,0.43234216742418957,0.43234216742418957,0
2313,0.0004610582199259459,0.43234216742418957,0.43234216742418957,0
2314,0.0004587529288263162,0.43234216742418957,0.43234216742418957,0
2315,0.0004564591641821846,0.43234216742418957,0.43234216742418957,0
2316,0.00045417686836127366,0.43234216742418957,0.43234216742418957,0
2317,0.0004519059840194673,0.43234216742418957,0.43234216742418957,0
2318,0.00044964645409937,0.43234216742418957,0.43234216742418957,0
2319,0.00044739822182887314,0.43234216742418957,0.43234216742418957,0
2320,0.00044516123071972877,0.43234216742418957,0.43234216742418957,0
2321,0.0004429354245661301,0.43234216742418957,0.43234216742418957,0
2322,0.0004407207474432995,0.43234216742418957,0.43234216742418957,0
2323,0.000438517143706083,0.43234216742418957,0.43234216742418957,0
2324,0.00043632455798755257,0.43234216742418957,0.43234216742418957,0
2325,0.0004341429351976148,0.43234216742418957,0.43234216742418957,0
2326,0.00043197222052162676,0.43234216742418957,0.43234216742418957,0
2327,0.00042981235941901865,0.43234216742418957,0.43234216742418957,0
2328,0.0004276632976219235,0.43234216742418957,0.43234216742418957,0
2329,0.0004255249811338139,0.43234216742418957,0.43234216742418957,0
2330,0.0004233973562281448,0.43234216742418957,0.43234216742418957,0
2331,0.0004212803694470041,0.43234216742418957,0.43234216742418957,0
2332,0.0004191739675997691,0.43234216742418957,0.43234216742418957,0
2333,0.00041707809776177023,0.43234216742418957,0.43234216742418957,0
2334,0.0004149927072729614,0.43234216742418957,0.43234216742418957,0
2335,0.00041291774373659656,0.43234216742418957,0.43234216742418957,0
2336,0.0004108531550179136,0.43234216742418957,0.43234216742418957,0
2337,0.000408798889242824,0.43234216742418957,0.43234216742418957,0
2338,0.00040675489479660986,0.43234216742418957,0.43234216742418957,0
2339,0.0004047211203226268,0.43234216742418957,0.43234216742418957,0
2340,0.0004026975147210136,0.43234216742418957,0.43234216742418957,0
2341,0.00040068402714740856,0.43234216742418957,0.43234216742418957,0
2342,0.0003986806070116715,0.43234216742418957,0.43234216742418957,0
2343,0.00039668720397661317,0.43234216742418957,0.43234216742418957,0
2344,0.0003947037679567301,0.43234216742418957,0.43234216742418957,0
2345,0.00039273024911694646,0.43234216742418957,0.43234216742418957,0
2346,0.0003907665978713617,0.43234216742418957,0.43234216742418957,0
2347,0.0003888127648820049,0.43234216742418957,0.43234216742418957,0
2348,0.00038686870105759485,0.43234216742418957,0.43234216742418957,0
2349,0.00038493435755230685,0.43234216742418957,0.43234216742418957,0
2350,0.0003830096857645453,0.43234216742418957,0.43234216742418957,0
2351,0.0003810946373357226,0.43234216742418957,0.43234216742418957,0
2352,0.000379189164149044,0.43234216742418957,0.43234216742418957,0
2353,0.0003772932183282988,0.43234216742418957,0.43234216742418957,0
2354,0.0003754067522366573,0.43234216742418957,0.43234216742418957,0
2355,0.000373529718475474,0.43234216742418957,0.43234216742418957,0
2356,0.00037166206988309663,0.43234216742418957,0.43234216742418957,0
2357,0.00036980375953368116,0.43234216742418957,0.43234216742418957,0
2358,0.00036795474073601276,0.43234216742418957,0.43234216742418957,0
2359,0.0003661149670323327,0.43234216742418957,0.43234216742418957,0
2360,0.00036428439219717104,0.43234216742418957,0.43234216742418957,0
2361,0.0003624629702361852,0.43234216742418957,0.43234216742418957,0
2362,0.00036065065538500425,0.43234216742418957,0.43234216742418957,0
2363,0.00035884740210807923,0.43234216742418957,0.43234216742418957,0
2364,0.00035705316509753886,0.43234216742418957,0.43234216742418957,0
2365,0.0003552678992720512,0.43234216742418957,0.43234216742418957,0
2366,0.0003534915597756909,0.43234216742418957,0.43234216742418957,0
2367,0.00035172410197681245,0.43234216742418957,0.43234216742418957,0
2368,0.0003499654814669284,0.43234216742418957,0.43234216742418957,0
2369,0.00034821565405959373,0.43234216742418957,0.43234216742418957,0
2370,0.00034647457578929574,0.43234216742418957,0.43234216742418957,0
2371,0.00034474220291034926,0.43234216742418957,0.43234216742418957,0
2372,0.00034301849189579753,0.43234216742418957,0.43234216742418957,0
2373,0.00034130339943631854,0.43234216742418957,0.43234216742418957,0
2374,0.00033959688243913696,0.43234216742418957,0.43234216742418957,0
2375,0.00033789889802694127,0.43234216742418957,0.43234216742418957,0
2376,0.0003362094035368066,0.43234216742418957,0.43234216742418957,0
2377,0.00033452835651912255,0.43234216742418957,0.43234216742418957,0
2378,0.0003328557147365269,0.43234216742418957,0.43234216742418957,0
2379,0.0003311914361628443,0.43234216742418957,0.43234216742418957,0
2380,0.00032953547898203003,0.43234216742418957,0.43234216742418957,0
2381,0.0003278878015871199,0.43234216742418957,0.43234216742418957,0
2382,0.0003262483625791843,0.43234216742418957,0.43234216742418957,0
2383,0.0003246171207662884,0.43234216742418957,0.43234216742418957,0
2384,0.00032299403516245694,0.43234216742418957,0.43234216742418957,0
2385,0.00032137906498664465,0.43234216742418957,0.43234216742418957,0
2386,0.0003197721696617114,0.43234216742418957,0.43234216742418957,0
2387,0.00031817330881340285,0.43234216742418957,0.43234216742418957,0
2388,0.00031658244226933583,0.43234216742418957,0.43234216742418957,0
2389,0.00031499953005798914,0.43234216742418957,0.43234216742418957,0
2390,0.00031342453240769917,0.43234216742418957,0.43234216742418957,0
2391,0.00031185740974566065,0.43234216742418957,0.43234216742418957,0
2392,0.00031029812269693234,0.43234216742418957,0.43234216742418957,0
2393,0.0003087466320834477,0.43234216742418957,0.43234216742418957,0
2394,0.00030720289892303043,0.43234216742418957,0.43234216742418957,0
2395,0.0003056668844284153,0.43234216742418957,0.43234216742418957,0
2396,0.0003041385500062732,0.43234216742418957,0.43234216742418957,0
2397,0.00030261785725624183,0.43234216742418957,0.43234216742418957,0
2398,0.00030110476796996064,0.43234216742418957,0.43234216742418957,0
2399,0.0002995992441301108,0.43234216742418957,0.43234216742418957,0
2400,0.00029810124790946026,0.43234216742418957,0.43234216742418957,0
2401,0.000296610741669913,0.43234216742418957,0.43234216742418957,0
2402,0.00029512768796156343,0.43234216742418957,0.43234216742418957,0
2403,0.0002936520495217556,0.43234216742418957,0.43234216742418957,0
2404,0.0002921837892741468,0.43234216742418957,0.43234216742418957,0
2405,0.0002907228703277761,0.43234216742418957,0.43234216742418957,0
2406,0.0002892692559761372,0.43234216742418957,0.43234216742418957,0
2407,0.0002878229096962565,0.43234216742418957,0.43234216742418957,0
2408,0.00028638379514777523,0.43234216742418957,0.43234216742418957,0
2409,0.0002849518761720364,0.43234216742418957,0.43234216742418957,0
2410,0.0002835271167911762,0.43234216742418957,0.43234216742418957,0
2411,0.0002821094812072203,0.43234216742418957,0.43234216742418957,0
2412,0.0002806989338011842,0.43234216742418957,0.43234216742418957,0
2413,0.00027929543913217825,0.43234216742418957,0.43234216742418957,0
2414,0.00027789896193651737,0.43234216742418957,0.43234216742418957,0
2415,0.0002765094671268348,0.43234216742418957,0.43234216742418957,0
2416,0.0002751269197912006,0.43234216742418957,0.43234216742418957,0
2417,0.00027375128519224463,0.43234216742418957,0.43234216742418957,0
2418,0.0002723825287662834,0.43234216742418957,0.43234216742418957,0
2419,0.000271020616122452,0.43234216742418957,0.43234216742418957,0
2420,0.00026966551304183974,0.43234216742418957,0.43234216742418957,0
2421,0.00026831718547663054,0.43234216742418957,0.43234216742418957,0
2422,0.0002669755995492474,0.43234216742418957,0.43234216742418957,0
2423,0.00026564072155150115,0.43234216742418957,0.43234216742418957,0
2424,0.00026431251794374367,0.43234216742418957,0.43234216742418957,0
2425,0.00026299095535402495,0.43234216742418957,0.43234216742418957,0
2426,0.00026167600057725484,0.43234216742418957,0.43234216742418957,0
2427,0.0002603676205743686,0.43234216742418957,0.43234216742418957,0
2428,0.0002590657824714968,0.43234216742418957,0.43234216742418957,0
2429,0.0002577704535591393,0.43234216742418957,0.43234216742418957,0
2430,0.0002564816012913436,0.43234216742418957,0.43234216742418957,0
2431,0.0002551991932848869,0.43234216742418957,0.43234216742418957,0
2432,0.0002539231973184625,0.43234216742418957,0.43234216742418957,0
2433,0.00025265358133187016,0.43234216742418957,0.43234216742418957,0
2434,0.0002513903134252108,0.43234216742418957,0.43234216742418957,0
2435,0.00025013336185808477,0.43234216742418957,0.43234216742418957,0
2436,0.00024888269504879436,0.43234216742418957,0.43234216742418957,0
2437,0.0002476382815735504,0.43234216742418957,0.43234216742418957,0
2438,0.0002464000901656826,0.43234216742418957,0.43234216742418957,0
2439,0.0002451680897148542,0.43234216742418957,0.43234216742418957,0
2440,0.0002439422492662799,0.43234216742418957,0.43234216742418957,0
2441,0.0002427225380199485,0.43234216742418957,0.43234216742418957,0
2442,0.00024150892532984877,0.43234216742418957,0.43234216742418957,0
2443,0.00024030138070319952,0.43234216742418957,0.43234216742418957,0
2444,0.0002390998737996835,0.43234216742418957,0.43234216742418957,0
2445,0.0002379043744306851,0.43234216742418957,0.43234216742418957,0
2446,0.00023671485255853168,0.43234216742418957,0.43234216742418957,0
2447,0.00023553127829573903,0.43234216742418957,0.43234216742418957,0
2448,0.00023435362190426032,0.43234216742418957,0.43234216742418957,0
2449,0.000233181853794739,0.43234216742418957,0.43234216742418957,0
2450,0.00023201594452576532,0.43234216742418957,0.43234216742418957,0
2451,0.0002308558648031365,0.43234216742418957,0.43234216742418957,0
2452,0.0002297015854791208,0.43234216742418957,0.43234216742418957,0
2453,0.00022855307755172518,0.43234216742418957,0.43234216742418957,0
2454,0.00022741031216396654,0.43234216742418957,0.43234216742418957,0
2455,0.0002262732606031467,0.43234216742418957,0.43234216742418957,0
2456,0.00022514189430013098,0.43234216742418957,0.43234216742418957,0
2457,0.00022401618482863032,0.43234216742418957,0.43234216742418957,0
2458,0.00022289610390448716,0.43234216742418957,0.43234216742418957,0
2459,0.0002217816233849647,0.43234216742418957,0.43234216742418957,0
2460,0.00022067271526803988,0.43234216742418957,0.43234216742418957,0
2461,0.00021956935169169969,0.43234216742418957,0.43234216742418957,0
2462,0.0002184715049332412,0.43234216742418957,0.43234216742418957,0
2463,0.00021737914740857498,0.43234216742418957,0.43234216742418957,0
2464,0.0002162922516715321,0.43234216742418957,0.43234216742418957,0
2465,0.00021521079041317444,0.43234216742418957,0.43234216742418957,0
2466,0.00021413473646110856,0.43234216742418957,0.43234216742418957,0
2467,0.00021306406277880302,0.43234216742418957,0.43234216742418957,0
2468,0.000211998742464909,0.43234216742418957,0.43234216742418957,0
2469,0.00021093874875258446,0.43234216742418957,0.43234216742418957,0
2470,0.00020988405500882155,0.43234216742418957,0.43234216742418957,0
2471,0.00020883463473377745,0.43234216742418957,0.43234216742418957,0
2472,0.00020779046156010856,0.43234216742418957,0.43234216742418957,0
2473,0.00020675150925230802,0.43234216742418957,0.43234216742418957,0
2474,0.00020571775170604649,0.43234216742418957,0.43234216742418957,0
2475,0.00020468916294751624,0.43234216742418957,0.43234216742418957,0
2476,0.00020366571713277865,0.43234216742418957,0.43234216742418957,0
2477,0.00020264738854711476,0.43234216742418957,0.43234216742418957,0
2478,0.00020163415160437918,0.43234216742418957,0.43234216742418957,0
2479,0.0002006259808463573,0.43234216742418957,0.43234216742418957,0
2480,0.00019962285094212551,0.43234216742418957,0.43234216742418957,0
2481,0.00019862473668741487,0.43234216742418957,0.43234216742418957,0
2482,0.0001976316130039778,0.43234216742418957,0.43234216742418957,0
2483,0.0001966434549389579,0.43234216742418957,0.43234216742418957,0
2484,0.00019566023766426311,0.43234216742418957,0.43234216742418957,0
2485,0.00019468193647594178,0.43234216742418957,0.43234216742418957,0
2486,0.00019370852679356207,0.43234216742418957,0.43234216742418957,0
2487,0.00019273998415959425,0.43234216742418957,0.43234216742418957,0
2488,0.00019177628423879627,0.43234216742418957,0.43234216742418957,0
2489,0.00019081740281760227,0.43234216742418957,0.43234216742418957,0
2490,0.00018986331580351425,0.43234216742418957,0.43234216742418957,0
2491,0.00018891399922449668,0.43234216742418957,0.43234216742418957,0
2492,0.0001879694292283742,0.43234216742418957,0.43234216742418957,0
2493,0.0001870295820822323,0.43234216742418957,0.43234216742418957,0
2494,0.00018609443417182115,0.43234216742418957,0.43234216742418957,0
2495,0.00018516396200096203,0.43234216742418957,0.43234216742418957,0
2496,0.00018423814219095723,0.43234216742418957,0.43234216742418957,0
2497,0.00018331695148000244,0.43234216742418957,0.43234216742418957,0
2498,0.00018240036672260244,0.43234216742418957,0.43234216742418957,0
2499,0.00018148836488898943,0.43234216742418957,0.43234216742418957,0
2500,0.0001805809230645445,0.43234216742418957,0.43234216742418957,0
2501,0.00017967801844922176,0.43234216742418957,0.43234216742418957,0
2502,0.00017877962835697564,0.43234216742418957,0.43234216742418957,0
2503,0.00017788573021519077,0.43234216742418957,0.43234216742418957,0
2504,0.0001769963015641148,0.43234216742418957,0.43234216742418957,0
2505,0.00017611132005629425,0.43234216742418957,0.43234216742418957,0
2506,0.00017523076345601278,0.43234216742418957,0.43234216742418957,0
2507,0.00017435460963873272,0.43234216742418957,0.43234216742418957,0
2508,0.00017348283659053906,0.43234216742418957,0.43234216742418957,0
2509,0.00017261542240758635,0.43234216742418957,0.43234216742418957,0
2510,0.00017175234529554843,0.43234216742418957,0.43234216742418957,0
2511,0.00017089358356907068,0.43234216742418957,0.43234216742418957,0
2512,0.00017003911565122533,0.43234216742418957,0.43234216742418957,0
2513,0.0001691889200729692,0.43234216742418957,0.43234216742418957,0
2514,0.00016834297547260434,0.43234216742418957,0.43234216742418957,0
2515,0.00016750126059524132,0.43234216742418957,0.43234216742418957,0
2516,0.00016666375429226512,0.43234216742418957,0.43234216742418957,0
2517,0.0001658304355208038,0.43234216742418957,0.43234216742418957,0
2518,0.00016500128334319977,0.43234216742418957,0.43234216742418957,0
2519,0.0001641762769264838,0.43234216742418957,0.43234216742418957,0
2520,0.00016335539554185137,0.43234216742418957,0.43234216742418957,0
2521,0.00016253861856414212,0.43234216742418957,0.43234216742418957,0
2522,0.00016172592547132142,0.43234216742418957,0.43234216742418957,0
2523,0.0001609172958439648,0.43234216742418957,0.43234216742418957,0
2524,0.000160112709364745,0.43234216742418957,0.43234216742418957,0
2525,0.00015931214581792126,0.43234216742418957,0.43234216742418957,0
2526,0.00015851558508883166,0.43234216742418957,0.43234216742418957,0
2527,0.0001577230071633875,0.43234216742418957,0.43234216742418957,0
2528,0.00015693439212757055,0.43234216742418957,0.43234216742418957,0
2529,0.0001561497201669327,0.43234216742418957,0.43234216742418957,0
2530,0.00015536897156609802,0.43234216742418957,0.43234216742418957,0
2531,0.00015459212670826752,0.43234216742418957,0.43234216742418957,0
2532,0.00015381916607472618,0.43234216742418957,0.43234216742418957,0
2533,0.00015305007024435255,0.43234216742418957,0.43234216742418957,0
2534,0.0001522848198931308,0.43234216742418957,0.43234216742418957,0
2535,0.00015152339579366516,0.43234216742418957,0.43234216742418957,0
2536,0.00015076577881469684,0.43234216742418957,0.43234216742418957,0
2537,0.00015001194992062336,0.43234216742418957,0.43234216742418957,0
2538,0.00014926189017102024,0.43234216742418957,0.43234216742418957,0
2539,0.00014851558072016512,0.43234216742418957,0.43234216742418957,0
2540,0.0001477730028165643,0.43234216742418957,0.43234216742418957,0
2541,0.0001470341378024815,0.43234216742418957,0.43234216742418957,0
2542,0.0001462989671134691,0.43234216742418957,0.43234216742418957,0
2543,0.00014556747227790175,0.43234216742418957,0.43234216742418957,0
2544,0.00014483963491651223,0.43234216742418957,0.43234216742418957,0
2545,0.00014411543674192967,0.43234216742418957,0.43234216742418957,0
2546,0.00014339485955822001,0.43234216742418957,0.43234216742418957,0
2547,0.00014267788526042892,0.43234216742418957,0.43234216742418957,0
2548,0.00014196449583412678,0.43234216742418957,0.43234216742418957,0
2549,0.00014125467335495616,0.43234216742418957,0.43234216742418957,0
2550,0.00014054839998818138,0.43234216742418957,0.43234216742418957,0
2551,0.00013984565798824049,0.43234216742418957,0.43234216742418957,0
2552,0.00013914642969829928,0.43234216742418957,0.43234216742418957,0
2553,0.0001384506975498078,0.43234216742418957,0.43234216742418957,0
2554,0.00013775844406205875,0.43234216742418957,0.43234216742418957,0
2555,0.00013706965184174846,0.43234216742418957,0.43234216742418957,0
2556,0.00013638430358253972,0.43234216742418957,0.43234216742418957,0
2557,0.00013570238206462703,0.43234216742418957,0.43234216742418957,0
2558,0.0001350238701543039,0.43234216742418957,0.43234216742418957,0
2559,0.0001343487508035324,0.43234216742418957,0.43234216742418957,0
2560,0.00013367700704951474,0.43234216742418957,0.43234216742418957,0
2561,0.00013300862201426716,0.43234216742418957,0.43234216742418957,0
2562,0.0001323435789041958,0.43234216742418957,0.43234216742418957,0
2563,0.00013168186100967483,0.43234216742418957,0.43234216742418957,0
2564,0.00013102345170462644,0.43234216742418957,0.43234216742418957,0
2565,0.0001303683344461033,0.43234216742418957,0.43234216742418957,0
2566,0.0001297164927738728,0.43234216742418957,0.43234216742418957,0
2567,0.00012906791031000345,0.43234216742418957,0.43234216742418957,0
2568,0.00012842257075845344,0.43234216742418957,0.43234216742418957,0
2569,0.00012778045790466118,0.43234216742418957,0.43234216742418957,0
2570,0.00012714155561513788,0.43234216742418957,0.43234216742418957,0
2571,0.00012650584783706218,0.43234216742418957,0.43234216742418957,0
2572,0.00012587331859787687,0.43234216742418957,0.43234216742418957,0
2573,0.0001252439520048875,0.43234216742418957,0.43234216742418957,0
2574,0.00012461773224486307,0.43234216742418957,0.43234216742418957,0
2575,0.00012399464358363874,0.43234216742418957,0.43234216742418957,0
2576,0.00012337467036572055,0.43234216742418957,0.43234216742418957,0
2577,0.00012275779701389195,0.43234216742418957,0.43234216742418957,0
2578,0.00012214400802882248,0.43234216742418957,0.43234216742418957,0
2579,0.00012153328798867837,0.43234216742418957,0.43234216742418957,0
2580,0.00012092562154873498,0.43234216742418957,0.43234216742418957,0
2581,0.00012032099344099131,0.43234216742418957,0.43234216742418957,0
2582,0.00011971938847378635,0.43234216742418957,0.43234216742418957,0
2583,0.00011912079153141742,0.43234216742418957,0.43234216742418957,0
2584,0.00011852518757376034,0.43234216742418957,0.43234216742418957,0
2585,0.00011793256163589153,0.43234216742418957,0.43234216742418957,0
2586,0.00011734289882771208,0.43234216742418957,0.43234216742418957,0
2587,0.00011675618433357352,0.43234216742418957,0.43234216742418957,0
2588,0.00011617240341190564,0.43234216742418957,0.43234216742418957,0
2589,0.00011559154139484612,0.43234216742418957,0.43234216742418957,0
2590,0.00011501358368787188,0.43234216742418957,0.43234216742418957,0
2591,0.00011443851576943253,0.43234216742418957,0.43234216742418957,0
2592,0.00011386632319058536,0.43234216742418957,0.43234216742418957,0
2593,0.00011329699157463243,0.43234216742418957,0.43234216742418957,0
2594,0.00011273050661675927,0.43234216742418957,0.43234216742418957,0
2595,0.00011216685408367547,0.43234216742418957,0.43234216742418957,0
2596,0.00011160601981325709,0.43234216742418957,0.43234216742418957,0
2597,0.0001110479897141908,0.43234216742418957,0.43234216742418957,0
2598,0.00011049274976561985,0.43234216742418957,0.43234216742418957,0
2599,0.00010994028601679176,0.43234216742418957,0.43234216742418957,0
2600,0.0001093905845867078,0.43234216742418957,0.43234216742418957,0
2601,0.00010884363166377425,0.43234216742418957,0.43234216742418957,0
2602,0.00010829941350545538,0.43234216742418957,0.43234216742418957,0
2603,0.0001077579164379281,0.43234216742418957,0.43234216742418957,0
2604,0.00010721912685573846,0.43234216742418957,0.43234216742418957,0
2605,0.00010668303122145977,0.43234216742418957,0.43234216742418957,0
2606,0.00010614961606535246,0.43234216742418957,0.43234216742418957,0
2607,0.0001056188679850257,0.43234216742418957,0.43234216742418957,0
2608,0.00010509077364510056,0.43234216742418957,0.43234216742418957,0
2609,0.00010456531977687506,0.43234216742418957,0.43234216742418957,0
2610,0.00010404249317799069,0.43234216742418957,0.43234216742418957,0
2611,0.00010352228071210074,0.43234216742418957,0.43234216742418957,0
2612,0.00010300466930854024,0.43234216742418957,0.43234216742418957,0
2613,0.00010248964596199753,0.43234216742418957,0.43234216742418957,0
2614,0.00010197719773218755,0.43234216742418957,0.43234216742418957,0
2615,0.0001014673117435266,0.43234216742418957,0.43234216742418957,0
2616,0.00010095997518480897,0.43234216742418957,0.43234216742418957,0
2617,0.00010045517530888492,0.43234216742418957,0.43234216742418957,0
2618,9.995289943234049e-05,0.43234216742418957,0.43234216742418957,0
2619,9.945313493517879e-05,0.43234216742418957,0.43234216742418957,0
2620,9.89558692605029e-05,0.43234216742418957,0.43234216742418957,0
2621,9.846108991420038e-05,0.43234216742418957,0.43234216742418957,0
2622,9.796878446462939e-05,0.43234216742418957,0.43234216742418957,0
2623,9.747894054230623e-05,0.43234216742418957,0.43234216742418957,0
2624,9.699154583959471e-05,0.43234216742418957,0.43234216742418957,0
2625,9.650658811039674e-05,0.43234216742418957,0.43234216742418957,0
2626,9.602405516984475e-05,0.43234216742418957,0.43234216742418957,0
2627,9.554393489399553e-05,0.43234216742418957,0.43234216742418957,0
2628,9.506621521952555e-05,0.43234216742418957,0.43234216742418957,0
2629,9.459088414342792e-05,0.43234216742418957,0.43234216742418957,0
2630,9.411792972271077e-05,0.43234216742418957,0.43234216742418957,0
2631,9.364734007409721e-05,0.43234216742418957,0.43234216742418957,0
2632,9.317910337372673e-05,0.43234216742418957,0.43234216742418957,0
2633,9.27132078568581e-05,0.43234216742418957,0.43234216742418957,0
2634,9.224964181757381e-05,0.43234216742418957,0.43234216742418957,0
2635,9.178839360848594e-05,0.43234216742418957,0.43234216742418957,0
2636,9.132945164044352e-05,0.43234216742418957,0.43234216742418957,0
2637,9.08728043822413e-05,0.43234216742418957,0.43234216742418957,0
2638,9.041844036033008e-05,0.43234216742418957,0.43234216742418957,0
2639,8.996634815852843e-05,0.43234216742418957,0.43234216742418957,0
2640,8.951651641773578e-05,0.43234216742418957,0.43234216742418957,0
2641,8.90689338356471e-05,0.43234216742418957,0.43234216742418957,0
2642,8.862358916646886e-05,0.43234216742418957,0.43234216742418957,0
2643,8.818047122063651e-05,0.43234216742418957,0.43234216742418957,0
2644,8.773956886453333e-05,0.43234216742418957,0.43234216742418957,0
2645,8.730087102021066e-05,0.43234216742418957,0.43234216742418957,0
2646,8.686436666510961e-05,0.43234216742418957,0.43234216742418957,0
2647,8.643004483178406e-05,0.43234216742418957,0.43234216742418957,0
2648,8.599789460762515e-05,0.43234216742418957,0.43234216742418957,0
2649,8.556790513458702e-05,0.43234216742418957,0.43234216742418957,0
2650,8.514006560891408e-05,0.43234216742418957,0.43234216742418957,0
2651,8.47143652808695e-05,0.43234216742418957,0.43234216742418957,0
2652,8.429079345446516e-05,0.43234216742418957,0.43234216742418957,0
2653,8.386933948719283e-05,0.43234216742418957,0.43234216742418957,0
2654,8.344999278975686e-05,0.43234216742418957,0.43234216742418957,0
2655,8.303274282580808e-05,0.43234216742418957,0.43234216742418957,0
2656,8.261757911167903e-05,0.43234216742418957,0.43234216742418957,0
2657,8.220449121612064e-05,0.43234216742418957,0.43234216742418957,0
2658,8.179346876004003e-05,0.43234216742418957,0.43234216742418957,0
2659,8.138450141623983e-05,0.43234216742418957,0.43234216742418957,0
2660,8.097757890915863e-05,0.43234216742418957,0.43234216742418957,0
2661,8.057269101461284e-05,0.43234216742418957,0.43234216742418957,0
2662,8.016982755953977e-05,0.43234216742418957,0.43234216742418957,0
2663,7.976897842174208e-05,0.43234216742418957,0.43234216742418957,0
2664,7.937013352963336e-05,0.43234216742418957,0.43234216742418957,0
2665,7.89732828619852e-05,0.43234216742418957,0.43234216742418957,0
2666,7.857841644767527e-05,0.43234216742418957,0.43234216742418957,0
2667,7.818552436543689e-05,0.43234216742418957,0.43234216742418957,0
2668,7.779459674360971e-05,0.43234216742418957,0.43234216742418957,0
2669,7.740562375989166e-05,0.43234216742418957,0.43234216742418957,0
2670,7.701859564109221e-05,0.43234216742418957,0.43234216742418957,0
2671,7.663350266288675e-05,0.43234216742418957,0.43234216742418957,0
2672,7.625033514957232e-05,0.43234216742418957,0.43234216742418957,0
2673,7.586908347382445e-05,0.43234216742418957,0.43234216742418957,0
2674,7.548973805645533e-05,0.43234216742418957,0.43234216742418957,0
2675,7.511228936617305e-05,0.43234216742418957,0.43234216742418957,0
2676,7.473672791934219e-05,0.43234216742418957,0.43234216742418957,0
2677,7.436304427974549e-05,0.43234216742418957,0.43234216742418957,0
2678,7.399122905834676e-05,0.43234216742418957,0.43234216742418957,0
2679,7.362127291305502e-05,0.43234216742418957,0.43234216742418957,0
2680,7.325316654848975e-05,0.43234216742418957,0.43234216742418957,0
2681,7.28869007157473e-05,0.43234216742418957,0.43234216742418957,0
2682,7.252246621216857e-05,0.43234216742418957,0.43234216742418957,0
2683,7.215985388110773e-05,0.43234216742418957,0.43234216742418957,0
2684,7.17990546117022e-05,0.43234216742418957,0.43234216742418957,0
2685,7.144005933864369e-05,0.43234216742418957,0.43234216742418957,0
2686,7.108285904195047e-05,0.43234216742418957,0.43234216742418957,0
2687,7.072744474674071e-05,0.43234216742418957,0.43234216742418957,0
2688,7.037380752300701e-05,0.43234216742418957,0.43234216742418957,0
2689,7.002193848539198e-05,0.43234216742418957,0.43234216742418957,0
2690,6.967182879296502e-05,0.43234216742418957,0.43234216742418957,0
2691,6.932346964900019e-05,0.43234216742418957,0.43234216742418957,0
2692,6.897685230075518e-05,0.43234216742418957,0.43234216742418957,0
2693,6.863196803925141e-05,0.43234216742418957,0.43234216742418957,0
2694,6.828880819905515e-05,0.43234216742418957,0.43234216742418957,0
2695,6.794736415805987e-05,0.43234216742418957,0.43234216742418957,0
2696,6.760762733726957e-05,0.43234216742418957,0.43234216742418957,0
2697,6.726958920058322e-05,0.43234216742418957,0.43234216742418957,0
2698,6.69332412545803e-05,0.43234216742418957,0.43234216742418957,0
2699,6.65985750483074e-05,0.43234216742418957,0.43234216742418957,0
2700,6.626558217306586e-05,0.43234216742418957,0.43234216742418957,0
2701,6.593425426220054e-05,0.43234216742418957,0.43234216742418957,0
2702,6.560458299088954e-05,0.43234216742418957,0.43234216742418957,0
2703,6.527656007593508e-05,0.43234216742418957,0.43234216742418957,0
2704,6.495017727555541e-05,0.43234216742418957,0.43234216742418957,0
2705,6.462542638917763e-05,0.43234216742418957,0.43234216742418957,0
2706,6.430229925723174e-05,0.43234216742418957,0.43234216742418957,0
2707,6.398078776094558e-05,0.43234216742418957,0.43234216742418957,0
2708,6.366088382214085e-05,0.43234216742418957,0.43234216742418957,0
2709,6.334257940303014e-05,0.43234216742418957,0.43234216742418957,0
2710,6.3025866506015e-05,0.43234216742418957,0.43234216742418957,0
2711,6.271073717348492e-05,0.43234216742418957,0.43234216742418957,0
2712,6.23971834876175e-05,0.43234216742418957,0.43234216742418957,0
2713,6.20851975701794e-05,0.43234216742418957,0.43234216742418957,0
2714,6.17747715823285e-05,0.43234216742418957,0.43234216742418957,0
2715,6.146589772441685e-05,0.43234216742418957,0.43234216742418957,0
2716,6.115856823579476e-05,0.43234216742418957,0.43234216742418957,0
2717,6.085277539461579e-05,0.43234216742418957,0.43234216742418957,0
2718,6.054851151764271e-05,0.43234216742418957,0.43234216742418957,0
2719,6.02457689600545e-05,0.43234216742418957,0.43234216742418957,0
2720,5.994454011525423e-05,0.43234216742418957,0.43234216742418957,0
2721,5.9644817414677964e-05,0.43234216742418957,0.43234216742418957,0
2722,5.9346593327604574e-05,0.43234216742418957,0.43234216742418957,0
2723,5.904986036096655e-05,0.43234216742418957,0.43234216742418957,0
2724,5.875461105916172e-05,0.43234216742418957,0.43234216742418957,0
2725,5.846083800386591e-05,0.43234216742418957,0.43234216742418957,0
2726,5.8168533813846583e-05,0.43234216742418957,0.43234216742418957,0
2727,5.787769114477735e-05,0.43234216742418957,0.43234216742418957,0
2728,5.758830268905346e-05,0.43234216742418957,0.43234216742418957,0
2729,5.730036117560819e-05,0.43234216742418957,0.43234216742418957,0
2730,5.701385936973015e-05,0.43234216742418957,0.43234216742418957,0
2731,5.67287900728815e-05,0.43234216742418957,0.43234216742418957,0
2732,5.644514612251709e-05,0.43234216742418957,0.43234216742418957,0
2733,5.61629203919045e-05,0.43234216742418957,0.43234216742418957,0
2734,5.588210578994498e-05,0.43234216742418957,0.43234216742418957,0
2735,5.5602695260995254e-05,0.43234216742418957,0.43234216742418957,0
2736,5.5324681784690276e-05,0.43234216742418957,0.43234216742418957,0
2737,5.5048058375766825e-05,0.43234216742418957,0.43234216742418957,0
2738,5.477281808388799e-05,0.43234216742418957,0.43234216742418957,0
2739,5.449895399346855e-05,0.43234216742418957,0.43234216742418957,0
2740,5.422645922350121e-05,0.43234216742418957,0.43234216742418957,0
2741,5.3955326927383705e-05,0.43234216742418957,0.43234216742418957,0
2742,5.368555029274679e-05,0.43234216742418957,0.43234216742418957,0
2743,5.341712254128305e-05,0.43234216742418957,0.43234216742418957,0
2744,5.3150036928576636e-05,0.43234216742418957,0.43234216742418957,0
2745,5.288428674393375e-05,0.43234216742418957,0.43234216742418957,0
2746,5.261986531021408e-05,0.43234216742418957,0.43234216742418957,0
2747,5.235676598366301e-05,0.43234216742418957,0.43234216742418957,0
2748,5.20949821537447e-05,0.43234216742418957,0.43234216742418957,0
2749,5.1834507242975974e-05,0.43234216742418957,0.43234216742418957,0
2750,5.157533470676109e-05,0.43234216742418957,0.43234216742418957,0
2751,5.131745803322729e-05,0.43234216742418957,0.43234216742418957,0
2752,5.106087074306115e-05,0.43234216742418957,0.43234216742418957,0
2753,5.0805566389345844e-05,0.43234216742418957,0.43234216742418957,0
2754,5.0551538557399114e-05,0.43234216742418957,0.43234216742418957,0
2755,5.029878086461212e-05,0.43234216742418957,0.43234216742418957,0
2756,5.004728696028906e-05,0.43234216742418957,0.43234216742418957,0
2757,4.9797050525487614e-05,0.43234216742418957,0.43234216742418957,0
2758,4.9548065272860177e-05,0.43234216742418957,0.43234216742418957,0
2759,4.930032494649588e-05,0.43234216742418957,0.43234216742418957,0
2760,4.90538233217634e-05,0.43234216742418957,0.43234216742418957,0
2761,4.8808554205154585e-05,0.43234216742418957,0.43234216742418957,0
2762,4.856451143412881e-05,0.43234216742418957,0.43234216742418957,0
2763,4.832168887695816e-05,0.43234216742418957,0.43234216742418957,0
2764,4.808008043257337e-05,0.43234216742418957,0.43234216742418957,0
2765,4.78396800304105e-05,0.43234216742418957,0.43234216742418957,0
2766,4.760048163025845e-05,0.43234216742418957,0.43234216742418957,0
2767,4.736247922210716e-05,0.43234216742418957,0.43234216742418957,0
2768,4.712566682599662e-05,0.43234216742418957,0.43234216742418957,0
2769,4.6890038491866636e-05,0.43234216742418957,0.43234216742418957,0
2770,4.6655588299407304e-05,0.43234216742418957,0.43234216742418957,0
2771,4.642231035791027e-05,0.43234216742418957,0.43234216742418957,0
2772,4.619019880612071e-05,0.43234216742418957,0.43234216742418957,0
2773,4.595924781209011e-05,0.43234216742418957,0.43234216742418957,0
2774,4.5729451573029657e-05,0.43234216742418957,0.43234216742418957,0
2775,4.550080431516451e-05,0.43234216742418957,0.43234216742418957,0
2776,4.5273300293588686e-05,0.43234216742418957,0.43234216742418957,0
2777,4.5046933792120744e-05,0.43234216742418957,0.43234216742418957,0
2778,4.482169912316014e-05,0.43234216742418957,0.43234216742418957,0
2779,4.4597590627544336e-05,0.43234216742418957,0.43234216742418957,0
2780,4.4374602674406615e-05,0.43234216742418957,0.43234216742418957,0
2781,4.415272966103458e-05,0.43234216742418957,0.43234216742418957,0
2782,4.393196601272941e-05,0.43234216742418957,0.43234216742418957,0
2783,4.371230618266576e-05,0.43234216742418957,0.43234216742418957,0
2784,4.349374465175243e-05,0.43234216742418957,0.43234216742418957,0
2785,4.327627592849367e-05,0.43234216742418957,0.43234216742418957,0
2786,4.30598945488512e-05,0.43234216742418957,0.43234216742418957,0
2787,4.2844595076106946e-05,0.43234216742418957,0.43234216742418957,0
2788,4.2630372100726415e-05,0.43234216742418957,0.43234216742418957,0
2789,4.2417220240222785e-05,0.43234216742418957,0.43234216742418957,0
2790,4.220513413902167e-05,0.43234216742418957,0.43234216742418957,0
2791,4.1994108468326556e-05,0.43234216742418957,0.43234216742418957,0
2792,4.178413792598492e-05,0.43234216742418957,0.43234216742418957,0
2793,4.1575217236355e-05,0.43234216742418957,0.43234216742418957,0
2794,4.136734115017322e-05,0.43234216742418957,0.43234216742418957,0
2795,4.1160504444422356e-05,0.43234216742418957,0.43234216742418957,0
2796,4.095470192220024e-05,0.43234216742418957,0.43234216742418957,0
2797,4.074992841258924e-05,0.43234216742418957,0.43234216742418957,0
2798,4.054617877052629e-05,0.43234216742418957,0.43234216742418957,0
2799,4.034344787667366e-05,0.43234216742418957,0.43234216742418957,0
2800,4.014173063729029e-05,0.43234216742418957,0.43234216742418957,0
2801,3.994102198410384e-05,0.43234216742418957,0.43234216742418957,0
2802,3.974131687418332e-05,0.43234216742418957,0.43234216742418957,0
2803,3.95426102898124e-05,0.43234216742418957,0.43234216742418957,0
2804,3.934489723836334e-05,0.43234216742418957,0.43234216742418957,0
2805,3.914817275217152e-05,0.43234216742418957,0.43234216742418957,0
2806,3.8952431888410664e-05,0.43234216742418957,0.43234216742418957,0
2807,3.875766972896861e-05,0.43234216742418957,0.43234216742418957,0
2808,3.856388138032376e-05,0.43234216742418957,0.43234216742418957,0
2809,3.8371061973422144e-05,0.43234216742418957,0.43234216742418957,0
2810,3.817920666355503e-05,0.43234216742418957,0.43234216742418957,0
2811,3.7988310630237254e-05,0.43234216742418957,0.43234216742418957,0
2812,3.7798369077086065e-05,0.43234216742418957,0.43234216742418957,0
2813,3.7609377231700635e-05,0.43234216742418957,0.43234216742418957,0
2814,3.742133034554213e-05,0.43234216742418957,0.43234216742418957,0
2815,3.7234223693814424e-05,0.43234216742418957,0.43234216742418957,0
2816,3.704805257534535e-05,0.43234216742418957,0.43234216742418957,0
2817,3.6862812312468626e-05,0.43234216742418957,0.43234216742418957,0
2818,3.667849825090628e-05,0.43234216742418957,0.43234216742418957,0
2819,3.649510575965175e-05,0.43234216742418957,0.43234216742418957,0
2820,3.6312630230853494e-05,0.43234216742418957,0.43234216742418957,0
2821,3.613106707969923e-05,0.43234216742418957,0.43234216742418957,0
2822,3.595041174430073e-05,0.43234216742418957,0.43234216742418957,0
2823,3.5770659685579225e-05,0.43234216742418957,0.43234216742418957,0
2824,3.5591806387151327e-05,0.43234216742418957,0.43234216742418957,0
2825,3.541384735521557e-05,0.43234216742418957,0.43234216742418957,0
2826,3.523677811843949e-05,0.43234216742418957,0.43234216742418957,0
2827,3.5060594227847294e-05,0.43234216742418957,0.43234216742418957,0
2828,3.488529125670806e-05,0.43234216742418957,0.43234216742418957,0
2829,3.471086480042452e-05,0.43234216742418957,0.43234216742418957,0
2830,3.4537310476422395e-05,0.43234216742418957,0.43234216742418957,0
2831,3.4364623924040286e-05,0.43234216742418957,0.43234216742418957,0
2832,3.4192800804420084e-05,0.43234216742418957,0.43234216742418957,0
2833,3.402183680039798e-05,0.43234216742418957,0.43234216742418957,0
2834,3.385172761639599e-05,0.43234216742418957,0.43234216742418957,0
2835,3.3682468978314015e-05,0.43234216742418957,0.43234216742418957,0
2836,3.3514056633422444e-05,0.43234216742418957,0.43234216742418957,0
2837,3.334648635025533e-05,0.43234216742418957,0.43234216742418957,0
2838,3.317975391850406e-05,0.43234216742418957,0.43234216742418957,0
2839,3.301385514891154e-05,0.43234216742418957,0.43234216742418957,0
2840,3.284878587316698e-05,0.43234216742418957,0.43234216742418957,0
2841,3.268454194380114e-05,0.43234216742418957,0.43234216742418957,0
2842,3.252111923408214e-05,0.43234216742418957,0.43234216742418957,0
2843,3.235851363791173e-05,0.43234216742418957,0.43234216742418957,0
2844,3.219672106972217e-05,0.43234216742418957,0.43234216742418957,0
2845,3.203573746437356e-05,0.43234216742418957,0.43234216742418957,0
2846,3.187555877705169e-05,0.43234216742418957,0.43234216742418957,0
2847,3.1716180983166434e-05,0.43234216742418957,0.43234216742418957,0
2848,3.15576000782506e-05,0.43234216742418957,0.43234216742418957,0
2849,3.1399812077859346e-05,0.43234216742418957,0.43234216742418957,0
2850,3.124281301747005e-05,0.43234216742418957,0.43234216742418957,0
2851,3.10865989523827e-05,0.43234216742418957,0.43234216742418957,0
2852,3.093116595762079e-05,0.43234216742418957,0.43234216742418957,0
2853,3.077651012783268e-05,0.43234216742418957,0.43234216742418957,0
2854,3.062262757719352e-05,0.43234216742418957,0.43234216742418957,0
2855,3.046951443930755e-05,0.43234216742418957,0.43234216742418957,0
2856,3.0317166867111015e-05,0.43234216742418957,0.43234216742418957,0
2857,3.0165581032775458e-05,0.43234216742418957,0.43234216742418957,0
2858,3.001475312761158e-05,0.43234216742418957,0.43234216742418957,0
2859,2.986467936197352e-05,0.43234216742418957,0.43234216742418957,0
2860,2.9715355965163652e-05,0.43234216742418957,0.43234216742418957,0
2861,2.9566779185337835e-05,0.43234216742418957,0.43234216742418957,0
2862,2.9418945289411145e-05,0.43234216742418957,0.43234216742418957,0
2863,2.927185056296409e-05,0.43234216742418957,0.43234216742418957,0
2864,2.912549131014927e-05,0.43234216742418957,0.43234216742418957,0
2865,2.8979863853598522e-05,0.43234216742418957,0.43234216742418957,0
2866,2.883496453433053e-05,0.43234216742418957,0.43234216742418957,0
2867,2.8690789711658878e-05,0.43234216742418957,0.43234216742418957,0
2868,2.8547335763100584e-05,0.43234216742418957,0.43234216742418957,0
2869,2.840459908428508e-05,0.43234216742418957,0.43234216742418957,0
2870,2.8262576088863653e-05,0.43234216742418957,0.43234216742418957,0
2871,2.8121263208419335e-05,0.43234216742418957,0.43234216742418957,0
2872,2.7980656892377237e-05,0.43234216742418957,0.43234216742418957,0
2873,2.784075360791535e-05,0.43234216742418957,0.43234216742418957,0
2874,2.7701549839875773e-05,0.43234216742418957,0.43234216742418957,0
2875,2.7563042090676393e-05,0.43234216742418957,0.43234216742418957,0
2876,2.7425226880223012e-05,0.43234216742418957,0.43234216742418957,0
2877,2.7288100745821896e-05,0.43234216742418957,0.43234216742418957,0
2878,2.7151660242092787e-05,0.43234216742418957,0.43234216742418957,0
2879,2.7015901940882324e-05,0.43234216742418957,0.43234216742418957,0
2880,2.6880822431177912e-05,0.43234216742418957,0.43234216742418957,0
2881,2.674641831902202e-05,0.43234216742418957,0.43234216742418957,0
2882,2.661268622742691e-05,0.43234216742418957,0.43234216742418957,0
2883,2.6479622796289778e-05,0.43234216742418957,0.43234216742418957,0
2884,2.634722468230833e-05,0.43234216742418957,0.43234216742418957,0
2885,2.6215488558896788e-05,0.43234216742418957,0.43234216742418957,0
2886,2.6084411116102305e-05,0.43234216742418957,0.43234216742418957,0
2887,2.5953989060521794e-05,0.43234216742418957,0.43234216742418957,0
2888,2.5824219115219186e-05,0.43234216742418957,0.43234216742418957,0
2889,2.569509801964309e-05,0.43234216742418957,0.43234216742418957,0
2890,2.5566622529544873e-05,0.43234216742418957,0.43234216742418957,0
2891,2.543878941689715e-05,0.43234216742418957,0.43234216742418957,0
2892,2.5311595469812665e-05,0.43234216742418957,0.43234216742418957,0
2893,2.5185037492463602e-05,0.43234216742418957,0.43234216742418957,0
2894,2.5059112305001285e-05,0.43234216742418957,0.43234216742418957,0
2895,2.493381674347628e-05,0.43234216742418957,0.43234216742418957,0
2896,2.4809147659758897e-05,0.43234216742418957,0.43234216742418957,0
2897,2.4685101921460104e-05,0.43234216742418957,0.43234216742418957,0
2898,2.4561676411852803e-05,0.43234216742418957,0.43234216742418957,0
2899,2.443886802979354e-05,0.43234216742418957,0.43234216742418957,0
2900,2.4316673689644573e-05,0.43234216742418957,0.43234216742418957,0
2901,2.419509032119635e-05,0.43234216742418957,0.43234216742418957,0
2902,2.407411486959037e-05,0.43234216742418957,0.43234216742418957,0
2903,2.3953744295242415e-05,0.43234216742418957,0.43234216742418957,0
2904,2.3833975573766204e-05,0.43234216742418957,0.43234216742418957,0
2905,2.3714805695897372e-05,0.43234216742418957,0.43234216742418957,0
2906,2.3596231667417884e-05,0.43234216742418957,0.43234216742418957,0
2907,2.3478250509080793e-05,0.43234216742418957,0.43234216742418957,0
2908,2.336085925653539e-05,0.43234216742418957,0.43234216742418957,0
2909,2.324405496025271e-05,0.43234216742418957,0.43234216742418957,0
2910,2.3127834685451447e-05,0.43234216742418957,0.43234216742418957,0
2911,2.301219551202419e-05,0.43234216742418957,0.43234216742418957,0
2912,2.289713453446407e-05,0.43234216742418957,0.43234216742418957,0
2913,2.278264886179175e-05,0.43234216742418957,0.43234216742418957,0
2914,2.266873561748279e-05,0.43234216742418957,0.43234216742418957,0
2915,2.2555391939395378e-05,0.43234216742418957,0.43234216742418957,0
2916,2.24426149796984e-05,0.43234216742418957,0.43234216742418957,0
2917,2.2330401904799908e-05,0.43234216742418957,0.43234216742418957,0
2918,2.2218749895275907e-05,0.43234216742418957,0.43234216742418957,0
2919,2.210765614579953e-05,0.43234216742418957,0.43234216742418957,0
2920,2.199711786507053e-05,0.43234216742418957,0.43234216742418957,0
2921,2.188713227574518e-05,0.43234216742418957,0.43234216742418957,0
2922,2.1777696614366453e-05,0.43234216742418957,0.43234216742418957,0
2923,2.166880813129462e-05,0.43234216742418957,0.43234216742418957,0
2924,2.1560464090638146e-05,0.43234216742418957,0.43234216742418957,0
2925,2.1452661770184954e-05,0.43234216742418957,0.43234216742418957,0
2926,2.134539846133403e-05,0.43234216742418957,0.43234216742418957,0
2927,2.123867146902736e-05,0.43234216742418957,0.43234216742418957,0
2928,2.113247811168222e-05,0.43234216742418957,0.43234216742418957,0
2929,2.1026815721123808e-05,0.43234216742418957,0.43234216742418957,0
2930,2.092168164251819e-05,0.43234216742418957,0.43234216742418957,0
2931,2.0817073234305597e-05,0.43234216742418957,0.43234216742418957,0
2932,2.071298786813407e-05,0.43234216742418957,0.43234216742418957,0
2933,2.06094229287934e-05,0.43234216742418957,0.43234216742418957,0
2934,2.0506375814149433e-05,0.43234216742418957,0.43234216742418957,0
2935,2.0403843935078685e-05,0.43234216742418957,0.43234216742418957,0
2936,2.030182471540329e-05,0.43234216742418957,0.43234216742418957,0
2937,2.0200315591826275e-05,0.43234216742418957,0.43234216742418957,0
2938,2.0099314013867143e-05,0.43234216742418957,0.43234216742418957,0
2939,1.9998817443797806e-05,0.43234216742418957,0.43234216742418957,0
2940,1.9898823356578817e-05,0.43234216742418957,0.43234216742418957,0
2941,1.9799329239795923e-05,0.43234216742418957,0.43234216742418957,0
2942,1.9700332593596945e-05,0.43234216742418957,0.43234216742418957,0
2943,1.960183093062896e-05,0.43234216742418957,0.43234216742418957,0
2944,1.9503821775975816e-05,0.43234216742418957,0.43234216742418957,0
2945,1.9406302667095935e-05,0.43234216742418957,0.43234216742418957,0
2946,1.9309271153760457e-05,0.43234216742418957,0.43234216742418957,0
2947,1.9212724797991653e-05,0.43234216742418957,0.43234216742418957,0
2948,1.9116661174001695e-05,0.43234216742418957,0.43234216742418957,0
2949,1.9021077868131688e-05,0.43234216742418957,0.43234216742418957,0
2950,1.892597247879103e-05,0.43234216742418957,0.43234216742418957,0
2951,1.8831342616397076e-05,0.43234216742418957,0.43234216742418957,0
2952,1.873718590331509e-05,0.43234216742418957,0.43234216742418957,0
2953,1.8643499973798515e-05,0.43234216742418957,0.43234216742418957,0
2954,1.855028247392952e-05,0.43234216742418957,0.43234216742418957,0
2955,1.8457531061559873e-05,0.43234216742418957,0.43234216742418957,0
2956,1.8365243406252075e-05,0.43234216742418957,0.43234216742418957,0
2957,1.8273417189220815e-05,0.43234216742418957,0.43234216742418957,0
2958,1.818205010327471e-05,0.43234216742418957,0.43234216742418957,0
2959,1.8091139852758335e-05,0.43234216742418957,0.43234216742418957,0
2960,1.8000684153494542e-05,0.43234216742418957,0.43234216742418957,0
2961,1.791068073272707e-05,0.43234216742418957,0.43234216742418957,0
2962,1.7821127329063435e-05,0.43234216742418957,0.43234216742418957,0
2963,1.7732021692418118e-05,0.43234216742418957,0.43234216742418957,0
2964,1.7643361583956028e-05,0.43234216742418957,0.43234216742418957,0
2965,1.755514477603625e-05,0.43234216742418957,0.43234216742418957,0
2966,1.7467369052156067e-05,0.43234216742418957,0.43234216742418957,0
2967,1.7380032206895286e-05,0.43234216742418957,0.43234216742418957,0
2968,1.729313204586081e-05,0.43234216742418957,0.43234216742418957,0
2969,1.7206666385631505e-05,0.43234216742418957,0.43234216742418957,0
2970,1.7120633053703346e-05,0.43234216742418957,0.43234216742418957,0
2971,1.7035029888434828e-05,0.43234216742418957,0.43234216742418957,0
2972,1.6949854738992654e-05,0.43234216742418957,0.43234216742418957,0
2973,1.686510546529769e-05,0.43234216742418957,0.43234216742418957,0
2974,1.6780779937971204e-05,0.43234216742418957,0.43234216742418957,0
2975,1.6696876038281346e-05,0.43234216742418957,0.43234216742418957,0
2976,1.661339165808994e-05,0.43234216742418957,0.43234216742418957,0
2977,1.653032469979949e-05,0.43234216742418957,0.43234216742418957,0
2978,1.6447673076300492e-05,0.43234216742418957,0.43234216742418957,0
2979,1.636543471091899e-05,0.43234216742418957,0.43234216742418957,0
2980,1.6283607537364394e-05,0.43234216742418957,0.43234216742418957,0
2981,1.6202189499677572e-05,0.43234216742418957,0.43234216742418957,0
2982,1.6121178552179183e-05,0.43234216742418957,0.43234216742418957,0
2983,1.6040572659418287e-05,0.43234216742418957,0.43234216742418957,0
2984,1.5960369796121194e-05,0.43234216742418957,0.43234216742418957,0
2985,1.5880567947140588e-05,0.43234216742418957,0.43234216742418957,0
2986,1.5801165107404884e-05,0.43234216742418957,0.43234216742418957,0
2987,1.572215928186786e-05,0.43234216742418957,0.43234216742418957,0
2988,1.564354848545852e-05,0.43234216742418957,0.43234216742418957,0
2989,1.5565330743031227e-05,0.43234216742418957,0.43234216742418957,0
2990,1.548750408931607e-05,0.43234216742418957,0.43234216742418957,0
2991,1.541006656886949e-05,0.43234216742418957,0.43234216742418957,0
2992,1.5333016236025142e-05,0.43234216742418957,0.43234216742418957,0
2993,1.5256351154845017e-05,0.43234216742418957,0.43234216742418957,0
2994,1.5180069399070792e-05,0.43234216742418957,0.43234216742418957,0
2995,1.5104169052075439e-05,0.43234216742418957,0.43234216742418957,0
2996,1.5028648206815061e-05,0.43234216742418957,0.43234216742418957,0
2997,1.4953504965780986e-05,0.43234216742418957,0.43234216742418957,0
2998,1.4878737440952081e-05,0.43234216742418957,0.43234216742418957,0
2999,1.480434375374732e-05,0.43234216742418957,0.43234216742418957,0
3000,1.4730322034978583e-05,0.43234216742418957,0.43234216742418957,0
3001,1.465667042480369e-05,0.43234216742418957,0.43234216742418957,0
3002,1.4583387072679672e-05,0.43234216742418957,0.43234216742418957,0
3003,1.4510470137316273e-05,0.43234216742418957,0.43234216742418957,0
3004,1.443791778662969e-05,0.43234216742418957,0.43234216742418957,0
3005,1.4365728197696542e-05,0.43234216742418957,0.43234216742418957,0
3006,1.4293899556708059e-05,0.43234216742418957,0.43234216742418957,0
3007,1.4222430058924518e-05,0.43234216742418957,0.43234216742418957,0
3008,1.4151317908629896e-05,0.43234216742418957,0.43234216742418957,0
3009,1.4080561319086746e-05,0.43234216742418957,0.43234216742418957,0
3010,1.4010158512491312e-05,0.43234216742418957,0.43234216742418957,0
3011,1.3940107719928855e-05,0.43234216742418957,0.43234216742418957,0
3012,1.3870407181329211e-05,0.43234216742418957,0.43234216742418957,0
3013,1.3801055145422565e-05,0.43234216742418957,0.43234216742418957,0
3014,1.3732049869695452e-05,0.43234216742418957,0.43234216742418957,0
3015,1.3663389620346975e-05,0.43234216742418957,0.43234216742418957,0
3016,1.359507267224524e-05,0.43234216742418957,0.43234216742418957,0
3017,1.3527097308884013e-05,0.43234216742418957,0.43234216742418957,0
3018,1.3459461822339593e-05,0.43234216742418957,0.43234216742418957,0
3019,1.3392164513227895e-05,0.43234216742418957,0.43234216742418957,0
3020,1.3325203690661755e-05,0.43234216742418957,0.43234216742418957,0
3021,1.3258577672208446e-05,0.43234216742418957,0.43234216742418957,0
3022,1.3192284783847403e-05,0.43234216742418957,0.43234216742418957,0
3023,1.3126323359928167e-05,0.43234216742418957,0.43234216742418957,0
3024,1.3060691743128526e-05,0.43234216742418957,0.43234216742418957,0
3025,1.2995388284412882e-05,0.43234216742418957,0.43234216742418957,0
3026,1.2930411342990817e-05,0.43234216742418957,0.43234216742418957,0
3027,1.2865759286275863e-05,0.43234216742418957,0.43234216742418957,0
3028,1.2801430489844484e-05,0.43234216742418957,0.43234216742418957,0
3029,1.2737423337395262e-05,0.43234216742418957,0.43234216742418957,0
3030,1.2673736220708286e-05,0.43234216742418957,0.43234216742418957,0
3031,1.2610367539604745e-05,0.43234216742418957,0.43234216742418957,0
3032,1.254731570190672e-05,0.43234216742418957,0.43234216742418957,0
3033,1.2484579123397186e-05,0.43234216742418957,0.43234216742418957,0
3034,1.24221562277802e-05,0.43234216742418957,0.43234216742418957,0
3035,1.2360045446641298e-05,0.43234216742418957,0.43234216742418957,0
3036,1.2298245219408091e-05,0.43234216742418957,0.43234216742418957,0
3037,1.223675399331105e-05,0.43234216742418957,0.43234216742418957,0
3038,1.2175570223344496e-05,0.43234216742418957,0.43234216742418957,0
3039,1.2114692372227774e-05,0.43234216742418957,0.43234216742418957,0
3040,1.2054118910366635e-05,0.43234216742418957,0.43234216742418957,0
3041,1.1993848315814803e-05,0.43234216742418957,0.43234216742418957,0
3042,1.1933879074235728e-05,0.43234216742418957,0.43234216742418957,0
3043,1.1874209678864549e-05,0.43234216742418957,0.43234216742418957,0
3044,1.1814838630470226e-05,0.43234216742418957,0.43234216742418957,0
3045,1.1755764437317874e-05,0.43234216742418957,0.43234216742418957,0
3046,1.1696985615131285e-05,0.43234216742418957,0.43234216742418957,0
3047,1.1638500687055629e-05,0.43234216742418957,0.43234216742418957,0
3048,1.1580308183620351e-05,0.43234216742418957,0.43234216742418957,0
3049,1.1522406642702249e-05,0.43234216742418957,0.43234216742418957,0
3050,1.1464794609488738e-05,0.43234216742418957,0.43234216742418957,0
3051,1.1407470636441295e-05,0.43234216742418957,0.43234216742418957,0
3052,1.1350433283259089e-05,0.43234216742418957,0.43234216742418957,0
3053,1.1293681116842794e-05,0.43234216742418957,0.43234216742418957,0
3054,1.123721271125858e-05,0.43234216742418957,0.43234216742418957,0
3055,1.1181026647702286e-05,0.43234216742418957,0.43234216742418957,0
3056,1.1125121514463774e-05,0.43234216742418957,0.43234216742418957,0
3057,1.1069495906891455e-05,0.43234216742418957,0.43234216742418957,0
3058,1.1014148427356999e-05,0.43234216742418957,0.43234216742418957,0
3059,1.0959077685220213e-05,0.43234216742418957,0.43234216742418957,0
3060,1.0904282296794113e-05,0.43234216742418957,0.43234216742418957,0
3061,1.0849760885310142e-05,0.43234216742418957,0.43234216742418957,0
3062,1.0795512080883591e-05,0.43234216742418957,0.43234216742418957,0
3063,1.0741534520479173e-05,0.43234216742418957,0.43234216742418957,0
3064,1.0687826847876777e-05,0.43234216742418957,0.43234216742418957,0
3065,1.0634387713637393e-05,0.43234216742418957,0.43234216742418957,0
3066,1.0581215775069207e-05,0.43234216742418957,0.43234216742418957,0
3067,1.052830969619386e-05,0.43234216742418957,0.43234216742418957,0
3068,1.0475668147712891e-05,0.43234216742418957,0.43234216742418957,0
3069,1.0423289806974327e-05,0.43234216742418957,0.43234216742418957,0
3070,1.0371173357939455e-05,0.43234216742418957,0.43234216742418957,0
3071,1.0319317491149758e-05,0.43234216742418957,0.43234216742418957,0
3072,1.026772090369401e-05,0.43234216742418957,0.43234216742418957,0
3073,1.021638229917554e-05,0.43234216742418957,0.43234216742418957,0
3074,1.0165300387679662e-05,0.43234216742418957,0.43234216742418957,0
3075,1.0114473885741264e-05,0.43234216742418957,0.43234216742418957,0
3076,1.0063901516312558e-05,0.43234216742418957,0.43234216742418957,0
3077,1.0013582008730995e-05,0.43234216742418957,0.43234216742418957,0
3078,9.96351409868734e-06,0.43234216742418957,0.43234216742418957,0
3079,9.913696528193903e-06,0.43234216742418957,0.43234216742418957,0
3080,9.864128045552933e-06,0.43234216742418957,0.43234216742418957,0
3081,9.814807405325168e-06,0.43234216742418957,0.43234216742418957,0
3082,9.765733368298542e-06,0.43234216742418957,0.43234216742418957,0
3083,9.71690470145705e-06,0.43234216742418957,0.43234216742418957,0
3084,9.668320177949764e-06,0.43234216742418957,0.43234216742418957,0
3085,9.619978577060016e-06,0.43234216742418957,0.43234216742418957,0
3086,9.571878684174716e-06,0.43234216742418957,0.43234216742418957,0
3087,9.524019290753842e-06,0.43234216742418957,0.43234216742418957,0
3088,9.476399194300073e-06,0.43234216742418957,0.43234216742418957,0
3089,9.429017198328572e-06,0.43234216742418957,0.43234216742418957,0
3090,9.381872112336929e-06,0.43234216742418957,0.43234216742418957,0
3091,9.334962751775245e-06,0.43234216742418957,0.43234216742418957,0
3092,9.288287938016368e-06,0.43234216742418957,0.43234216742418957,0
3093,9.241846498326286e-06,0.43234216742418957,0.43234216742418957,0
3094,9.195637265834655e-06,0.43234216742418957,0.43234216742418957,0
3095,9.149659079505481e-06,0.43234216742418957,0.43234216742418957,0
3096,9.103910784107954e-06,0.43234216742418957,0.43234216742418957,0
3097,9.058391230187414e-06,0.43234216742418957,0.43234216742418957,0
3098,9.013099274036477e-06,0.43234216742418957,0.43234216742418957,0
3099,8.968033777666295e-06,0.43234216742418957,0.43234216742418957,0
3100,8.923193608777963e-06,0.43234216742418957,0.43234216742418957,0
3101,8.878577640734074e-06,0.43234216742418957,0.43234216742418957,0
3102,8.834184752530403e-06,0.43234216742418957,0.43234216742418957,0
3103,8.790013828767752e-06,0.43234216742418957,0.43234216742418957,0
3104,8.746063759623914e-06,0.43234216742418957,0.43234216742418957,0
3105,8.702333440825793e-06,0.43234216742418957,0.43234216742418957,0
3106,8.658821773621664e-06,0.43234216742418957,0.43234216742418957,0
3107,8.615527664753556e-06,0.43234216742418957,0.43234216742418957,0
3108,8.572450026429787e-06,0.43234216742418957,0.43234216742418957,0
3109,8.529587776297639e-06,0.43234216742418957,0.43234216742418957,0
3110,8.48693983741615e-06,0.43234216742418957,0.43234216742418957,0
3111,8.444505138229069e-06,0.43234216742418957,0.43234216742418957,0
3112,8.402282612537924e-06,0.43234216742418957,0.43234216742418957,0
3113,8.360271199475233e-06,0.43234216742418957,0.43234216742418957,0
3114,8.318469843477857e-06,0.43234216742418957,0.43234216742418957,0
3115,8.276877494260468e-06,0.43234216742418957,0.43234216742418957,0
3116,8.235493106789166e-06,0.43234216742418957,0.43234216742418957,0
3117,8.19431564125522e-06,0.43234216742418957,0.43234216742418957,0
3118,8.153344063048944e-06,0.43234216742418957,0.43234216742418957,0
3119,8.1125773427337e-06,0.43234216742418957,0.43234216742418957,0
3120,8.072014456020031e-06,0.43234216742418957,0.43234216742418957,0
3121,8.03165438373993e-06,0.43234216742418957,0.43234216742418957,0
3122,7.991496111821231e-06,0.43234216742418957,0.43234216742418957,0
3123,7.951538631262125e-06,0.43234216742418957,0.43234216742418957,0
3124,7.911780938105814e-06,0.43234216742418957,0.43234216742418957,0
3125,7.872222033415285e-06,0.43234216742418957,0.43234216742418957,0
3126,7.832860923248208e-06,0.43234216742418957,0.43234216742418957,0
3127,7.793696618631967e-06,0.43234216742418957,0.43234216742418957,0
3128,7.754728135538808e-06,0.43234216742418957,0.43234216742418957,0
3129,7.715954494861113e-06,0.43234216742418957,0.43234216742418957,0
3130,7.677374722386807e-06,0.43234216742418957,0.43234216742418957,0
3131,7.638987848774873e-06,0.43234216742418957,0.43234216742418957,0
3132,7.600792909530998e-06,0.43234216742418957,0.43234216742418957,0
3133,7.562788944983343e-06,0.43234216742418957,0.43234216742418957,0
3134,7.524975000258426e-06,0.43234216742418957,0.43234216742418957,0
3135,7.487350125257134e-06,0.43234216742418957,0.43234216742418957,0
3136,7.449913374630848e-06,0.43234216742418957,0.43234216742418957,0
3137,7.412663807757694e-06,0.43234216742418957,0.43234216742418957,0
3138,7.375600488718905e-06,0.43234216742418957,0.43234216742418957,0
3139,7.3387224862753105e-06,0.43234216742418957,0.43234216742418957,0
3140,7.302028873843934e-06,0.43234216742418957,0.43234216742418957,0
3141,7.265518729474714e-06,0.43234216742418957,0.43234216742418957,0
3142,7.229191135827341e-06,0.43234216742418957,0.43234216742418957,0
3143,7.193045180148204e-06,0.43234216742418957,0.43234216742418957,0
3144,7.157079954247463e-06,0.43234216742418957,0.43234216742418957,0
3145,7.121294554476225e-06,0.43234216742418957,0.43234216742418957,0
3146,7.085688081703844e-06,0.43234216742418957,0.43234216742418957,0
3147,7.0502596412953245e-06,0.43234216742418957,0.43234216742418957,0
3148,7.015008343088848e-06,0.43234216742418957,0.43234216742418957,0
3149,6.979933301373404e-06,0.43234216742418957,0.43234216742418957,0
3150,6.945033634866537e-06,0.43234216742418957,0.43234216742418957,0
3151,6.910308466692204e-06,0.43234216742418957,0.43234216742418957,0
3152,6.875756924358743e-06,0.43234216742418957,0.43234216742418957,0
3153,6.84137813973695e-06,0.43234216742418957,0.43234216742418957,0
3154,6.807171249038265e-06,0.43234216742418957,0.43234216742418957,0
3155,6.773135392793074e-06,0.43234216742418957,0.43234216742418957,0
3156,6.739269715829108e-06,0.43234216742418957,0.43234216742418957,0
3157,6.705573367249963e-06,0.43234216742418957,0.43234216742418957,0
3158,6.672045500413713e-06,0.43234216742418957,0.43234216742418957,0
3159,6.638685272911644e-06,0.43234216742418957,0.43234216742418957,0
3160,6.605491846547086e-06,0.43234216742418957,0.43234216742418957,0
3161,6.572464387314351e-06,0.43234216742418957,0.43234216742418957,0
3162,6.539602065377779e-06,0.43234216742418957,0.43234216742418957,0
3163,6.50690405505089e-06,0.43234216742418957,0.43234216742418957,0
3164,6.474369534775636e-06,0.43234216742418957,0.43234216742418957,0
3165,6.4419976871017575e-06,0.43234216742418957,0.43234216742418957,0
3166,6.409787698666249e-06,0.43234216742418957,0.43234216742418957,0
3167,6.3777387601729175e-06,0.43234216742418957,0.43234216742418957,0
3168,6.345850066372053e-06,0.43234216742418957,0.43234216742418957,0
3169,6.314120816040193e-06,0.43234216742418957,0.43234216742418957,0
3170,6.282550211959992e-06,0.43234216742418957,0.43234216742418957,0
3171,6.251137460900192e-06,0.43234216742418957,0.43234216742418957,0
3172,6.219881773595691e-06,0.43234216742418957,0.43234216742418957,0
3173,6.188782364727713e-06,0.43234216742418957,0.43234216742418957,0
3174,6.1578384529040746e-06,0.43234216742418957,0.43234216742418957,0
3175,6.127049260639554e-06,0.43234216742418957,0.43234216742418957,0
3176,6.096414014336357e-06,0.43234216742418957,0.43234216742418957,0
3177,6.0659319442646746e-06,0.43234216742418957,0.43234216742418957,0
3178,6.035602284543351e-06,0.43234216742418957,0.43234216742418957,0
3179,6.005424273120634e-06,0.43234216742418957,0.43234216742418957,0
3180,5.975397151755031e-06,0.43234216742418957,0.43234216742418957,0
3181,5.945520165996256e-06,0.43234216742418957,0.43234216742418957,0
3182,5.9157925651662745e-06,0.43234216742418957,0.43234216742418957,0
3183,5.886213602340443e-06,0.43234216742418957,0.43234216742418957,0
3184,5.856782534328741e-06,0.43234216742418957,0.43234216742418957,0
3185,5.827498621657097e-06,0.43234216742418957,0.43234216742418957,0
3186,5.798361128548812e-06,0.43234216742418957,0.43234216742418957,0
3187,5.769369322906068e-06,0.43234216742418957,0.43234216742418957,0
3188,5.740522476291538e-06,0.43234216742418957,0.43234216742418957,0
3189,5.71181986391008e-06,0.43234216742418957,0.43234216742418957,0
3190,5.683260764590529e-06,0.43234216742418957,0.43234216742418957,0
3191,5.6548444607675766e-06,0.43234216742418957,0.43234216742418957,0
3192,5.626570238463739e-06,0.43234216742418957,0.43234216742418957,0
3193,5.5984373872714205e-06,0.43234216742418957,0.43234216742418957,0
3194,5.570445200335063e-06,0.43234216742418957,0.43234216742418957,0
3195,5.542592974333387e-06,0.43234216742418957,0.43234216742418957,0
3196,5.51488000946172e-06,0.43234216742418957,0.43234216742418957,0
3197,5.487305609414412e-06,0.43234216742418957,0.43234216742418957,0
3198,5.4598690813673395e-06,0.43234216742418957,0.43234216742418957,0
3199,5.432569735960503e-06,0.43234216742418957,0.43234216742418957,0
3200,5.4054068872807e-06,0.43234216742418957,0.43234216742418957,0
3201,5.378379852844296e-06,0.43234216742418957,0.43234216742418957,0
3202,5.351487953580075e-06,0.43234216742418957,0.43234216742418957,0
3203,5.324730513812174e-06,0.43234216742418957,0.43234216742418957,0
3204,5.298106861243113e-06,0.43234216742418957,0.43234216742418957,0
3205,5.271616326936898e-06,0.43234216742418957,0.43234216742418957,0
3206,5.245258245302213e-06,0.43234216742418957,0.43234216742418957,0
3207,5.219031954075702e-06,0.43234216742418957,0.43234216742418957,0
3208,5.192936794305323e-06,0.43234216742418957,0.43234216742418957,0
3209,5.166972110333797e-06,0.43234216742418957,0.43234216742418957,0
3210,5.141137249782128e-06,0.43234216742418957,0.43234216742418957,0
3211,5.115431563533217e-06,0.43234216742418957,0.43234216742418957,0
3212,5.089854405715551e-06,0.43234216742418957,0.43234216742418957,0
3213,5.064405133686973e-06,0.43234216742418957,0.43234216742418957,0
3214,5.039083108018539e-06,0.43234216742418957,0.43234216742418957,0
3215,5.013887692478446e-06,0.43234216742418957,0.43234216742418957,0
3216,4.988818254016054e-06,0.43234216742418957,0.43234216742418957,0
3217,4.9638741627459736e-06,0.43234216742418957,0.43234216742418957,0
3218,4.9390547919322435e-06,0.43234216742418957,0.43234216742418957,0
3219,4.914359517972582e-06,0.43234216742418957,0.43234216742418957,0
3220,4.88978772038272e-06,0.43234216742418957,0.43234216742418957,0
3221,4.865338781780806e-06,0.43234216742418957,0.43234216742418957,0
3222,4.841012087871902e-06,0.43234216742418957,0.43234216742418957,0
3223,4.816807027432543e-06,0.43234216742418957,0.43234216742418957,0
3224,4.79272299229538e-06,0.43234216742418957,0.43234216742418957,0
3225,4.768759377333903e-06,0.43234216742418957,0.43234216742418957,0
3226,4.744915580447234e-06,0.43234216742418957,0.43234216742418957,0
3227,4.721191002544997e-06,0.43234216742418957,0.43234216742418957,0
3228,4.697585047532272e-06,0.43234216742418957,0.43234216742418957,0
3229,4.674097122294611e-06,0.43234216742418957,0.43234216742418957,0
3230,4.650726636683138e-06,0.43234216742418957,0.43234216742418957,0
3231,4.627473003499722e-06,0.43234216742418957,0.43234216742418957,0
3232,4.6043356384822235e-06,0.43234216742418957,0.43234216742418957,0
3233,4.581313960289813e-06,0.43234216742418957,0.43234216742418957,0
3234,4.558407390488364e-06,0.43234216742418957,0.43234216742418957,0
3235,4.535615353535922e-06,0.43234216742418957,0.43234216742418957,0
3236,4.5129372767682425e-06,0.43234216742418957,0.43234216742418957,0
3237,4.4903725903844015e-06,0.43234216742418957,0.43234216742418957,0
3238,4.467920727432479e-06,0.43234216742418957,0.43234216742418957,0
3239,4.445581123795317e-06,0.43234216742418957,0.43234216742418957,0
3240,4.423353218176341e-06,0.43234216742418957,0.43234216742418957,0
3241,4.401236452085459e-06,0.43234216742418957,0.43234216742418957,0
3242,4.379230269825031e-06,0.43234216742418957,0.43234216742418957,0
3243,4.357334118475906e-06,0.43234216742418957,0.43234216742418957,0
3244,4.335547447883527e-06,0.43234216742418957,0.43234216742418957,0
3245,4.313869710644109e-06,0.43234216742418957,0.43234216742418957,0
3246,4.292300362090889e-06,0.43234216742418957,0.43234216742418957,0
3247,4.270838860280435e-06,0.43234216742418957,0.43234216742418957,0
3248,4.249484665979032e-06,0.43234216742418957,0.43234216742418957,0
3249,4.228237242649137e-06,0.43234216742418957,0.43234216742418957,0
3250,4.207096056435892e-06,0.43234216742418957,0.43234216742418957,0
3251,4.1860605761537125e-06,0.43234216742418957,0.43234216742418957,0
3252,4.165130273272944e-06,0.43234216742418957,0.43234216742418957,0
3253,4.144304621906579e-06,0.43234216742418957,0.43234216742418957,0
3254,4.123583098797046e-06,0.43234216742418957,0.43234216742418957,0
3255,4.102965183303061e-06,0.43234216742418957,0.43234216742418957,0
3256,4.082450357386546e-06,0.43234216742418957,0.43234216742418957,0
3257,4.062038105599613e-06,0.43234216742418957,0.43234216742418957,0
3258,4.0417279150716144e-06,0.43234216742418957,0.43234216742418957,0
3259,4.021519275496256e-06,0.43234216742418957,0.43234216742418957,0
3260,4.001411679118775e-06,0.43234216742418957,0.43234216742418957,0
3261,3.981404620723181e-06,0.43234216742418957,0.43234216742418957,0
3262,3.961497597619565e-06,0.43234216742418957,0.43234216742418957,0
3263,3.941690109631468e-06,0.43234216742418957,0.43234216742418957,0
3264,3.92198165908331e-06,0.43234216742418957,0.43234216742418957,0
3265,3.9023717507878934e-06,0.43234216742418957,0.43234216742418957,0
3266,3.882859892033954e-06,0.43234216742418957,0.43234216742418957,0
3267,3.863445592573784e-06,0.43234216742418957,0.43234216742418957,0
3268,3.844128364610915e-06,0.43234216742418957,0.43234216742418957,0
3269,3.82490772278786e-06,0.43234216742418957,0.43234216742418957,0
3270,3.805783184173921e-06,0.43234216742418957,0.43234216742418957,0
3271,3.786754268253051e-06,0.43234216742418957,0.43234216742418957,0
3272,3.767820496911786e-06,0.43234216742418957,0.43234216742418957,0
3273,3.748981394427227e-06,0.43234216742418957,0.43234216742418957,0
3274,3.7302364874550907e-06,0.43234216742418957,0.43234216742418957,0
3275,3.7115853050178153e-06,0.43234216742418957,0.43234216742418957,0
3276,3.6930273784927263e-06,0.43234216742418957,0.43234216742418957,0
3277,3.6745622416002627e-06,0.43234216742418957,0.43234216742418957,0
3278,3.656189430392261e-06,0.43234216742418957,0.43234216742418957,0
3279,3.6379084832402998e-06,0.43234216742418957,0.43234216742418957,0
3280,3.619718940824098e-06,0.43234216742418957,0.43234216742418957,0
3281,3.601620346119978e-06,0.43234216742418957,0.43234216742418957,0
3282,3.583612244389378e-06,0.43234216742418957,0.43234216742418957,0
3283,3.565694183167431e-06,0.43234216742418957,0.43234216742418957,0
3284,3.547865712251594e-06,0.43234216742418957,0.43234216742418957,0
3285,3.530126383690336e-06,0.43234216742418957,0.43234216742418957,0
3286,3.5124757517718842e-06,0.43234216742418957,0.43234216742418957,0
3287,3.4949133730130247e-06,0.43234216742418957,0.43234216742418957,0
3288,3.4774388061479596e-06,0.43234216742418957,0.43234216742418957,0
3289,3.46005161211722e-06,0.43234216742418957,0.43234216742418957,0
3290,3.4427513540566337e-06,0.43234216742418957,0.43234216742418957,0
3291,3.4255375972863505e-06,0.43234216742418957,0.43234216742418957,0
3292,3.408409909299919e-06,0.43234216742418957,0.43234216742418957,0
3293,3.391367859753419e-06,0.43234216742418957,0.43234216742418957,0
3294,3.374411020454652e-06,0.43234216742418957,0.43234216742418957,0
3295,3.3575389653523787e-06,0.43234216742418957,0.43234216742418957,0
3296,3.340751270525617e-06,0.43234216742418957,0.43234216742418957,0
3297,3.3240475141729887e-06,0.43234216742418957,0.43234216742418957,0
3298,3.3074272766021237e-06,0.43234216742418957,0.43234216742418957,0
3299,3.290890140219113e-06,0.43234216742418957,0.43234216742418957,0
3300,3.2744356895180175e-06,0.43234216742418957,0.43234216742418957,0
3301,3.2580635110704275e-06,0.43234216742418957,0.43234216742418957,0
3302,3.2417731935150753e-06,0.43234216742418957,0.43234216742418957,0
3303,3.2255643275475e-06,0.43234216742418957,0.43234216742418957,0
3304,3.2094365059097624e-06,0.43234216742418957,0.43234216742418957,0
3305,3.1933893233802137e-06,0.43234216742418957,0.43234216742418957,0
3306,3.1774223767633128e-06,0.43234216742418957,0.43234216742418957,0
3307,3.161535264879496e-06,0.43234216742418957,0.43234216742418957,0
3308,3.1457275885550987e-06,0.43234216742418957,0.43234216742418957,0
3309,3.1299989506123234e-06,0.43234216742418957,0.43234216742418957,0
3310,3.1143489558592618e-06,0.43234216742418957,0.43234216742418957,0
3311,3.0987772110799653e-06,0.43234216742418957,0.43234216742418957,0
3312,3.0832833250245654e-06,0.43234216742418957,0.43234216742418957,0
3313,3.0678669083994426e-06,0.43234216742418957,0.43234216742418957,0
3314,3.0525275738574455e-06,0.43234216742418957,0.43234216742418957,0
3315,3.037264935988158e-06,0.43234216742418957,0.43234216742418957,0
3316,3.0220786113082174e-06,0.43234216742418957,0.43234216742418957,0
3317,3.0069682182516762e-06,0.43234216742418957,0.43234216742418957,0
3318,2.991933377160418e-06,0.43234216742418957,0.43234216742418957,0
3319,2.976973710274616e-06,0.43234216742418957,0.43234216742418957,0
3320,2.962088841723243e-06,0.43234216742418957,0.43234216742418957,0
3321,2.9472783975146267e-06,0.43234216742418957,0.43234216742418957,0
3322,2.9325420055270536e-06,0.43234216742418957,0.43234216742418957,0
3323,2.9178792954994183e-06,0.43234216742418957,0.43234216742418957,0
3324,2.9032898990219213e-06,0.43234216742418957,0.43234216742418957,0
3325,2.8887734495268116e-06,0.43234216742418957,0.43234216742418957,0
3326,2.8743295822791775e-06,0.43234216742418957,0.43234216742418957,0
3327,2.8599579343677815e-06,0.43234216742418957,0.43234216742418957,0
3328,2.8456581446959425e-06,0.43234216742418957,0.43234216742418957,0
3329,2.8314298539724627e-06,0.43234216742418957,0.43234216742418957,0
3330,2.8172727047026005e-06,0.43234216742418957,0.43234216742418957,0
3331,2.8031863411790873e-06,0.43234216742418957,0.43234216742418957,0
3332,2.789170409473192e-06,0.43234216742418957,0.43234216742418957,0
3333,2.775224557425826e-06,0.43234216742418957,0.43234216742418957,0
3334,2.761348434638697e-06,0.43234216742418957,0.43234216742418957,0
3335,2.7475416924655035e-06,0.43234216742418957,0.43234216742418957,0
3336,2.733803984003176e-06,0.43234216742418957,0.43234216742418957,0
3337,2.7201349640831602e-06,0.43234216742418957,0.43234216742418957,0
3338,2.7065342892627446e-06,0.43234216742418957,0.43234216742418957,0
3339,2.6930016178164306e-06,0.43234216742418957,0.43234216742418957,0
3340,2.6795366097273485e-06,0.43234216742418957,0.43234216742418957,0
3341,2.6661389266787116e-06,0.43234216742418957,0.43234216742418957,0
3342,2.652808232045318e-06,0.43234216742418957,0.43234216742418957,0
3343,2.6395441908850913e-06,0.43234216742418957,0.43234216742418957,0
3344,2.6263464699306657e-06,0.43234216742418957,0.43234216742418957,0
3345,2.6132147375810123e-06,0.43234216742418957,0.43234216742418957,0
3346,2.6001486638931072e-06,0.43234216742418957,0.43234216742418957,0
3347,2.5871479205736416e-06,0.43234216742418957,0.43234216742418957,0
3348,2.5742121809707734e-06,0.43234216742418957,0.43234216742418957,0
3349,2.5613411200659195e-06,0.43234216742418957,0.43234216742418957,0
3350,2.54853441446559e-06,0.43234216742418957,0.43234216742418957,0
3351,2.535791742393262e-06,0.43234216742418957,0.43234216742418957,0
3352,2.5231127836812956e-06,0.43234216742418957,0.43234216742418957,0
3353,2.5104972197628892e-06,0.43234216742418957,0.43234216742418957,0
3354,2.497944733664075e-06,0.43234216742418957,0.43234216742418957,0
3355,2.4854550099957545e-06,0.43234216742418957,0.43234216742418957,0
3356,2.4730277349457757e-06,0.43234216742418957,0.43234216742418957,0
3357,2.460662596271047e-06,0.43234216742418957,0.43234216742418957,0
3358,2.4483592832896915e-06,0.43234216742418957,0.43234216742418957,0
3359,2.436117486873243e-06,0.43234216742418957,0.43234216742418957,0
3360,2.423936899438877e-06,0.43234216742418957,0.43234216742418957,0
3361,2.4118172149416824e-06,0.43234216742418957,0.43234216742418957,0
3362,2.399758128866974e-06,0.43234216742418957,0.43234216742418957,0
3363,2.387759338222639e-06,0.43234216742418957,0.43234216742418957,0
3364,2.375820541531526e-06,0.43234216742418957,0.43234216742418957,0
3365,2.3639414388238684e-06,0.43234216742418957,0.43234216742418957,0
3366,2.352121731629749e-06,0.43234216742418957,0.43234216742418957,0
3367,2.3403611229716004e-06,0.43234216742418957,0.43234216742418957,0
3368,2.3286593173567423e-06,0.43234216742418957,0.43234216742418957,0
3369,2.3170160207699586e-06,0.43234216742418957,0.43234216742418957,0
3370,2.305430940666109e-06,0.43234216742418957,0.43234216742418957,0
3371,2.293903785962778e-06,0.43234216742418957,0.43234216742418957,0
3372,2.2824342670329643e-06,0.43234216742418957,0.43234216742418957,0
3373,2.2710220956977994e-06,0.43234216742418957,0.43234216742418957,0
3374,2.2596669852193105e-06,0.43234216742418957,0.43234216742418957,0
3375,2.248368650293214e-06,0.43234216742418957,0.43234216742418957,0
3376,2.237126807041748e-06,0.43234216742418957,0.43234216742418957,0
3377,2.225941173006539e-06,0.43234216742418957,0.43234216742418957,0
3378,2.2148114671415063e-06,0.43234216742418957,0.43234216742418957,0
3379,2.2037374098057988e-06,0.43234216742418957,0.43234216742418957,0
3380,2.19271872275677e-06,0.43234216742418957,0.43234216742418957,0
3381,2.181755129142986e-06,0.43234216742418957,0.43234216742418957,0
3382,2.1708463534972714e-06,0.43234216742418957,0.43234216742418957,0
3383,2.159992121729785e-06,0.43234216742418957,0.43234216742418957,0
3384,2.1491921611211362e-06,0.43234216742418957,0.43234216742418957,0
3385,2.1384462003155304e-06,0.43234216742418957,0.43234216742418957,0
3386,2.1277539693139527e-06,0.43234216742418957,0.43234216742418957,0
3387,2.117115199467383e-06,0.43234216742418957,0.43234216742418957,0
3388,2.1065296234700458e-06,0.43234216742418957,0.43234216742418957,0
3389,2.0959969753526957e-06,0.43234216742418957,0.43234216742418957,0
3390,2.0855169904759323e-06,0.43234216742418957,0.43234216742418957,0
3391,2.0750894055235526e-06,0.43234216742418957,0.43234216742418957,0
3392,2.0647139584959347e-06,0.43234216742418957,0.43234216742418957,0
3393,2.054390388703455e-06,0.43234216742418957,0.43234216742418957,0
3394,2.0441184367599376e-06,0.43234216742418957,0.43234216742418957,0
3395,2.0338978445761378e-06,0.43234216742418957,0.43234216742418957,0
3396,2.023728355353257e-06,0.43234216742418957,0.43234216742418957,0
3397,2.0136097135764907e-06,0.43234216742418957,0.43234216742418957,0
3398,2.003541665008608e-06,0.43234216742418957,0.43234216742418957,0
3399,1.993523956683565e-06,0.43234216742418957,0.43234216742418957,0
3400,1.9835563369001474e-06,0.43234216742418957,0.43234216742418957,0
3401,1.973638555215647e-06,0.43234216742418957,0.43234216742418957,0
3402,1.9637703624395686e-06,0.43234216742418957,0.43234216742418957,0
3403,1.9539515106273705e-06,0.43234216742418957,0.43234216742418957,0
3404,1.9441817530742337e-06,0.43234216742418957,0.43234216742418957,0
3405,1.9344608443088626e-06,0.43234216742418957,0.43234216742418957,0
3406,1.924788540087318e-06,0.43234216742418957,0.43234216742418957,0
3407,1.9151645973868816e-06,0.43234216742418957,0.43234216742418957,0
3408,1.905588774399947e-06,0.43234216742418957,0.43234216742418957,0
3409,1.8960608305279473e-06,0.43234216742418957,0.43234216742418957,0
3410,1.8865805263753075e-06,0.43234216742418957,0.43234216742418957,0
3411,1.877147623743431e-06,0.43234216742418957,0.43234216742418957,0
3412,1.8677618856247137e-06,0.43234216742418957,0.43234216742418957,0
3413,1.8584230761965901e-06,0.43234216742418957,0.43234216742418957,0
3414,1.8491309608156073e-06,0.43234216742418957,0.43234216742418957,0
3415,1.8398853060115292e-06,0.43234216742418957,0.43234216742418957,0
3416,1.8306858794814715e-06,0.43234216742418957,0.43234216742418957,0
3417,1.8215324500840642e-06,0.43234216742418957,0.43234216742418957,0
3418,1.812424787833644e-06,0.43234216742418957,0.43234216742418957,0
3419,1.8033626638944756e-06,0.43234216742418957,0.43234216742418957,0
3420,1.7943458505750032e-06,0.43234216742418957,0.43234216742418957,0
3421,1.7853741213221282e-06,0.43234216742418957,0.43234216742418957,0
3422,1.7764472507155177e-06,0.43234216742418957,0.43234216742418957,0
3423,1.7675650144619402e-06,0.43234216742418957,0.43234216742418957,0
3424,1.7587271893896305e-06,0.43234216742418957,0.43234216742418957,0
3425,1.7499335534426823e-06,0.43234216742418957,0.43234216742418957,0
3426,1.7411838856754688e-06,0.43234216742418957,0.43234216742418957,0
3427,1.7324779662470914e-06,0.43234216742418957,0.43234216742418957,0
3428,1.723815576415856e-06,0.43234216742418957,0.43234216742418957,0
3429,1.7151964985337768e-06,0.43234216742418957,0.43234216742418957,0
3430,1.706620516041108e-06,0.43234216742418957,0.43234216742418957,0
3431,1.6980874134609025e-06,0.43234216742418957,0.43234216742418957,0
3432,1.689596976393598e-06,0.43234216742418957,0.43234216742418957,0
3433,1.68114899151163e-06,0.43234216742418957,0.43234216742418957,0
3434,1.6727432465540718e-06,0.43234216742418957,0.43234216742418957,0
3435,1.6643795303213014e-06,0.43234216742418957,0.43234216742418957,0
3436,1.656057632669695e-06,0.43234216742418957,0.43234216742418957,0
3437,1.6477773445063465e-06,0.43234216742418957,0.43234216742418957,0
3438,1.6395384577838146e-06,0.43234216742418957,0.43234216742418957,0
3439,1.6313407654948956e-06,0.43234216742418957,0.43234216742418957,0
3440,1.6231840616674212e-06,0.43234216742418957,0.43234216742418957,0
3441,1.6150681413590841e-06,0.43234216742418957,0.43234216742418957,0
3442,1.6069928006522886e-06,0.43234216742418957,0.43234216742418957,0
3443,1.5989578366490271e-06,0.43234216742418957,0.43234216742418957,0
3444,1.590963047465782e-06,0.43234216742418957,0.43234216742418957,0
3445,1.583008232228453e-06,0.43234216742418957,0.43234216742418957,0
3446,1.5750931910673107e-06,0.43234216742418957,0.43234216742418957,0
3447,1.5672177251119742e-06,0.43234216742418957,0.43234216742418957,0
3448,1.5593816364864143e-06,0.43234216742418957,0.43234216742418957,0
3449,1.5515847283039823e-06,0.43234216742418957,0.43234216742418957,0
3450,1.5438268046624623e-06,0.43234216742418957,0.43234216742418957,0
3451,1.53610767063915e-06,0.43234216742418957,0.43234216742418957,0
3452,1.5284271322859543e-06,0.43234216742418957,0.43234216742418957,0
3453,1.5207849966245245e-06,0.43234216742418957,0.43234216742418957,0
3454,1.513181071641402e-06,0.43234216742418957,0.43234216742418957,0
3455,1.5056151662831949e-06,0.43234216742418957,0.43234216742418957,0
3456,1.4980870904517789e-06,0.43234216742418957,0.43234216742418957,0
3457,1.49059665499952e-06,0.43234216742418957,0.43234216742418957,0
3458,1.4831436717245223e-06,0.43234216742418957,0.43234216742418957,0
3459,1.4757279533658996e-06,0.43234216742418957,0.43234216742418957,0
3460,1.46834931359907e-06,0.43234216742418957,0.43234216742418957,0
3461,1.4610075670310746e-06,0.43234216742418957,0.43234216742418957,0
3462,1.4537025291959193e-06,0.43234216742418957,0.43234216742418957,0
3463,1.4464340165499397e-06,0.43234216742418957,0.43234216742418957,0
3464,1.43920184646719e-06,0.43234216742418957,0.43234216742418957,0
3465,1.432005837234854e-06,0.43234216742418957,0.43234216742418957,0
3466,1.4248458080486797e-06,0.43234216742418957,0.43234216742418957,0
3467,1.4177215790084363e-06,0.43234216742418957,0.43234216742418957,0
3468,1.4106329711133942e-06,0.43234216742418957,0.43234216742418957,0
3469,1.403579806257827e-06,0.43234216742418957,0.43234216742418957,0
3470,1.396561907226538e-06,0.43234216742418957,0.43234216742418957,0
3471,1.3895790976904052e-06,0.43234216742418957,0.43234216742418957,0
3472,1.3826312022019532e-06,0.43234216742418957,0.43234216742418957,0
3473,1.3757180461909435e-06,0.43234216742418957,0.43234216742418957,0
3474,1.3688394559599888e-06,0.43234216742418957,0.43234216742418957,0
3475,1.3619952586801888e-06,0.43234216742418957,0.43234216742418957,0
3476,1.3551852823867878e-06,0.43234216742418957,0.43234216742418957,0
3477,1.3484093559748539e-06,0.43234216742418957,0.43234216742418957,0
3478,1.3416673091949797e-06,0.43234216742418957,0.43234216742418957,0
3479,1.3349589726490049e-06,0.43234216742418957,0.43234216742418957,0
3480,1.3282841777857598e-06,0.43234216742418957,0.43234216742418957,0
3481,1.321642756896831e-06,0.43234216742418957,0.43234216742418957,0
3482,1.3150345431123468e-06,0.43234216742418957,0.43234216742418957,0
3483,1.308459370396785e-06,0.43234216742418957,0.43234216742418957,0
3484,1.301917073544801e-06,0.43234216742418957,0.43234216742418957,0
3485,1.2954074881770769e-06,0.43234216742418957,0.43234216742418957,0
3486,1.2889304507361915e-06,0.43234216742418957,0.43234216742418957,0
3487,1.2824857984825106e-06,0.43234216742418957,0.43234216742418957,0
3488,1.276073369490098e-06,0.43234216742418957,0.43234216742418957,0
3489,1.2696930026426474e-06,0.43234216742418957,0.43234216742418957,0
3490,1.2633445376294341e-06,0.43234216742418957,0.43234216742418957,0
3491,1.257027814941287e-06,0.43234216742418957,0.43234216742418957,0
3492,1.2507426758665806e-06,0.43234216742418957,0.43234216742418957,0
3493,1.2444889624872478e-06,0.43234216742418957,0.43234216742418957,0
3494,1.2382665176748115e-06,0.43234216742418957,0.43234216742418957,0
3495,1.2320751850864375e-06,0.43234216742418957,0.43234216742418957,0
3496,1.2259148091610053e-06,0.43234216742418957,0.43234216742418957,0
3497,1.2197852351152004e-06,0.43234216742418957,0.43234216742418957,0
3498,1.2136863089396245e-06,0.43234216742418957,0.43234216742418957,0
3499,1.2076178773949264e-06,0.43234216742418957,0.43234216742418957,0
3500,1.2015797880079517e-06,0.43234216742418957,0.43234216742418957,0
3501,1.195571889067912e-06,0.43234216742418957,0.43234216742418957,0
3502,1.1895940296225724e-06,0.43234216742418957,0.43234216742418957,0
3503,1.1836460594744597e-06,0.43234216742418957,0.43234216742418957,0
3504,1.1777278291770873e-06,0.43234216742418957,0.43234216742418957,0
3505,1.1718391900312017e-06,0.43234216742418957,0.43234216742418957,0
3506,1.1659799940810458e-06,0.43234216742418957,0.43234216742418957,0
3507,1.1601500941106407e-06,0.43234216742418957,0.43234216742418957,0
3508,1.1543493436400874e-06,0.43234216742418957,0.43234216742418957,0
3509,1.1485775969218869e-06,0.43234216742418957,0.43234216742418957,0
3510,1.1428347089372775e-06,0.43234216742418957,0.43234216742418957,0
3511,1.1371205353925912e-06,0.43234216742418957,0.43234216742418957,0
3512,1.1314349327156282e-06,0.43234216742418957,0.43234216742418957,0
3513,1.12577775805205e-06,0.43234216742418957,0.43234216742418957,0
3514,1.1201488692617897e-06,0.43234216742418957,0.43234216742418957,0
3515,1.1145481249154808e-06,0.43234216742418957,0.43234216742418957,0
3516,1.1089753842909035e-06,0.43234216742418957,0.43234216742418957,0
3517,1.103430507369449e-06,0.43234216742418957,0.43234216742418957,0
3518,1.0979133548326017e-06,0.43234216742418957,0.43234216742418957,0
3519,1.0924237880584387e-06,0.43234216742418957,0.43234216742418957,0
3520,1.0869616691181466e-06,0.43234216742418957,0.43234216742418957,0
3521,1.0815268607725558e-06,0.43234216742418957,0.43234216742418957,0
3522,1.076119226468693e-06,0.43234216742418957,0.43234216742418957,0
3523,1.0707386303363495e-06,0.43234216742418957,0.43234216742418957,0
3524,1.0653849371846677e-06,0.43234216742418957,0.43234216742418957,0
3525,1.0600580124987444e-06,0.43234216742418957,0.43234216742418957,0
3526,1.0547577224362508e-06,0.43234216742418957,0.43234216742418957,0
3527,1.0494839338240696e-06,0.43234216742418957,0.43234216742418957,0
3528,1.0442365141549492e-06,0.43234216742418957,0.43234216742418957,0
3529,1.0390153315841744e-06,0.43234216742418957,0.43234216742418957,0
3530,1.0338202549262536e-06,0.43234216742418957,0.43234216742418957,0
3531,1.0286511536516224e-06,0.43234216742418957,0.43234216742418957,0
3532,1.0235078978833643e-06,0.43234216742418957,0.43234216742418957,0
3533,1.0183903583939474e-06,0.43234216742418957,0.43234216742418957,0
3534,1.0132984066019777e-06,0.43234216742418957,0.43234216742418957,0
3535,1.0082319145689678e-06,0.43234216742418957,0.43234216742418957,0
3536,1.003190754996123e-06,0.43234216742418957,0.43234216742418957,0
