This is pdfTeX, Version 3.141592653-2.6-1.40.27 (MiKTeX 25.4) (preloaded format=pdflatex 2025.12.12)  23 JAN 2026 20:05
entering extended mode
 restricted \write18 enabled.
 %&-line parsing enabled.
**./main.tex
(main.tex
LaTeX2e <2025-11-01>
L3 programming layer <2025-11-06>

(C:\Users\clemence.hinot\AppData\Local\Programs\MiKTeX\tex/latex/base\article.c
ls
Document Class: article 2025/01/22 v1.4n Standard LaTeX document class

(C:\Users\clemence.hinot\AppData\Local\Programs\MiKTeX\tex/latex/base\size12.cl
o
File: size12.clo 2025/01/22 v1.4n Standard LaTeX file (size option)
)
\c@part=\count275
\c@section=\count276
\c@subsection=\count277
\c@subsubsection=\count278
\c@paragraph=\count279
\c@subparagraph=\count280
\c@figure=\count281
\c@table=\count282
\abovecaptionskip=\skip49
\belowcaptionskip=\skip50
\bibindent=\dimen148
)
(C:\Users\clemence.hinot\AppData\Local\Programs\MiKTeX\tex/latex/listings\listi
ngs.sty
(C:\Users\clemence.hinot\AppData\Local\Programs\MiKTeX\tex/latex/graphics\keyva
l.sty
Package: keyval 2022/05/29 v1.15 key=value parser (DPC)
\KV@toks@=\toks17
)
\lst@mode=\count283
\lst@gtempboxa=\box53
\lst@token=\toks18
\lst@length=\count284
\lst@currlwidth=\dimen149
\lst@column=\count285
\lst@pos=\count286
\lst@lostspace=\dimen150
\lst@width=\dimen151
\lst@newlines=\count287
\lst@lineno=\count288
\lst@maxwidth=\dimen152

(C:\Users\clemence.hinot\AppData\Local\Programs\MiKTeX\tex/latex/listings\lstpa
tch.sty
File: lstpatch.sty 2025/11/14 1.11b (Carsten Heinz)
)
(C:\Users\clemence.hinot\AppData\Local\Programs\MiKTeX\tex/latex/listings\lstmi
sc.sty
File: lstmisc.sty 2025/11/14 1.11b (Carsten Heinz)
\c@lstnumber=\count289
\lst@skipnumbers=\count290
\lst@framebox=\box54
)
(C:\Users\clemence.hinot\AppData\Local\Programs\MiKTeX\tex/latex/listings\listi
ngs.cfg
File: listings.cfg 2025/11/14 1.11b listings configuration
))
Package: listings 2025/11/14 1.11b (Carsten Heinz)

==> First Aid for listings.sty no longer applied!
    Expected:
        2024/09/23 1.10c (Carsten Heinz)
    but found:
        2025/11/14 1.11b (Carsten Heinz)
    so I'm assuming it got fixed.

(C:\Users\clemence.hinot\AppData\Local\Programs\MiKTeX\tex/latex/base\fontenc.s
ty
Package: fontenc 2025/07/18 v2.1d Standard LaTeX package
)
(C:\Users\clemence.hinot\AppData\Local\Programs\MiKTeX\tex/latex/caption\subcap
tion.sty
Package: subcaption 2023/07/28 v1.6b Sub-captions (AR)

(C:\Users\clemence.hinot\AppData\Local\Programs\MiKTeX\tex/latex/caption\captio
n.sty
Package: caption 2023/08/05 v3.6o Customizing captions (AR)

(C:\Users\clemence.hinot\AppData\Local\Programs\MiKTeX\tex/latex/caption\captio
n3.sty
Package: caption3 2023/07/31 v2.4d caption3 kernel (AR)
\caption@tempdima=\dimen153
\captionmargin=\dimen154
\caption@leftmargin=\dimen155
\caption@rightmargin=\dimen156
\caption@width=\dimen157
\caption@indent=\dimen158
\caption@parindent=\dimen159
\caption@hangindent=\dimen160
Package caption Info: Standard document class detected.
)
\c@caption@flags=\count291
\c@continuedfloat=\count292
Package caption Info: listings package is loaded.
)
Package caption Info: New subtype `subfigure' on input line 238.
\c@subfigure=\count293
Package caption Info: New subtype `subtable' on input line 238.
\c@subtable=\count294
) (Layout/EngReport.sty

LaTeX Warning: You have requested package `./Layout/EngReport',
               but the package provides `EngReport'.

Package: EngReport 

(C:\Users\clemence.hinot\AppData\Local\Programs\MiKTeX\tex/latex/base\inputenc.
sty
Package: inputenc 2024/02/08 v1.3d Input encoding file
\inpenc@prehook=\toks19
\inpenc@posthook=\toks20
)
(C:\Users\clemence.hinot\AppData\Local\Programs\MiKTeX\tex/latex/fancyhdr\fancy
hdr.sty
Package: fancyhdr 2025/02/07 v5.2 Extensive control of page headers and footers

\f@nch@headwidth=\skip51
\f@nch@offset@elh=\skip52
\f@nch@offset@erh=\skip53
\f@nch@offset@olh=\skip54
\f@nch@offset@orh=\skip55
\f@nch@offset@elf=\skip56
\f@nch@offset@erf=\skip57
\f@nch@offset@olf=\skip58
\f@nch@offset@orf=\skip59
\f@nch@height=\skip60
\f@nch@footalignment=\skip61
\f@nch@widthL=\skip62
\f@nch@widthC=\skip63
\f@nch@widthR=\skip64
\@temptokenb=\toks21
)
(C:\Users\clemence.hinot\AppData\Local\Programs\MiKTeX\tex/latex/tools\multicol
.sty
Package: multicol 2025/10/21 v2.0b multicolumn formatting (FMi)
\c@tracingmulticols=\count295
\mult@box=\box55
\multicol@leftmargin=\dimen161
\c@unbalance=\count296
\c@collectmore=\count297
\doublecol@number=\count298
\multicoltolerance=\count299
\multicolpretolerance=\count300
\full@width=\dimen162
\page@free=\dimen163
\premulticols=\dimen164
\postmulticols=\dimen165
\multicolsep=\skip65
\multicolbaselineskip=\skip66
\partial@page=\box56
\last@line=\box57
\mc@boxedresult=\box58
\maxbalancingoverflow=\dimen166
\mult@rightbox=\box59
\mult@grightbox=\box60
\mult@firstbox=\box61
\mult@gfirstbox=\box62
\@tempa=\box63
\@tempa=\box64
\@tempa=\box65
\@tempa=\box66
\@tempa=\box67
\@tempa=\box68
\@tempa=\box69
\@tempa=\box70
\@tempa=\box71
\@tempa=\box72
\@tempa=\box73
\@tempa=\box74
\@tempa=\box75
\@tempa=\box76
\@tempa=\box77
\@tempa=\box78
\@tempa=\box79
\@tempa=\box80
\@tempa=\box81
\@tempa=\box82
\@tempa=\box83
\@tempa=\box84
\@tempa=\box85
\@tempa=\box86
\@tempa=\box87
\@tempa=\box88
\@tempa=\box89
\@tempa=\box90
\@tempa=\box91
\@tempa=\box92
\@tempa=\box93
\@tempa=\box94
\@tempa=\box95
\@tempa=\box96
\@tempa=\box97
\@tempa=\box98
\c@minrows=\count301
\c@columnbadness=\count302
\c@finalcolumnbadness=\count303
\last@try=\dimen167
\multicolovershoot=\dimen168
\multicolundershoot=\dimen169
\mult@nat@firstbox=\box99
\colbreak@box=\box100
\mc@col@check@num=\count304
\g__mc_curr_col_int=\count305
)
(C:\Users\clemence.hinot\AppData\Local\Programs\MiKTeX\tex/latex/geometry\geome
try.sty
Package: geometry 2020/01/02 v5.9 Page Geometry

(C:\Users\clemence.hinot\AppData\Local\Programs\MiKTeX\tex/generic/iftex\ifvtex
.sty
Package: ifvtex 2019/10/25 v1.7 ifvtex legacy package. Use iftex instead.

(C:\Users\clemence.hinot\AppData\Local\Programs\MiKTeX\tex/generic/iftex\iftex.
sty
Package: iftex 2024/12/12 v1.0g TeX engine tests
))
\Gm@cnth=\count306
\Gm@cntv=\count307
\c@Gm@tempcnt=\count308
\Gm@bindingoffset=\dimen170
\Gm@wd@mp=\dimen171
\Gm@odd@mp=\dimen172
\Gm@even@mp=\dimen173
\Gm@layoutwidth=\dimen174
\Gm@layoutheight=\dimen175
\Gm@layouthoffset=\dimen176
\Gm@layoutvoffset=\dimen177
\Gm@dimlist=\toks22

(C:\Users\clemence.hinot\AppData\Local\Programs\MiKTeX\tex/latex/geometry\geome
try.cfg))
(C:\Users\clemence.hinot\AppData\Local\Programs\MiKTeX\tex/latex/setspace\setsp
ace.sty
Package: setspace 2022/12/04 v6.7b set line spacing
)
(C:\Users\clemence.hinot\AppData\Local\Programs\MiKTeX\tex/latex/biblatex\bibla
tex.sty
Package: biblatex 2025/07/10 v3.21 programmable bibliographies (PK/MW)

(C:\Users\clemence.hinot\AppData\Local\Programs\MiKTeX\tex/generic/pdftexcmds\p
dftexcmds.sty
Package: pdftexcmds 2020-06-27 v0.33 Utility functions of pdfTeX for LuaTeX (HO
)

(C:\Users\clemence.hinot\AppData\Local\Programs\MiKTeX\tex/generic/infwarerr\in
fwarerr.sty
Package: infwarerr 2019/12/03 v1.5 Providing info/warning/error messages (HO)
)
(C:\Users\clemence.hinot\AppData\Local\Programs\MiKTeX\tex/generic/ltxcmds\ltxc
mds.sty
Package: ltxcmds 2023-12-04 v1.26 LaTeX kernel commands for general use (HO)
)
Package pdftexcmds Info: \pdf@primitive is available.
Package pdftexcmds Info: \pdf@ifprimitive is available.
Package pdftexcmds Info: \pdfdraftmode found.
)
(C:\Users\clemence.hinot\AppData\Local\Programs\MiKTeX\tex/latex/etoolbox\etool
box.sty
Package: etoolbox 2025/10/02 v2.5m e-TeX tools for LaTeX (JAW)
\etb@tempcnta=\count309
)
(C:\Users\clemence.hinot\AppData\Local\Programs\MiKTeX\tex/latex/kvoptions\kvop
tions.sty
Package: kvoptions 2022-06-15 v3.15 Key value format for package options (HO)

(C:\Users\clemence.hinot\AppData\Local\Programs\MiKTeX\tex/latex/kvsetkeys\kvse
tkeys.sty
Package: kvsetkeys 2022-10-05 v1.19 Key value parser (HO)
))
(C:\Users\clemence.hinot\AppData\Local\Programs\MiKTeX\tex/latex/logreq\logreq.
sty
Package: logreq 2010/08/04 v1.0 xml request logger
\lrq@indent=\count310

(C:\Users\clemence.hinot\AppData\Local\Programs\MiKTeX\tex/latex/logreq\logreq.
def
File: logreq.def 2010/08/04 v1.0 logreq spec v1.0
))
(C:\Users\clemence.hinot\AppData\Local\Programs\MiKTeX\tex/latex/base\ifthen.st
y
Package: ifthen 2024/03/16 v1.1e Standard LaTeX ifthen package (DPC)
) (C:\Users\clemence.hinot\AppData\Local\Programs\MiKTeX\tex/latex/url\url.sty
\Urlmuskip=\muskip17
Package: url 2013/09/16  ver 3.4  Verb mode for urls, etc.
)
\c@tabx@nest=\count311
\c@listtotal=\count312
\c@listcount=\count313
\c@liststart=\count314
\c@liststop=\count315
\c@citecount=\count316
\c@citetotal=\count317
\c@multicitecount=\count318
\c@multicitetotal=\count319
\c@instcount=\count320
\c@maxnames=\count321
\c@minnames=\count322
\c@maxitems=\count323
\c@minitems=\count324
\c@citecounter=\count325
\c@maxcitecounter=\count326
\c@savedcitecounter=\count327
\c@uniquelist=\count328
\c@uniquename=\count329
\c@refsection=\count330
\c@refsegment=\count331
\c@maxextratitle=\count332
\c@maxextratitleyear=\count333
\c@maxextraname=\count334
\c@maxextradate=\count335
\c@maxextraalpha=\count336
\c@abbrvpenalty=\count337
\c@highnamepenalty=\count338
\c@lownamepenalty=\count339
\c@maxparens=\count340
\c@parenlevel=\count341
\blx@tempcnta=\count342
\blx@tempcntb=\count343
\blx@tempcntc=\count344
\c@blx@maxsection=\count345
\blx@maxsegment@0=\count346
\blx@notetype=\count347
\blx@parenlevel@text=\count348
\blx@parenlevel@foot=\count349
\blx@sectionciteorder@0=\count350
\blx@sectionciteorderinternal@0=\count351
\blx@entrysetcounter=\count352
\blx@biblioinstance=\count353
\labelnumberwidth=\skip67
\labelalphawidth=\skip68
\biblabelsep=\skip69
\bibitemsep=\skip70
\bibnamesep=\skip71
\bibinitsep=\skip72
\bibparsep=\skip73
\bibhang=\skip74
\blx@bcfin=\read2
\blx@bcfout=\write3
\blx@langwohyphens=\language79
\c@mincomprange=\count354
\c@maxcomprange=\count355
\c@mincompwidth=\count356
Package biblatex Info: Trying to load biblatex default data model...
Package biblatex Info: ... file 'blx-dm.def' found.

(C:\Users\clemence.hinot\AppData\Local\Programs\MiKTeX\tex/latex/biblatex\blx-d
m.def
File: blx-dm.def 2025/07/10 v3.21 biblatex datamodel (PK/MW)
)
Package biblatex Info: Trying to load biblatex custom data model...
Package biblatex Info: ... file 'biblatex-dm.cfg' not found.
\c@afterword=\count357
\c@savedafterword=\count358
\c@annotator=\count359
\c@savedannotator=\count360
\c@author=\count361
\c@savedauthor=\count362
\c@bookauthor=\count363
\c@savedbookauthor=\count364
\c@commentator=\count365
\c@savedcommentator=\count366
\c@editor=\count367
\c@savededitor=\count368
\c@editora=\count369
\c@savededitora=\count370
\c@editorb=\count371
\c@savededitorb=\count372
\c@editorc=\count373
\c@savededitorc=\count374
\c@foreword=\count375
\c@savedforeword=\count376
\c@holder=\count377
\c@savedholder=\count378
\c@introduction=\count379
\c@savedintroduction=\count380
\c@namea=\count381
\c@savednamea=\count382
\c@nameb=\count383
\c@savednameb=\count384
\c@namec=\count385
\c@savednamec=\count386
\c@translator=\count387
\c@savedtranslator=\count388
\c@shortauthor=\count389
\c@savedshortauthor=\count390
\c@shorteditor=\count391
\c@savedshorteditor=\count392
\c@labelname=\count393
\c@savedlabelname=\count394
\c@institution=\count395
\c@savedinstitution=\count396
\c@lista=\count397
\c@savedlista=\count398
\c@listb=\count399
\c@savedlistb=\count400
\c@listc=\count401
\c@savedlistc=\count402
\c@listd=\count403
\c@savedlistd=\count404
\c@liste=\count405
\c@savedliste=\count406
\c@listf=\count407
\c@savedlistf=\count408
\c@location=\count409
\c@savedlocation=\count410
\c@organization=\count411
\c@savedorganization=\count412
\c@origlocation=\count413
\c@savedoriglocation=\count414
\c@origpublisher=\count415
\c@savedorigpublisher=\count416
\c@publisher=\count417
\c@savedpublisher=\count418
\c@language=\count419
\c@savedlanguage=\count420
\c@origlanguage=\count421
\c@savedoriglanguage=\count422
\c@pageref=\count423
\c@savedpageref=\count424
\shorthandwidth=\skip75
\shortjournalwidth=\skip76
\shortserieswidth=\skip77
\shorttitlewidth=\skip78
\shortauthorwidth=\skip79
\shorteditorwidth=\skip80
\locallabelnumberwidth=\skip81
\locallabelalphawidth=\skip82
\localshorthandwidth=\skip83
\localshortjournalwidth=\skip84
\localshortserieswidth=\skip85
\localshorttitlewidth=\skip86
\localshortauthorwidth=\skip87
\localshorteditorwidth=\skip88
Package biblatex Info: Trying to load compatibility code...
Package biblatex Info: ... file 'blx-compat.def' found.

(C:\Users\clemence.hinot\AppData\Local\Programs\MiKTeX\tex/latex/biblatex\blx-c
ompat.def
File: blx-compat.def 2025/07/10 v3.21 biblatex compatibility (PK/MW)
)
Package biblatex Info: Trying to load generic definitions...
Package biblatex Info: ... file 'biblatex.def' found.

(C:\Users\clemence.hinot\AppData\Local\Programs\MiKTeX\tex/latex/biblatex\bibla
tex.def
File: biblatex.def 2025/07/10 v3.21 biblatex compatibility (PK/MW)
\c@textcitecount=\count425
\c@textcitetotal=\count426
\c@textcitemaxnames=\count427
\c@biburlbigbreakpenalty=\count428
\c@biburlbreakpenalty=\count429
\c@biburlnumpenalty=\count430
\c@biburlucpenalty=\count431
\c@biburllcpenalty=\count432
\biburlbigskip=\muskip18
\biburlnumskip=\muskip19
\biburlucskip=\muskip20
\biburllcskip=\muskip21
\c@smartand=\count433
)
Package biblatex Info: Trying to load bibliography style 'numeric'...
Package biblatex Info: ... file 'numeric.bbx' found.

(C:\Users\clemence.hinot\AppData\Local\Programs\MiKTeX\tex/latex/biblatex/bbx\n
umeric.bbx
File: numeric.bbx 2025/07/10 v3.21 biblatex bibliography style (PK/MW)
Package biblatex Info: Trying to load bibliography style 'standard'...
Package biblatex Info: ... file 'standard.bbx' found.

(C:\Users\clemence.hinot\AppData\Local\Programs\MiKTeX\tex/latex/biblatex/bbx\s
tandard.bbx
File: standard.bbx 2025/07/10 v3.21 biblatex bibliography style (PK/MW)
\c@bbx:relatedcount=\count434
\c@bbx:relatedtotal=\count435
))
Package biblatex Info: Trying to load citation style 'numeric'...
Package biblatex Info: ... file 'numeric.cbx' found.

(C:\Users\clemence.hinot\AppData\Local\Programs\MiKTeX\tex/latex/biblatex/cbx\n
umeric.cbx
File: numeric.cbx 2025/07/10 v3.21 biblatex citation style (PK/MW)
Package biblatex Info: Redefining '\cite'.
Package biblatex Info: Redefining '\parencite'.
Package biblatex Info: Redefining '\footcite'.
Package biblatex Info: Redefining '\footcitetext'.
Package biblatex Info: Redefining '\smartcite'.
Package biblatex Info: Redefining '\supercite'.
Package biblatex Info: Redefining '\textcite'.
Package biblatex Info: Redefining '\textcites'.
Package biblatex Info: Redefining '\cites'.
Package biblatex Info: Redefining '\parencites'.
Package biblatex Info: Redefining '\smartcites'.
)
Package biblatex Info: Trying to load configuration file...
Package biblatex Info: ... file 'biblatex.cfg' found.

(C:\Users\clemence.hinot\AppData\Local\Programs\MiKTeX\tex/latex/biblatex\bibla
tex.cfg
File: biblatex.cfg 
)
Package biblatex Info: Input encoding 'utf8' detected.
Package biblatex Info: Document encoding is UTF8 ....

(C:\Users\clemence.hinot\AppData\Local\Programs\MiKTeX\tex/latex/l3kernel\expl3
.sty
Package: expl3 2025-11-06 L3 programming layer (loader) 

(C:\Users\clemence.hinot\AppData\Local\Programs\MiKTeX\tex/latex/l3backend\l3ba
ckend-pdftex.def
File: l3backend-pdftex.def 2025-10-09 L3 backend support: PDF output (pdfTeX)
\l__color_backend_stack_int=\count436
))
Package biblatex Info: ... and expl3
(biblatex)             2025-11-06 L3 programming layer (loader) 
(biblatex)             is new enough (at least 2020/04/06),
(biblatex)             setting 'casechanger=expl3'.

(C:\Users\clemence.hinot\AppData\Local\Programs\MiKTeX\tex/latex/biblatex\blx-c
ase-expl3.sty
(C:\Users\clemence.hinot\AppData\Local\Programs\MiKTeX\tex/latex/l3packages/xpa
rse\xparse.sty
Package: xparse 2025-10-09 L3 Experimental document command parser
)
Package: blx-case-expl3 2025/07/10 v3.21 expl3 case changing code for biblatex
))
(C:\Users\clemence.hinot\AppData\Local\Programs\MiKTeX\tex/latex/graphics\graph
icx.sty
Package: graphicx 2024/12/31 v1.2e Enhanced LaTeX Graphics (DPC,SPQR)

(C:\Users\clemence.hinot\AppData\Local\Programs\MiKTeX\tex/latex/graphics\graph
ics.sty
Package: graphics 2024/08/06 v1.4g Standard LaTeX Graphics (DPC,SPQR)

(C:\Users\clemence.hinot\AppData\Local\Programs\MiKTeX\tex/latex/graphics\trig.
sty
Package: trig 2023/12/02 v1.11 sin cos tan (DPC)
)
(C:\Users\clemence.hinot\AppData\Local\Programs\MiKTeX\tex/latex/graphics-cfg\g
raphics.cfg
File: graphics.cfg 2016/06/04 v1.11 sample graphics configuration
)
Package graphics Info: Driver file: pdftex.def on input line 106.

(C:\Users\clemence.hinot\AppData\Local\Programs\MiKTeX\tex/latex/graphics-def\p
dftex.def
File: pdftex.def 2025/09/29 v1.2d Graphics/color driver for pdftex
))
\Gin@req@height=\dimen178
\Gin@req@width=\dimen179
)
(C:\Users\clemence.hinot\AppData\Local\Programs\MiKTeX\tex/latex/float\float.st
y
Package: float 2001/11/08 v1.3d Float enhancements (AL)
\c@float@type=\count437
\float@exts=\toks23
\float@box=\box101
\@float@everytoks=\toks24
\@floatcapt=\box102
)
(C:\Users\clemence.hinot\AppData\Local\Programs\MiKTeX\tex/latex/siunitx\siunit
x.sty
Package: siunitx 2025-07-09 v3.4.14 A comprehensive (SI) units package
\l__siunitx_number_uncert_offset_int=\count438
\l__siunitx_number_exponent_fixed_int=\count439
\l__siunitx_number_min_decimal_int=\count440
\l__siunitx_number_min_integer_int=\count441
\l__siunitx_number_round_precision_int=\count442
\l__siunitx_number_lower_threshold_int=\count443
\l__siunitx_number_upper_threshold_int=\count444
\l__siunitx_number_group_first_int=\count445
\l__siunitx_number_group_size_int=\count446
\l__siunitx_number_group_minimum_int=\count447
\l__siunitx_angle_tmp_dim=\dimen180
\l__siunitx_angle_marker_box=\box103
\l__siunitx_angle_unit_box=\box104
\l__siunitx_compound_count_int=\count448

(C:\Users\clemence.hinot\AppData\Local\Programs\MiKTeX\tex/latex/translations\t
ranslations.sty
Package: translations 2022/02/05 v1.12 internationalization of LaTeX2e packages
 (CN)
)
(C:\Users\clemence.hinot\AppData\Local\Programs\MiKTeX\tex/latex/amsmath\amstex
t.sty
Package: amstext 2024/11/17 v2.01 AMS text

(C:\Users\clemence.hinot\AppData\Local\Programs\MiKTeX\tex/latex/amsmath\amsgen
.sty
File: amsgen.sty 1999/11/30 v2.0 generic functions
\@emptytoks=\toks25
\ex@=\dimen181
))
\l__siunitx_table_tmp_box=\box105
\l__siunitx_table_tmp_dim=\dimen182
\l__siunitx_table_column_width_dim=\dimen183
\l__siunitx_table_integer_box=\box106
\l__siunitx_table_decimal_box=\box107
\l__siunitx_table_uncert_box=\box108
\l__siunitx_table_before_box=\box109
\l__siunitx_table_after_box=\box110
\l__siunitx_table_before_dim=\dimen184
\l__siunitx_table_carry_dim=\dimen185
\l__siunitx_unit_tmp_int=\count449
\l__siunitx_unit_position_int=\count450
\l__siunitx_unit_total_int=\count451

(C:\Users\clemence.hinot\AppData\Local\Programs\MiKTeX\tex/latex/tools\array.st
y
Package: array 2025/09/25 v2.6n Tabular extension package (FMi)
\col@sep=\dimen186
\ar@mcellbox=\box111
\extrarowheight=\dimen187
\NC@list=\toks26
\extratabsurround=\skip89
\backup@length=\skip90
\ar@cellbox=\box112
))
(C:\Users\clemence.hinot\AppData\Local\Programs\MiKTeX\tex/latex/mathtools\math
tools.sty
Package: mathtools 2024/10/04 v1.31 mathematical typesetting tools

(C:\Users\clemence.hinot\AppData\Local\Programs\MiKTeX\tex/latex/tools\calc.sty
Package: calc 2025/03/01 v4.3b Infix arithmetic (KKT,FJ)
\calc@Acount=\count452
\calc@Bcount=\count453
\calc@Adimen=\dimen188
\calc@Bdimen=\dimen189
\calc@Askip=\skip91
\calc@Bskip=\skip92
LaTeX Info: Redefining \setlength on input line 86.
LaTeX Info: Redefining \addtolength on input line 87.
\calc@Ccount=\count454
\calc@Cskip=\skip93
)
(C:\Users\clemence.hinot\AppData\Local\Programs\MiKTeX\tex/latex/mathtools\mhse
tup.sty
Package: mhsetup 2021/03/18 v1.4 programming setup (MH)
)
(C:\Users\clemence.hinot\AppData\Local\Programs\MiKTeX\tex/latex/amsmath\amsmat
h.sty
Package: amsmath 2025/07/09 v2.17z AMS math features
\@mathmargin=\skip94

For additional information on amsmath, use the `?' option.

(C:\Users\clemence.hinot\AppData\Local\Programs\MiKTeX\tex/latex/amsmath\amsbsy
.sty
Package: amsbsy 1999/11/29 v1.2d Bold Symbols
\pmbraise@=\dimen190
)
(C:\Users\clemence.hinot\AppData\Local\Programs\MiKTeX\tex/latex/amsmath\amsopn
.sty
Package: amsopn 2022/04/08 v2.04 operator names
)
\inf@bad=\count455
LaTeX Info: Redefining \frac on input line 233.
\uproot@=\count456
\leftroot@=\count457
LaTeX Info: Redefining \overline on input line 398.
LaTeX Info: Redefining \colon on input line 409.
\classnum@=\count458
\DOTSCASE@=\count459
LaTeX Info: Redefining \ldots on input line 495.
LaTeX Info: Redefining \dots on input line 498.
LaTeX Info: Redefining \cdots on input line 619.
\Mathstrutbox@=\box113
\strutbox@=\box114
LaTeX Info: Redefining \big on input line 721.
LaTeX Info: Redefining \Big on input line 722.
LaTeX Info: Redefining \bigg on input line 723.
LaTeX Info: Redefining \Bigg on input line 724.
\big@size=\dimen191
LaTeX Font Info:    Redeclaring font encoding OML on input line 742.
LaTeX Font Info:    Redeclaring font encoding OMS on input line 743.
\macc@depth=\count460
LaTeX Info: Redefining \bmod on input line 904.
LaTeX Info: Redefining \pmod on input line 909.
LaTeX Info: Redefining \smash on input line 939.
LaTeX Info: Redefining \relbar on input line 969.
LaTeX Info: Redefining \Relbar on input line 970.
\c@MaxMatrixCols=\count461
\dotsspace@=\muskip22
\c@parentequation=\count462
\dspbrk@lvl=\count463
\tag@help=\toks27
\row@=\count464
\column@=\count465
\maxfields@=\count466
\andhelp@=\toks28
\eqnshift@=\dimen192
\alignsep@=\dimen193
\tagshift@=\dimen194
\tagwidth@=\dimen195
\totwidth@=\dimen196
\lineht@=\dimen197
\@envbody=\toks29
\multlinegap=\skip95
\multlinetaggap=\skip96
\mathdisplay@stack=\toks30
LaTeX Info: Redefining \[ on input line 2950.
LaTeX Info: Redefining \] on input line 2951.
)
\g_MT_multlinerow_int=\count467
\l_MT_multwidth_dim=\dimen198
\origjot=\skip97
\l_MT_shortvdotswithinadjustabove_dim=\dimen199
\l_MT_shortvdotswithinadjustbelow_dim=\dimen256
\l_MT_above_intertext_sep=\dimen257
\l_MT_below_intertext_sep=\dimen258
\l_MT_above_shortintertext_sep=\dimen259
\l_MT_below_shortintertext_sep=\dimen260
\xmathstrut@box=\box115
\xmathstrut@dim=\dimen261
)
(C:\Users\clemence.hinot\AppData\Local\Programs\MiKTeX\tex/latex/amsfonts\amssy
mb.sty
Package: amssymb 2013/01/14 v3.01 AMS font symbols

(C:\Users\clemence.hinot\AppData\Local\Programs\MiKTeX\tex/latex/amsfonts\amsfo
nts.sty
Package: amsfonts 2013/01/14 v3.01 Basic AMSFonts support
\symAMSa=\mathgroup4
\symAMSb=\mathgroup5
LaTeX Font Info:    Redeclaring math symbol \hbar on input line 98.
LaTeX Font Info:    Overwriting math alphabet `\mathfrak' in version `bold'
(Font)                  U/euf/m/n --> U/euf/b/n on input line 106.
))
(C:\Users\clemence.hinot\AppData\Local\Programs\MiKTeX\tex/latex/hyperref\hyper
ref.sty
Package: hyperref 2025-07-12 v7.01o Hypertext links for LaTeX

(C:\Users\clemence.hinot\AppData\Local\Programs\MiKTeX\tex/generic/kvdefinekeys
\kvdefinekeys.sty
Package: kvdefinekeys 2019-12-19 v1.6 Define keys (HO)
)
(C:\Users\clemence.hinot\AppData\Local\Programs\MiKTeX\tex/generic/pdfescape\pd
fescape.sty
Package: pdfescape 2019/12/09 v1.15 Implements pdfTeX's escape features (HO)
)
(C:\Users\clemence.hinot\AppData\Local\Programs\MiKTeX\tex/latex/hycolor\hycolo
r.sty
Package: hycolor 2020-01-27 v1.10 Color options for hyperref/bookmark (HO)
)
(C:\Users\clemence.hinot\AppData\Local\Programs\MiKTeX\tex/latex/hyperref\namer
ef.sty
Package: nameref 2025-06-21 v2.57 Cross-referencing by name of section

(C:\Users\clemence.hinot\AppData\Local\Programs\MiKTeX\tex/latex/refcount\refco
unt.sty
Package: refcount 2019/12/15 v3.6 Data extraction from label references (HO)
)
(C:\Users\clemence.hinot\AppData\Local\Programs\MiKTeX\tex/generic/gettitlestri
ng\gettitlestring.sty
Package: gettitlestring 2019/12/15 v1.6 Cleanup title references (HO)
)
\c@section@level=\count468
)
(C:\Users\clemence.hinot\AppData\Local\Programs\MiKTeX\tex/generic/stringenc\st
ringenc.sty
Package: stringenc 2019/11/29 v1.12 Convert strings between diff. encodings (HO
)
)
\@linkdim=\dimen262
\Hy@linkcounter=\count469
\Hy@pagecounter=\count470

(C:\Users\clemence.hinot\AppData\Local\Programs\MiKTeX\tex/latex/hyperref\pd1en
c.def
File: pd1enc.def 2025-07-12 v7.01o Hyperref: PDFDocEncoding definition (HO)
Now handling font encoding PD1 ...
... no UTF-8 mapping file for font encoding PD1
)
(C:\Users\clemence.hinot\AppData\Local\Programs\MiKTeX\tex/generic/intcalc\intc
alc.sty
Package: intcalc 2019/12/15 v1.3 Expandable calculations with integers (HO)
)
\Hy@SavedSpaceFactor=\count471

(C:\Users\clemence.hinot\AppData\Local\Programs\MiKTeX\tex/latex/hyperref\puenc
.def
File: puenc.def 2025-07-12 v7.01o Hyperref: PDF Unicode definition (HO)
Now handling font encoding PU ...
... no UTF-8 mapping file for font encoding PU
)
Package hyperref Info: Hyper figures OFF on input line 4195.
Package hyperref Info: Link nesting OFF on input line 4200.
Package hyperref Info: Hyper index ON on input line 4203.
Package hyperref Info: Plain pages OFF on input line 4210.
Package hyperref Info: Backreferencing OFF on input line 4215.
Package hyperref Info: Implicit mode ON; LaTeX internals redefined.
Package hyperref Info: Bookmarks ON on input line 4462.
\c@Hy@tempcnt=\count472
LaTeX Info: Redefining \url on input line 4801.
\XeTeXLinkMargin=\dimen263

(C:\Users\clemence.hinot\AppData\Local\Programs\MiKTeX\tex/generic/bitset\bitse
t.sty
Package: bitset 2019/12/09 v1.3 Handle bit-vector datatype (HO)

(C:\Users\clemence.hinot\AppData\Local\Programs\MiKTeX\tex/generic/bigintcalc\b
igintcalc.sty
Package: bigintcalc 2019/12/15 v1.5 Expandable calculations on big integers (HO
)
))
\Fld@menulength=\count473
\Field@Width=\dimen264
\Fld@charsize=\dimen265
Package hyperref Info: Hyper figures OFF on input line 6078.
Package hyperref Info: Link nesting OFF on input line 6083.
Package hyperref Info: Hyper index ON on input line 6086.
Package hyperref Info: backreferencing OFF on input line 6093.
Package hyperref Info: Link coloring OFF on input line 6098.
Package hyperref Info: Link coloring with OCG OFF on input line 6103.
Package hyperref Info: PDF/A mode OFF on input line 6108.
\Hy@abspage=\count474
\c@Item=\count475
\c@Hfootnote=\count476
)
Package hyperref Info: Driver (autodetected): hpdftex.

(C:\Users\clemence.hinot\AppData\Local\Programs\MiKTeX\tex/latex/hyperref\hpdft
ex.def
File: hpdftex.def 2025-07-12 v7.01o Hyperref driver for pdfTeX
\Fld@listcount=\count477
\c@bookmark@seq@number=\count478

(C:\Users\clemence.hinot\AppData\Local\Programs\MiKTeX\tex/latex/rerunfilecheck
\rerunfilecheck.sty
Package: rerunfilecheck 2025-06-21 v1.11 Rerun checks for auxiliary files (HO)

(C:\Users\clemence.hinot\AppData\Local\Programs\MiKTeX\tex/generic/uniquecounte
r\uniquecounter.sty
Package: uniquecounter 2019/12/15 v1.4 Provide unlimited unique counter (HO)
)
Package uniquecounter Info: New unique counter `rerunfilecheck' on input line 2
84.
)
\Hy@SectionHShift=\skip98
)
Package hyperref Info: Option `colorlinks' set `true' on input line 42.
)
(C:\Users\clemence.hinot\AppData\Local\Programs\MiKTeX\tex/latex/tools\indentfi
rst.sty
Package: indentfirst 2023/07/02 v1.03 Indent first paragraph (DPC)
)
\@quotelevel=\count479
\@quotereset=\count480
Package translations Info: No language package found. I am going to use `englis
h' as default language. on input line 66.

(C:\Users\clemence.hinot\AppData\Local\Programs\MiKTeX\tex/latex/graphics\color
.sty
Package: color 2025/01/14 v1.3e Standard LaTeX Color (DPC)

(C:\Users\clemence.hinot\AppData\Local\Programs\MiKTeX\tex/latex/graphics-cfg\c
olor.cfg
File: color.cfg 2016/01/02 v1.6 sample color configuration
)
Package color Info: Driver file: pdftex.def on input line 149.

(C:\Users\clemence.hinot\AppData\Local\Programs\MiKTeX\tex/latex/graphics\mathc
olor.ltx)) (main.aux)
\openout1 = `main.aux'.

LaTeX Font Info:    Checking defaults for OML/cmm/m/it on input line 66.
LaTeX Font Info:    ... okay on input line 66.
LaTeX Font Info:    Checking defaults for OMS/cmsy/m/n on input line 66.
LaTeX Font Info:    ... okay on input line 66.
LaTeX Font Info:    Checking defaults for OT1/cmr/m/n on input line 66.
LaTeX Font Info:    ... okay on input line 66.
LaTeX Font Info:    Checking defaults for T1/cmr/m/n on input line 66.
LaTeX Font Info:    ... okay on input line 66.
LaTeX Font Info:    Checking defaults for TS1/cmr/m/n on input line 66.
LaTeX Font Info:    ... okay on input line 66.
LaTeX Font Info:    Checking defaults for OMX/cmex/m/n on input line 66.
LaTeX Font Info:    ... okay on input line 66.
LaTeX Font Info:    Checking defaults for U/cmr/m/n on input line 66.
LaTeX Font Info:    ... okay on input line 66.
LaTeX Font Info:    Checking defaults for PD1/pdf/m/n on input line 66.
LaTeX Font Info:    ... okay on input line 66.
LaTeX Font Info:    Checking defaults for PU/pdf/m/n on input line 66.
LaTeX Font Info:    ... okay on input line 66.
\c@lstlisting=\count481
Package caption Info: Begin \AtBeginDocument code.
Package caption Info: float package is loaded.
Package caption Info: hyperref package is loaded.
Package caption Info: End \AtBeginDocument code.

*geometry* driver: auto-detecting
*geometry* detected driver: pdftex
*geometry* verbose mode - [ preamble ] result:
* driver: pdftex
* paper: letterpaper
* layout: <same size as paper>
* layoutoffset:(h,v)=(0.0pt,0.0pt)
* modes: includehead includefoot 
* h-part:(L,W,R)=(72.26999pt, 469.75502pt, 72.26999pt)
* v-part:(T,H,B)=(72.26999pt, 650.43001pt, 72.26999pt)
* \paperwidth=614.295pt
* \paperheight=794.96999pt
* \textwidth=469.75502pt
* \textheight=583.43001pt
* \oddsidemargin=0.0pt
* \evensidemargin=0.0pt
* \topmargin=0.0pt
* \headheight=35.0pt
* \headsep=25.0pt
* \topskip=12.0pt
* \footskip=30.0pt
* \marginparwidth=44.0pt
* \marginparsep=10.0pt
* \columnsep=10.0pt
* \skip\footins=10.8pt plus 4.0pt minus 2.0pt
* \hoffset=0.0pt
* \voffset=0.0pt
* \mag=1000
* \@twocolumnfalse
* \@twosidefalse
* \@mparswitchfalse
* \@reversemarginfalse
* (1in=72.27pt=25.4mm, 1cm=28.453pt)

Package biblatex Info: Trying to load language 'english'...
Package biblatex Info: ... file 'english.lbx' found.

(C:\Users\clemence.hinot\AppData\Local\Programs\MiKTeX\tex/latex/biblatex/lbx\e
nglish.lbx
File: english.lbx 2025/07/10 v3.21 biblatex localization (PK/MW)
)
Package biblatex Info: Input encoding 'utf8' detected.
Package biblatex Info: Automatic encoding selection.
(biblatex)             Assuming data encoding 'utf8'.
\openout3 = `main.bcf'.

Package biblatex Info: Trying to load bibliographic data...
Package biblatex Info: ... file 'main.bbl' found.
 (main.bbl)
Package biblatex Info: Reference section=0 on input line 66.
Package biblatex Info: Reference segment=0 on input line 66.

(C:\Users\clemence.hinot\AppData\Local\Programs\MiKTeX\tex/context/base/mkii\su
pp-pdf.mkii
[Loading MPS to PDF converter (version 2006.09.02).]
\scratchcounter=\count482
\scratchdimen=\dimen266
\scratchbox=\box116
\nofMPsegments=\count483
\nofMParguments=\count484
\everyMPshowfont=\toks31
\MPscratchCnt=\count485
\MPscratchDim=\dimen267
\MPnumerator=\count486
\makeMPintoPDFobject=\count487
\everyMPtoPDFconversion=\toks32
)
(C:\Users\clemence.hinot\AppData\Local\Programs\MiKTeX\tex/latex/epstopdf-pkg\e
pstopdf-base.sty
Package: epstopdf-base 2020-01-24 v2.11 Base part for package epstopdf
Package epstopdf-base Info: Redefining graphics rule for `.eps' on input line 4
85.

(C:\Users\clemence.hinot\AppData\Local\Programs\MiKTeX\tex/latex/00miktex\epsto
pdf-sys.cfg
File: epstopdf-sys.cfg 2021/03/18 v2.0 Configuration of epstopdf for MiKTeX
))
(C:\Users\clemence.hinot\AppData\Local\Programs\MiKTeX\tex/latex/translations/d
icts\translations-basic-dictionary-english.trsl
File: translations-basic-dictionary-english.trsl (english translation file `tra
nslations-basic-dictionary')
)
Package translations Info: loading dictionary `translations-basic-dictionary' f
or `english'. on input line 66.
Package hyperref Info: Link coloring ON on input line 66.
 (main.out) (main.out)
\@outlinefile=\write4
\openout4 = `main.out'.


(Layout/titlepage.tex

LaTeX Font Warning: Font shape `T1/cmr/m/n' in size <40> not available
(Font)              size <35.83> substituted on input line 3.


LaTeX Font Warning: Font shape `T1/cmr/bx/n' in size <40> not available
(Font)              size <35.83> substituted on input line 3.

<Images/cranfield_logo.png, id=251, 501.875pt x 501.875pt>
File: Images/cranfield_logo.png Graphic file (type png)
<use Images/cranfield_logo.png>
Package pdftex.def Info: Images/cranfield_logo.png  used on input line 10.
(pdftex.def)             Requested size: 117.43875pt x 117.43521pt.
[1

{C:/Users/clemence.hinot/AppData/Local/MiKTeX/fonts/map/pdftex/pdftex.map} <./I
mages/cranfield_logo.png>]) (Layout/headerfooter.tex) (main.toc
LaTeX Font Info:    Trying to load font information for U+msa on input line 3.

(C:\Users\clemence.hinot\AppData\Local\Programs\MiKTeX\tex/latex/amsfonts\umsa.
fd
File: umsa.fd 2013/01/14 v3.01 AMS symbols A
)
LaTeX Font Info:    Trying to load font information for U+msb on input line 3.

(C:\Users\clemence.hinot\AppData\Local\Programs\MiKTeX\tex/latex/amsfonts\umsb.
fd
File: umsb.fd 2013/01/14 v3.01 AMS symbols B
)

Package fancyhdr Warning: \headheight is too small (30.0pt): 
(fancyhdr)                Make it at least 34.18726pt, for example:
(fancyhdr)                \setlength{\headheight}{34.18726pt}.
(fancyhdr)                You might also make \topmargin smaller:
(fancyhdr)                \addtolength{\topmargin}{-4.18726pt}.


pdfTeX warning (ext4): destination with the same identifier (name{page.1}) has 
been already used, duplicate ignored
<to be read again> 
                   \relax 
l.30 ... BFGS parameters}{31}{subsubsection.5.2.1}
                                                  % [1]
Overfull \hbox (46.14957pt too wide) in paragraph at lines 52--52
 [][] [][][]\T1/cmr/m/n/12 Two Truss prob-lem script adapted for BFGS (two_bar_
plane_truss_problem.py)[][] [][]  
 []


Package fancyhdr Warning: \headheight is too small (30.0pt): 
(fancyhdr)                Make it at least 34.18726pt, for example:
(fancyhdr)                \setlength{\headheight}{34.18726pt}.
(fancyhdr)                You might also make \topmargin smaller:
(fancyhdr)                \addtolength{\topmargin}{-4.18726pt}.

[2])
\tf@toc=\write5
\openout5 = `main.toc'.



Package fancyhdr Warning: \headheight is too small (30.0pt): 
(fancyhdr)                Make it at least 34.18726pt, for example:
(fancyhdr)                \setlength{\headheight}{34.18726pt}.
(fancyhdr)                You might also make \topmargin smaller:
(fancyhdr)                \addtolength{\topmargin}{-4.18726pt}.

[3] (Sections/1_Introduction.tex
Overfull \hbox (17.07745pt too wide) in paragraph at lines 3--4
[]\T1/cmr/m/n/12 This re-port in-ves-ti-gates de-ter-min-is-tic gradient-based 
op-ti-miza-tion us-ing the BFGS (Broyden-
 []

)

Package fancyhdr Warning: \headheight is too small (30.0pt): 
(fancyhdr)                Make it at least 34.18726pt, for example:
(fancyhdr)                \setlength{\headheight}{34.18726pt}.
(fancyhdr)                You might also make \topmargin smaller:
(fancyhdr)                \addtolength{\topmargin}{-4.18726pt}.

[4]

Package fancyhdr Warning: \headheight is too small (30.0pt): 
(fancyhdr)                Make it at least 34.18726pt, for example:
(fancyhdr)                \setlength{\headheight}{34.18726pt}.
(fancyhdr)                You might also make \topmargin smaller:
(fancyhdr)                \addtolength{\topmargin}{-4.18726pt}.

[5] (Sections/2_Methodology.tex

Package fancyhdr Warning: \headheight is too small (30.0pt): 
(fancyhdr)                Make it at least 34.18726pt, for example:
(fancyhdr)                \setlength{\headheight}{34.18726pt}.
(fancyhdr)                You might also make \topmargin smaller:
(fancyhdr)                \addtolength{\topmargin}{-4.18726pt}.

[6])

Package fancyhdr Warning: \headheight is too small (30.0pt): 
(fancyhdr)                Make it at least 34.18726pt, for example:
(fancyhdr)                \setlength{\headheight}{34.18726pt}.
(fancyhdr)                You might also make \topmargin smaller:
(fancyhdr)                \addtolength{\topmargin}{-4.18726pt}.

[7] (Sections/5_Problem3_GearTrain.tex

Package fancyhdr Warning: \headheight is too small (30.0pt): 
(fancyhdr)                Make it at least 34.18726pt, for example:
(fancyhdr)                \setlength{\headheight}{34.18726pt}.
(fancyhdr)                You might also make \topmargin smaller:
(fancyhdr)                \addtolength{\topmargin}{-4.18726pt}.

[8]
<Images/GearTrainDesign/BFGS Convergence(norm).png, id=387, 379.4175pt x 284.48
1pt>
File: Images/GearTrainDesign/BFGS Convergence(norm).png Graphic file (type png)

<use Images/GearTrainDesign/BFGS Convergence(norm).png>
Package pdftex.def Info: Images/GearTrainDesign/BFGS Convergence(norm).png  use
d on input line 35.
(pdftex.def)             Requested size: 375.80544pt x 281.7803pt.


Package fancyhdr Warning: \headheight is too small (30.0pt): 
(fancyhdr)                Make it at least 34.18726pt, for example:
(fancyhdr)                \setlength{\headheight}{34.18726pt}.
(fancyhdr)                You might also make \topmargin smaller:
(fancyhdr)                \addtolength{\topmargin}{-4.18726pt}.

[9]
<Images/GearTrainDesign/BFGS Convergence(Objective).png, id=394, 379.4175pt x 2
84.481pt>
File: Images/GearTrainDesign/BFGS Convergence(Objective).png Graphic file (type
 png)
<use Images/GearTrainDesign/BFGS Convergence(Objective).png>
Package pdftex.def Info: Images/GearTrainDesign/BFGS Convergence(Objective).png
  used on input line 44.
(pdftex.def)             Requested size: 375.80544pt x 281.7803pt.


Package fancyhdr Warning: \headheight is too small (30.0pt): 
(fancyhdr)                Make it at least 34.18726pt, for example:
(fancyhdr)                \setlength{\headheight}{34.18726pt}.
(fancyhdr)                You might also make \topmargin smaller:
(fancyhdr)                \addtolength{\topmargin}{-4.18726pt}.

[10 <./Images/GearTrainDesign/BFGS Convergence(norm).png>]
<Images/GearTrainDesign/BFGS robustness 1.png, id=402, 379.4175pt x 284.481pt>
File: Images/GearTrainDesign/BFGS robustness 1.png Graphic file (type png)
<use Images/GearTrainDesign/BFGS robustness 1.png>
Package pdftex.def Info: Images/GearTrainDesign/BFGS robustness 1.png  used on 
input line 57.
(pdftex.def)             Requested size: 375.80544pt x 281.7803pt.


Package fancyhdr Warning: \headheight is too small (30.0pt): 
(fancyhdr)                Make it at least 34.18726pt, for example:
(fancyhdr)                \setlength{\headheight}{34.18726pt}.
(fancyhdr)                You might also make \topmargin smaller:
(fancyhdr)                \addtolength{\topmargin}{-4.18726pt}.

[11 <./Images/GearTrainDesign/BFGS Convergence(Objective).png>]
<Images/GearTrainDesign/BFGS robustness 2.png, id=410, 379.4175pt x 284.481pt>
File: Images/GearTrainDesign/BFGS robustness 2.png Graphic file (type png)
<use Images/GearTrainDesign/BFGS robustness 2.png>
Package pdftex.def Info: Images/GearTrainDesign/BFGS robustness 2.png  used on 
input line 68.
(pdftex.def)             Requested size: 375.80544pt x 281.7803pt.


Package fancyhdr Warning: \headheight is too small (30.0pt): 
(fancyhdr)                Make it at least 34.18726pt, for example:
(fancyhdr)                \setlength{\headheight}{34.18726pt}.
(fancyhdr)                You might also make \topmargin smaller:
(fancyhdr)                \addtolength{\topmargin}{-4.18726pt}.

[12 <./Images/GearTrainDesign/BFGS robustness 1.png>]
<Images/GearTrainDesign/BFGS robustness 3.png, id=419, 379.4175pt x 284.481pt>
File: Images/GearTrainDesign/BFGS robustness 3.png Graphic file (type png)
<use Images/GearTrainDesign/BFGS robustness 3.png>
Package pdftex.def Info: Images/GearTrainDesign/BFGS robustness 3.png  used on 
input line 77.
(pdftex.def)             Requested size: 375.80544pt x 281.7803pt.


Package fancyhdr Warning: \headheight is too small (30.0pt): 
(fancyhdr)                Make it at least 34.18726pt, for example:
(fancyhdr)                \setlength{\headheight}{34.18726pt}.
(fancyhdr)                You might also make \topmargin smaller:
(fancyhdr)                \addtolength{\topmargin}{-4.18726pt}.

[13 <./Images/GearTrainDesign/BFGS robustness 2.png>]
<Images/GearTrainDesign/BFGS robustness 4.png, id=427, 379.4175pt x 284.481pt>
File: Images/GearTrainDesign/BFGS robustness 4.png Graphic file (type png)
<use Images/GearTrainDesign/BFGS robustness 4.png>
Package pdftex.def Info: Images/GearTrainDesign/BFGS robustness 4.png  used on 
input line 88.
(pdftex.def)             Requested size: 375.80544pt x 281.7803pt.


Package fancyhdr Warning: \headheight is too small (30.0pt): 
(fancyhdr)                Make it at least 34.18726pt, for example:
(fancyhdr)                \setlength{\headheight}{34.18726pt}.
(fancyhdr)                You might also make \topmargin smaller:
(fancyhdr)                \addtolength{\topmargin}{-4.18726pt}.

[14 <./Images/GearTrainDesign/BFGS robustness 3.png>]
<Images/GearTrainDesign/BFGS robustness 5.png, id=435, 379.4175pt x 284.481pt>
File: Images/GearTrainDesign/BFGS robustness 5.png Graphic file (type png)
<use Images/GearTrainDesign/BFGS robustness 5.png>
Package pdftex.def Info: Images/GearTrainDesign/BFGS robustness 5.png  used on 
input line 97.
(pdftex.def)             Requested size: 375.80544pt x 281.7803pt.


Package fancyhdr Warning: \headheight is too small (30.0pt): 
(fancyhdr)                Make it at least 34.18726pt, for example:
(fancyhdr)                \setlength{\headheight}{34.18726pt}.
(fancyhdr)                You might also make \topmargin smaller:
(fancyhdr)                \addtolength{\topmargin}{-4.18726pt}.

[15 <./Images/GearTrainDesign/BFGS robustness 4.png>]

Package fancyhdr Warning: \headheight is too small (30.0pt): 
(fancyhdr)                Make it at least 34.18726pt, for example:
(fancyhdr)                \setlength{\headheight}{34.18726pt}.
(fancyhdr)                You might also make \topmargin smaller:
(fancyhdr)                \addtolength{\topmargin}{-4.18726pt}.

[16 <./Images/GearTrainDesign/BFGS robustness 5.png>]

Package fancyhdr Warning: \headheight is too small (30.0pt): 
(fancyhdr)                Make it at least 34.18726pt, for example:
(fancyhdr)                \setlength{\headheight}{34.18726pt}.
(fancyhdr)                You might also make \topmargin smaller:
(fancyhdr)                \addtolength{\topmargin}{-4.18726pt}.

[17])

Package fancyhdr Warning: \headheight is too small (30.0pt): 
(fancyhdr)                Make it at least 34.18726pt, for example:
(fancyhdr)                \setlength{\headheight}{34.18726pt}.
(fancyhdr)                You might also make \topmargin smaller:
(fancyhdr)                \addtolength{\topmargin}{-4.18726pt}.

[18] (Sections/4_Problem2_Sensor.tex

Package fancyhdr Warning: \headheight is too small (30.0pt): 
(fancyhdr)                Make it at least 34.18726pt, for example:
(fancyhdr)                \setlength{\headheight}{34.18726pt}.
(fancyhdr)                You might also make \topmargin smaller:
(fancyhdr)                \addtolength{\topmargin}{-4.18726pt}.

[19]

Package fancyhdr Warning: \headheight is too small (30.0pt): 
(fancyhdr)                Make it at least 34.18726pt, for example:
(fancyhdr)                \setlength{\headheight}{34.18726pt}.
(fancyhdr)                You might also make \topmargin smaller:
(fancyhdr)                \addtolength{\topmargin}{-4.18726pt}.

[20]
<Images/Sensor Calibration/protocol_a_seed0_single_objective.png, id=471, 722.7
pt x 433.62pt>
File: Images/Sensor Calibration/protocol_a_seed0_single_objective.png Graphic f
ile (type png)
<use Images/Sensor Calibration/protocol_a_seed0_single_objective.png>
Package pdftex.def Info: Images/Sensor Calibration/protocol_a_seed0_single_obje
ctive.png  used on input line 44.
(pdftex.def)             Requested size: 225.4804pt x 135.28757pt.
<Images/Sensor Calibration/protocol_a_seed0_single_gradient.png, id=472, 722.7p
t x 433.62pt>
File: Images/Sensor Calibration/protocol_a_seed0_single_gradient.png Graphic fi
le (type png)
<use Images/Sensor Calibration/protocol_a_seed0_single_gradient.png>
Package pdftex.def Info: Images/Sensor Calibration/protocol_a_seed0_single_grad
ient.png  used on input line 48.
(pdftex.def)             Requested size: 225.4804pt x 135.28757pt.
<Images/Sensor Calibration/protocol_a_seed0_single_step_size.png, id=473, 722.7
pt x 433.62pt>
File: Images/Sensor Calibration/protocol_a_seed0_single_step_size.png Graphic f
ile (type png)
<use Images/Sensor Calibration/protocol_a_seed0_single_step_size.png>
Package pdftex.def Info: Images/Sensor Calibration/protocol_a_seed0_single_step
_size.png  used on input line 52.
(pdftex.def)             Requested size: 225.4804pt x 135.28757pt.
<Images/Sensor Calibration/protocol_a_seed0_single_model_fit.png, id=474, 722.7
pt x 433.62pt>
File: Images/Sensor Calibration/protocol_a_seed0_single_model_fit.png Graphic f
ile (type png)
<use Images/Sensor Calibration/protocol_a_seed0_single_model_fit.png>
Package pdftex.def Info: Images/Sensor Calibration/protocol_a_seed0_single_mode
l_fit.png  used on input line 56.
(pdftex.def)             Requested size: 225.4804pt x 135.28757pt.


Package fancyhdr Warning: \headheight is too small (30.0pt): 
(fancyhdr)                Make it at least 34.18726pt, for example:
(fancyhdr)                \setlength{\headheight}{34.18726pt}.
(fancyhdr)                You might also make \topmargin smaller:
(fancyhdr)                \addtolength{\topmargin}{-4.18726pt}.

[21 <./Images/Sensor Calibration/protocol_a_seed0_single_objective.png> <./Imag
es/Sensor Calibration/protocol_a_seed0_single_gradient.png> <./Images/Sensor Ca
libration/protocol_a_seed0_single_step_size.png> <./Images/Sensor Calibration/p
rotocol_a_seed0_single_model_fit.png>]

Package fancyhdr Warning: \headheight is too small (30.0pt): 
(fancyhdr)                Make it at least 34.18726pt, for example:
(fancyhdr)                \setlength{\headheight}{34.18726pt}.
(fancyhdr)                You might also make \topmargin smaller:
(fancyhdr)                \addtolength{\topmargin}{-4.18726pt}.

[22]
<Images/Sensor Calibration/protocol_b_seed0_single_objective.png, id=490, 722.7
pt x 433.62pt>
File: Images/Sensor Calibration/protocol_b_seed0_single_objective.png Graphic f
ile (type png)
<use Images/Sensor Calibration/protocol_b_seed0_single_objective.png>
Package pdftex.def Info: Images/Sensor Calibration/protocol_b_seed0_single_obje
ctive.png  used on input line 107.
(pdftex.def)             Requested size: 225.4804pt x 135.28757pt.
<Images/Sensor Calibration/protocol_b_seed0_single_gradient.png, id=491, 722.7p
t x 433.62pt>
File: Images/Sensor Calibration/protocol_b_seed0_single_gradient.png Graphic fi
le (type png)
<use Images/Sensor Calibration/protocol_b_seed0_single_gradient.png>
Package pdftex.def Info: Images/Sensor Calibration/protocol_b_seed0_single_grad
ient.png  used on input line 111.
(pdftex.def)             Requested size: 225.4804pt x 135.28757pt.
<Images/Sensor Calibration/protocol_b_seed0_single_step_size.png, id=492, 722.7
pt x 433.62pt>
File: Images/Sensor Calibration/protocol_b_seed0_single_step_size.png Graphic f
ile (type png)
<use Images/Sensor Calibration/protocol_b_seed0_single_step_size.png>
Package pdftex.def Info: Images/Sensor Calibration/protocol_b_seed0_single_step
_size.png  used on input line 115.
(pdftex.def)             Requested size: 225.4804pt x 135.28757pt.
<Images/Sensor Calibration/protocol_b_seed0_single_model_fit.png, id=493, 722.7
pt x 433.62pt>
File: Images/Sensor Calibration/protocol_b_seed0_single_model_fit.png Graphic f
ile (type png)
<use Images/Sensor Calibration/protocol_b_seed0_single_model_fit.png>
Package pdftex.def Info: Images/Sensor Calibration/protocol_b_seed0_single_mode
l_fit.png  used on input line 119.
(pdftex.def)             Requested size: 225.4804pt x 135.28757pt.


Package fancyhdr Warning: \headheight is too small (30.0pt): 
(fancyhdr)                Make it at least 34.18726pt, for example:
(fancyhdr)                \setlength{\headheight}{34.18726pt}.
(fancyhdr)                You might also make \topmargin smaller:
(fancyhdr)                \addtolength{\topmargin}{-4.18726pt}.

[23 <./Images/Sensor Calibration/protocol_b_seed0_single_objective.png> <./Imag
es/Sensor Calibration/protocol_b_seed0_single_gradient.png> <./Images/Sensor Ca
libration/protocol_b_seed0_single_step_size.png> <./Images/Sensor Calibration/p
rotocol_b_seed0_single_model_fit.png>]
<Images/Sensor Calibration/robustness_curve.png, id=505, 722.7pt x 433.62pt>
File: Images/Sensor Calibration/robustness_curve.png Graphic file (type png)
<use Images/Sensor Calibration/robustness_curve.png>
Package pdftex.def Info: Images/Sensor Calibration/robustness_curve.png  used o
n input line 133.
(pdftex.def)             Requested size: 375.80544pt x 225.48369pt.


Package fancyhdr Warning: \headheight is too small (30.0pt): 
(fancyhdr)                Make it at least 34.18726pt, for example:
(fancyhdr)                \setlength{\headheight}{34.18726pt}.
(fancyhdr)                You might also make \topmargin smaller:
(fancyhdr)                \addtolength{\topmargin}{-4.18726pt}.

[24 <./Images/Sensor Calibration/robustness_curve.png>]
<Images/Sensor Calibration/protocol_c_sigma0.01_run0_objective.png, id=513, 722
.7pt x 433.62pt>
File: Images/Sensor Calibration/protocol_c_sigma0.01_run0_objective.png Graphic
 file (type png)
<use Images/Sensor Calibration/protocol_c_sigma0.01_run0_objective.png>
Package pdftex.def Info: Images/Sensor Calibration/protocol_c_sigma0.01_run0_ob
jective.png  used on input line 148.
(pdftex.def)             Requested size: 225.4804pt x 135.28757pt.
<Images/Sensor Calibration/protocol_c_sigma0.01_run0_gradient.png, id=514, 722.
7pt x 433.62pt>
File: Images/Sensor Calibration/protocol_c_sigma0.01_run0_gradient.png Graphic 
file (type png)
<use Images/Sensor Calibration/protocol_c_sigma0.01_run0_gradient.png>
Package pdftex.def Info: Images/Sensor Calibration/protocol_c_sigma0.01_run0_gr
adient.png  used on input line 152.
(pdftex.def)             Requested size: 225.4804pt x 135.28757pt.
<Images/Sensor Calibration/protocol_c_sigma0.01_run0_step_size.png, id=515, 722
.7pt x 433.62pt>
File: Images/Sensor Calibration/protocol_c_sigma0.01_run0_step_size.png Graphic
 file (type png)
<use Images/Sensor Calibration/protocol_c_sigma0.01_run0_step_size.png>
Package pdftex.def Info: Images/Sensor Calibration/protocol_c_sigma0.01_run0_st
ep_size.png  used on input line 156.
(pdftex.def)             Requested size: 225.4804pt x 135.28757pt.
<Images/Sensor Calibration/protocol_c_sigma0.01_run0_model_fit.png, id=516, 722
.7pt x 433.62pt>
File: Images/Sensor Calibration/protocol_c_sigma0.01_run0_model_fit.png Graphic
 file (type png)
<use Images/Sensor Calibration/protocol_c_sigma0.01_run0_model_fit.png>
Package pdftex.def Info: Images/Sensor Calibration/protocol_c_sigma0.01_run0_mo
del_fit.png  used on input line 160.
(pdftex.def)             Requested size: 225.4804pt x 135.28757pt.


Package fancyhdr Warning: \headheight is too small (30.0pt): 
(fancyhdr)                Make it at least 34.18726pt, for example:
(fancyhdr)                \setlength{\headheight}{34.18726pt}.
(fancyhdr)                You might also make \topmargin smaller:
(fancyhdr)                \addtolength{\topmargin}{-4.18726pt}.

[25 <./Images/Sensor Calibration/protocol_c_sigma0.01_run0_objective.png> <./Im
ages/Sensor Calibration/protocol_c_sigma0.01_run0_gradient.png> <./Images/Senso
r Calibration/protocol_c_sigma0.01_run0_step_size.png> <./Images/Sensor Calibra
tion/protocol_c_sigma0.01_run0_model_fit.png>]
<Images/Sensor Calibration/performance_profile_A.png, id=527, 722.7pt x 433.62p
t>
File: Images/Sensor Calibration/performance_profile_A.png Graphic file (type pn
g)
<use Images/Sensor Calibration/performance_profile_A.png>
Package pdftex.def Info: Images/Sensor Calibration/performance_profile_A.png  u
sed on input line 189.
(pdftex.def)             Requested size: 375.80544pt x 225.48369pt.


Package fancyhdr Warning: \headheight is too small (30.0pt): 
(fancyhdr)                Make it at least 34.18726pt, for example:
(fancyhdr)                \setlength{\headheight}{34.18726pt}.
(fancyhdr)                You might also make \topmargin smaller:
(fancyhdr)                \addtolength{\topmargin}{-4.18726pt}.

[26 <./Images/Sensor Calibration/performance_profile_A.png>]

Package fancyhdr Warning: \headheight is too small (30.0pt): 
(fancyhdr)                Make it at least 34.18726pt, for example:
(fancyhdr)                \setlength{\headheight}{34.18726pt}.
(fancyhdr)                You might also make \topmargin smaller:
(fancyhdr)                \addtolength{\topmargin}{-4.18726pt}.

[27])

Package fancyhdr Warning: \headheight is too small (30.0pt): 
(fancyhdr)                Make it at least 34.18726pt, for example:
(fancyhdr)                \setlength{\headheight}{34.18726pt}.
(fancyhdr)                You might also make \topmargin smaller:
(fancyhdr)                \addtolength{\topmargin}{-4.18726pt}.

[28] (Sections/3_Problem1_Truss.tex
<Images/Two Truss/Two Bar Plane Truss.png, id=554, 264.23718pt x 195.73125pt>
File: Images/Two Truss/Two Bar Plane Truss.png Graphic file (type png)
<use Images/Two Truss/Two Bar Plane Truss.png>
Package pdftex.def Info: Images/Two Truss/Two Bar Plane Truss.png  used on inpu
t line 8.
(pdftex.def)             Requested size: 234.8775pt x 173.98222pt.


Package fancyhdr Warning: \headheight is too small (30.0pt): 
(fancyhdr)                Make it at least 34.18726pt, for example:
(fancyhdr)                \setlength{\headheight}{34.18726pt}.
(fancyhdr)                You might also make \topmargin smaller:
(fancyhdr)                \addtolength{\topmargin}{-4.18726pt}.

[29 <./Images/Two Truss/Two Bar Plane Truss.png>]

Package fancyhdr Warning: \headheight is too small (30.0pt): 
(fancyhdr)                Make it at least 34.18726pt, for example:
(fancyhdr)                \setlength{\headheight}{34.18726pt}.
(fancyhdr)                You might also make \topmargin smaller:
(fancyhdr)                \addtolength{\topmargin}{-4.18726pt}.

[30]

Package fancyhdr Warning: \headheight is too small (30.0pt): 
(fancyhdr)                Make it at least 34.18726pt, for example:
(fancyhdr)                \setlength{\headheight}{34.18726pt}.
(fancyhdr)                You might also make \topmargin smaller:
(fancyhdr)                \addtolength{\topmargin}{-4.18726pt}.

[31]

Package fancyhdr Warning: \headheight is too small (30.0pt): 
(fancyhdr)                Make it at least 34.18726pt, for example:
(fancyhdr)                \setlength{\headheight}{34.18726pt}.
(fancyhdr)                You might also make \topmargin smaller:
(fancyhdr)                \addtolength{\topmargin}{-4.18726pt}.

[32]

Package fancyhdr Warning: \headheight is too small (30.0pt): 
(fancyhdr)                Make it at least 34.18726pt, for example:
(fancyhdr)                \setlength{\headheight}{34.18726pt}.
(fancyhdr)                You might also make \topmargin smaller:
(fancyhdr)                \addtolength{\topmargin}{-4.18726pt}.

[33]

Package fancyhdr Warning: \headheight is too small (30.0pt): 
(fancyhdr)                Make it at least 34.18726pt, for example:
(fancyhdr)                \setlength{\headheight}{34.18726pt}.
(fancyhdr)                You might also make \topmargin smaller:
(fancyhdr)                \addtolength{\topmargin}{-4.18726pt}.

[34]
<Images/Two Truss/Noise effect on the Two Truss Problem.png, id=600, 657.05475p
t x 515.526pt>
File: Images/Two Truss/Noise effect on the Two Truss Problem.png Graphic file (
type png)
<use Images/Two Truss/Noise effect on the Two Truss Problem.png>
Package pdftex.def Info: Images/Two Truss/Noise effect on the Two Truss Problem
.png  used on input line 175.
(pdftex.def)             Requested size: 375.80544pt x 294.85976pt.


Package fancyhdr Warning: \headheight is too small (30.0pt): 
(fancyhdr)                Make it at least 34.18726pt, for example:
(fancyhdr)                \setlength{\headheight}{34.18726pt}.
(fancyhdr)                You might also make \topmargin smaller:
(fancyhdr)                \addtolength{\topmargin}{-4.18726pt}.

[35]
<Images/Two Truss/BFGS Convergence objective function Max iter.png, id=605, 722
.7pt x 433.62pt>
File: Images/Two Truss/BFGS Convergence objective function Max iter.png Graphic
 file (type png)
<use Images/Two Truss/BFGS Convergence objective function Max iter.png>
Package pdftex.def Info: Images/Two Truss/BFGS Convergence objective function M
ax iter.png  used on input line 190.
(pdftex.def)             Requested size: 225.4804pt x 135.28757pt.
<Images/Two Truss/BFGS Convergence gradient Max iter.png, id=606, 722.7pt x 433
.62pt>
File: Images/Two Truss/BFGS Convergence gradient Max iter.png Graphic file (typ
e png)
<use Images/Two Truss/BFGS Convergence gradient Max iter.png>
Package pdftex.def Info: Images/Two Truss/BFGS Convergence gradient Max iter.pn
g  used on input line 196.
(pdftex.def)             Requested size: 225.4804pt x 135.28757pt.
<Images/Two Truss/BFGS Step sizes Max iter.png, id=607, 722.7pt x 433.62pt>
File: Images/Two Truss/BFGS Step sizes Max iter.png Graphic file (type png)
<use Images/Two Truss/BFGS Step sizes Max iter.png>
Package pdftex.def Info: Images/Two Truss/BFGS Step sizes Max iter.png  used on
 input line 202.
(pdftex.def)             Requested size: 225.4804pt x 135.28757pt.


Package fancyhdr Warning: \headheight is too small (30.0pt): 
(fancyhdr)                Make it at least 34.18726pt, for example:
(fancyhdr)                \setlength{\headheight}{34.18726pt}.
(fancyhdr)                You might also make \topmargin smaller:
(fancyhdr)                \addtolength{\topmargin}{-4.18726pt}.

[36 <./Images/Two Truss/Noise effect on the Two Truss Problem.png>]

Package fancyhdr Warning: \headheight is too small (30.0pt): 
(fancyhdr)                Make it at least 34.18726pt, for example:
(fancyhdr)                \setlength{\headheight}{34.18726pt}.
(fancyhdr)                You might also make \topmargin smaller:
(fancyhdr)                \addtolength{\topmargin}{-4.18726pt}.

[37 <./Images/Two Truss/BFGS Convergence objective function Max iter.png> <./Im
ages/Two Truss/BFGS Convergence gradient Max iter.png> <./Images/Two Truss/BFGS
 Step sizes Max iter.png>]
<Images/Two Truss/BFGS Convergence objective function Best settings.png, id=625
, 722.7pt x 433.62pt>
File: Images/Two Truss/BFGS Convergence objective function Best settings.png Gr
aphic file (type png)
<use Images/Two Truss/BFGS Convergence objective function Best settings.png>
Package pdftex.def Info: Images/Two Truss/BFGS Convergence objective function B
est settings.png  used on input line 239.
(pdftex.def)             Requested size: 375.80544pt x 225.48369pt.


Package fancyhdr Warning: \headheight is too small (30.0pt): 
(fancyhdr)                Make it at least 34.18726pt, for example:
(fancyhdr)                \setlength{\headheight}{34.18726pt}.
(fancyhdr)                You might also make \topmargin smaller:
(fancyhdr)                \addtolength{\topmargin}{-4.18726pt}.

[38]
<Images/Two Truss/BFGS Convergence gradient Best settings.png, id=632, 722.7pt 
x 433.62pt>
File: Images/Two Truss/BFGS Convergence gradient Best settings.png Graphic file
 (type png)
<use Images/Two Truss/BFGS Convergence gradient Best settings.png>
Package pdftex.def Info: Images/Two Truss/BFGS Convergence gradient Best settin
gs.png  used on input line 247.
(pdftex.def)             Requested size: 375.80544pt x 225.48369pt.


Package fancyhdr Warning: \headheight is too small (30.0pt): 
(fancyhdr)                Make it at least 34.18726pt, for example:
(fancyhdr)                \setlength{\headheight}{34.18726pt}.
(fancyhdr)                You might also make \topmargin smaller:
(fancyhdr)                \addtolength{\topmargin}{-4.18726pt}.

[39 <./Images/Two Truss/BFGS Convergence objective function Best settings.png>]
<Images/Two Truss/BFGS Step sizes Best settings.png, id=638, 722.7pt x 433.62pt
>
File: Images/Two Truss/BFGS Step sizes Best settings.png Graphic file (type png
)
<use Images/Two Truss/BFGS Step sizes Best settings.png>
Package pdftex.def Info: Images/Two Truss/BFGS Step sizes Best settings.png  us
ed on input line 255.
(pdftex.def)             Requested size: 375.80544pt x 225.48369pt.

Package fancyhdr Warning: \headheight is too small (30.0pt): 
(fancyhdr)                Make it at least 34.18726pt, for example:
(fancyhdr)                \setlength{\headheight}{34.18726pt}.
(fancyhdr)                You might also make \topmargin smaller:
(fancyhdr)                \addtolength{\topmargin}{-4.18726pt}.

[40 <./Images/Two Truss/BFGS Convergence gradient Best settings.png>]

Package fancyhdr Warning: \headheight is too small (30.0pt): 
(fancyhdr)                Make it at least 34.18726pt, for example:
(fancyhdr)                \setlength{\headheight}{34.18726pt}.
(fancyhdr)                You might also make \topmargin smaller:
(fancyhdr)                \addtolength{\topmargin}{-4.18726pt}.

[41 <./Images/Two Truss/BFGS Step sizes Best settings.png>]
<Images/Two Truss/The solution quality.png, id=652, 757.02824pt x 513.71925pt>
File: Images/Two Truss/The solution quality.png Graphic file (type png)
<use Images/Two Truss/The solution quality.png>
Package pdftex.def Info: Images/Two Truss/The solution quality.png  used on inp
ut line 279.
(pdftex.def)             Requested size: 375.80544pt x 255.02472pt.


Package fancyhdr Warning: \headheight is too small (30.0pt): 
(fancyhdr)                Make it at least 34.18726pt, for example:
(fancyhdr)                \setlength{\headheight}{34.18726pt}.
(fancyhdr)                You might also make \topmargin smaller:
(fancyhdr)                \addtolength{\topmargin}{-4.18726pt}.

[42]
<Images/Two Truss/Feasability of the solution.png, id=658, 602.85225pt x 509.50
35pt>
File: Images/Two Truss/Feasability of the solution.png Graphic file (type png)
<use Images/Two Truss/Feasability of the solution.png>
Package pdftex.def Info: Images/Two Truss/Feasability of the solution.png  used
 on input line 289.
(pdftex.def)             Requested size: 375.80544pt x 317.6148pt.


Package fancyhdr Warning: \headheight is too small (30.0pt): 
(fancyhdr)                Make it at least 34.18726pt, for example:
(fancyhdr)                \setlength{\headheight}{34.18726pt}.
(fancyhdr)                You might also make \topmargin smaller:
(fancyhdr)                \addtolength{\topmargin}{-4.18726pt}.

[43 <./Images/Two Truss/The solution quality.png>]

Package fancyhdr Warning: \headheight is too small (30.0pt): 
(fancyhdr)                Make it at least 34.18726pt, for example:
(fancyhdr)                \setlength{\headheight}{34.18726pt}.
(fancyhdr)                You might also make \topmargin smaller:
(fancyhdr)                \addtolength{\topmargin}{-4.18726pt}.

[44 <./Images/Two Truss/Feasability of the solution.png>]

Package fancyhdr Warning: \headheight is too small (30.0pt): 
(fancyhdr)                Make it at least 34.18726pt, for example:
(fancyhdr)                \setlength{\headheight}{34.18726pt}.
(fancyhdr)                You might also make \topmargin smaller:
(fancyhdr)                \addtolength{\topmargin}{-4.18726pt}.

[45]

Package fancyhdr Warning: \headheight is too small (30.0pt): 
(fancyhdr)                Make it at least 34.18726pt, for example:
(fancyhdr)                \setlength{\headheight}{34.18726pt}.
(fancyhdr)                You might also make \topmargin smaller:
(fancyhdr)                \addtolength{\topmargin}{-4.18726pt}.

[46]

Package fancyhdr Warning: \headheight is too small (30.0pt): 
(fancyhdr)                Make it at least 34.18726pt, for example:
(fancyhdr)                \setlength{\headheight}{34.18726pt}.
(fancyhdr)                You might also make \topmargin smaller:
(fancyhdr)                \addtolength{\topmargin}{-4.18726pt}.

[47]

Package fancyhdr Warning: \headheight is too small (30.0pt): 
(fancyhdr)                Make it at least 34.18726pt, for example:
(fancyhdr)                \setlength{\headheight}{34.18726pt}.
(fancyhdr)                You might also make \topmargin smaller:
(fancyhdr)                \addtolength{\topmargin}{-4.18726pt}.

[48])

Package fancyhdr Warning: \headheight is too small (30.0pt): 
(fancyhdr)                Make it at least 34.18726pt, for example:
(fancyhdr)                \setlength{\headheight}{34.18726pt}.
(fancyhdr)                You might also make \topmargin smaller:
(fancyhdr)                \addtolength{\topmargin}{-4.18726pt}.

[49] (Sections/6_Comparison.tex)

Package fancyhdr Warning: \headheight is too small (30.0pt): 
(fancyhdr)                Make it at least 34.18726pt, for example:
(fancyhdr)                \setlength{\headheight}{34.18726pt}.
(fancyhdr)                You might also make \topmargin smaller:
(fancyhdr)                \addtolength{\topmargin}{-4.18726pt}.

[50] (Sections/6_Conclusion.tex)

Package fancyhdr Warning: \headheight is too small (30.0pt): 
(fancyhdr)                Make it at least 34.18726pt, for example:
(fancyhdr)                \setlength{\headheight}{34.18726pt}.
(fancyhdr)                You might also make \topmargin smaller:
(fancyhdr)                \addtolength{\topmargin}{-4.18726pt}.

[51]

Package fancyhdr Warning: \headheight is too small (30.0pt): 
(fancyhdr)                Make it at least 34.18726pt, for example:
(fancyhdr)                \setlength{\headheight}{34.18726pt}.
(fancyhdr)                You might also make \topmargin smaller:
(fancyhdr)                \addtolength{\topmargin}{-4.18726pt}.

[52] (Sections/N_Appendix.tex
(C:\Users\clemence.hinot\AppData\Local\Programs\MiKTeX\tex/latex/listings\lstla
ng1.sty
File: lstlang1.sty 2025/11/14 1.11b listings language file
)
Package hyperref Info: bookmark level for unknown lstlisting defaults to 0 on i
nput line 7.
 (Coding Files/Sensor Calibration/run_task4.py
LaTeX Font Info:    Font shape `T1/cmtt/bx/n' in size <8> not available
(Font)              Font shape `T1/cmtt/m/n' tried instead on input line 3.


Package fancyhdr Warning: \headheight is too small (30.0pt): 
(fancyhdr)                Make it at least 34.18726pt, for example:
(fancyhdr)                \setlength{\headheight}{34.18726pt}.
(fancyhdr)                You might also make \topmargin smaller:
(fancyhdr)                \addtolength{\topmargin}{-4.18726pt}.

[53

]

Package fancyhdr Warning: \headheight is too small (30.0pt): 
(fancyhdr)                Make it at least 34.18726pt, for example:
(fancyhdr)                \setlength{\headheight}{34.18726pt}.
(fancyhdr)                You might also make \topmargin smaller:
(fancyhdr)                \addtolength{\topmargin}{-4.18726pt}.

[54]

Package fancyhdr Warning: \headheight is too small (30.0pt): 
(fancyhdr)                Make it at least 34.18726pt, for example:
(fancyhdr)                \setlength{\headheight}{34.18726pt}.
(fancyhdr)                You might also make \topmargin smaller:
(fancyhdr)                \addtolength{\topmargin}{-4.18726pt}.

[55]

Package fancyhdr Warning: \headheight is too small (30.0pt): 
(fancyhdr)                Make it at least 34.18726pt, for example:
(fancyhdr)                \setlength{\headheight}{34.18726pt}.
(fancyhdr)                You might also make \topmargin smaller:
(fancyhdr)                \addtolength{\topmargin}{-4.18726pt}.

[56]

Package fancyhdr Warning: \headheight is too small (30.0pt): 
(fancyhdr)                Make it at least 34.18726pt, for example:
(fancyhdr)                \setlength{\headheight}{34.18726pt}.
(fancyhdr)                You might also make \topmargin smaller:
(fancyhdr)                \addtolength{\topmargin}{-4.18726pt}.

[57]

Package fancyhdr Warning: \headheight is too small (30.0pt): 
(fancyhdr)                Make it at least 34.18726pt, for example:
(fancyhdr)                \setlength{\headheight}{34.18726pt}.
(fancyhdr)                You might also make \topmargin smaller:
(fancyhdr)                \addtolength{\topmargin}{-4.18726pt}.

[58]

Package fancyhdr Warning: \headheight is too small (30.0pt): 
(fancyhdr)                Make it at least 34.18726pt, for example:
(fancyhdr)                \setlength{\headheight}{34.18726pt}.
(fancyhdr)                You might also make \topmargin smaller:
(fancyhdr)                \addtolength{\topmargin}{-4.18726pt}.

[59]

Package fancyhdr Warning: \headheight is too small (30.0pt): 
(fancyhdr)                Make it at least 34.18726pt, for example:
(fancyhdr)                \setlength{\headheight}{34.18726pt}.
(fancyhdr)                You might also make \topmargin smaller:
(fancyhdr)                \addtolength{\topmargin}{-4.18726pt}.

[60]

Package fancyhdr Warning: \headheight is too small (30.0pt): 
(fancyhdr)                Make it at least 34.18726pt, for example:
(fancyhdr)                \setlength{\headheight}{34.18726pt}.
(fancyhdr)                You might also make \topmargin smaller:
(fancyhdr)                \addtolength{\topmargin}{-4.18726pt}.

[61]

Package fancyhdr Warning: \headheight is too small (30.0pt): 
(fancyhdr)                Make it at least 34.18726pt, for example:
(fancyhdr)                \setlength{\headheight}{34.18726pt}.
(fancyhdr)                You might also make \topmargin smaller:
(fancyhdr)                \addtolength{\topmargin}{-4.18726pt}.

[62]) (Coding Files/Sensor Calibration/steinhart_hart_bfgs.py

Package fancyhdr Warning: \headheight is too small (30.0pt): 
(fancyhdr)                Make it at least 34.18726pt, for example:
(fancyhdr)                \setlength{\headheight}{34.18726pt}.
(fancyhdr)                You might also make \topmargin smaller:
(fancyhdr)                \addtolength{\topmargin}{-4.18726pt}.

[63]

Package fancyhdr Warning: \headheight is too small (30.0pt): 
(fancyhdr)                Make it at least 34.18726pt, for example:
(fancyhdr)                \setlength{\headheight}{34.18726pt}.
(fancyhdr)                You might also make \topmargin smaller:
(fancyhdr)                \addtolength{\topmargin}{-4.18726pt}.

[64]

Package fancyhdr Warning: \headheight is too small (30.0pt): 
(fancyhdr)                Make it at least 34.18726pt, for example:
(fancyhdr)                \setlength{\headheight}{34.18726pt}.
(fancyhdr)                You might also make \topmargin smaller:
(fancyhdr)                \addtolength{\topmargin}{-4.18726pt}.

[65]

Package fancyhdr Warning: \headheight is too small (30.0pt): 
(fancyhdr)                Make it at least 34.18726pt, for example:
(fancyhdr)                \setlength{\headheight}{34.18726pt}.
(fancyhdr)                You might also make \topmargin smaller:
(fancyhdr)                \addtolength{\topmargin}{-4.18726pt}.

[66]

Package fancyhdr Warning: \headheight is too small (30.0pt): 
(fancyhdr)                Make it at least 34.18726pt, for example:
(fancyhdr)                \setlength{\headheight}{34.18726pt}.
(fancyhdr)                You might also make \topmargin smaller:
(fancyhdr)                \addtolength{\topmargin}{-4.18726pt}.

[67]

Package fancyhdr Warning: \headheight is too small (30.0pt): 
(fancyhdr)                Make it at least 34.18726pt, for example:
(fancyhdr)                \setlength{\headheight}{34.18726pt}.
(fancyhdr)                You might also make \topmargin smaller:
(fancyhdr)                \addtolength{\topmargin}{-4.18726pt}.

[68]

Package fancyhdr Warning: \headheight is too small (30.0pt): 
(fancyhdr)                Make it at least 34.18726pt, for example:
(fancyhdr)                \setlength{\headheight}{34.18726pt}.
(fancyhdr)                You might also make \topmargin smaller:
(fancyhdr)                \addtolength{\topmargin}{-4.18726pt}.

[69]) (Coding Files/GearTrain/run_gear_train.py

Package fancyhdr Warning: \headheight is too small (30.0pt): 
(fancyhdr)                Make it at least 34.18726pt, for example:
(fancyhdr)                \setlength{\headheight}{34.18726pt}.
(fancyhdr)                You might also make \topmargin smaller:
(fancyhdr)                \addtolength{\topmargin}{-4.18726pt}.

[70]

Package fancyhdr Warning: \headheight is too small (30.0pt): 
(fancyhdr)                Make it at least 34.18726pt, for example:
(fancyhdr)                \setlength{\headheight}{34.18726pt}.
(fancyhdr)                You might also make \topmargin smaller:
(fancyhdr)                \addtolength{\topmargin}{-4.18726pt}.

[71]

Package fancyhdr Warning: \headheight is too small (30.0pt): 
(fancyhdr)                Make it at least 34.18726pt, for example:
(fancyhdr)                \setlength{\headheight}{34.18726pt}.
(fancyhdr)                You might also make \topmargin smaller:
(fancyhdr)                \addtolength{\topmargin}{-4.18726pt}.

[72]

Package fancyhdr Warning: \headheight is too small (30.0pt): 
(fancyhdr)                Make it at least 34.18726pt, for example:
(fancyhdr)                \setlength{\headheight}{34.18726pt}.
(fancyhdr)                You might also make \topmargin smaller:
(fancyhdr)                \addtolength{\topmargin}{-4.18726pt}.

[73]

Package fancyhdr Warning: \headheight is too small (30.0pt): 
(fancyhdr)                Make it at least 34.18726pt, for example:
(fancyhdr)                \setlength{\headheight}{34.18726pt}.
(fancyhdr)                You might also make \topmargin smaller:
(fancyhdr)                \addtolength{\topmargin}{-4.18726pt}.

[74]

Package fancyhdr Warning: \headheight is too small (30.0pt): 
(fancyhdr)                Make it at least 34.18726pt, for example:
(fancyhdr)                \setlength{\headheight}{34.18726pt}.
(fancyhdr)                You might also make \topmargin smaller:
(fancyhdr)                \addtolength{\topmargin}{-4.18726pt}.

[75]

Package fancyhdr Warning: \headheight is too small (30.0pt): 
(fancyhdr)                Make it at least 34.18726pt, for example:
(fancyhdr)                \setlength{\headheight}{34.18726pt}.
(fancyhdr)                You might also make \topmargin smaller:
(fancyhdr)                \addtolength{\topmargin}{-4.18726pt}.

[76]) (Coding Files/GearTrain/gear_train_bfgs.py

Package fancyhdr Warning: \headheight is too small (30.0pt): 
(fancyhdr)                Make it at least 34.18726pt, for example:
(fancyhdr)                \setlength{\headheight}{34.18726pt}.
(fancyhdr)                You might also make \topmargin smaller:
(fancyhdr)                \addtolength{\topmargin}{-4.18726pt}.

[77]

Package fancyhdr Warning: \headheight is too small (30.0pt): 
(fancyhdr)                Make it at least 34.18726pt, for example:
(fancyhdr)                \setlength{\headheight}{34.18726pt}.
(fancyhdr)                You might also make \topmargin smaller:
(fancyhdr)                \addtolength{\topmargin}{-4.18726pt}.

[78]

Package fancyhdr Warning: \headheight is too small (30.0pt): 
(fancyhdr)                Make it at least 34.18726pt, for example:
(fancyhdr)                \setlength{\headheight}{34.18726pt}.
(fancyhdr)                You might also make \topmargin smaller:
(fancyhdr)                \addtolength{\topmargin}{-4.18726pt}.

[79]

Package fancyhdr Warning: \headheight is too small (30.0pt): 
(fancyhdr)                Make it at least 34.18726pt, for example:
(fancyhdr)                \setlength{\headheight}{34.18726pt}.
(fancyhdr)                You might also make \topmargin smaller:
(fancyhdr)                \addtolength{\topmargin}{-4.18726pt}.

[80]

Package fancyhdr Warning: \headheight is too small (30.0pt): 
(fancyhdr)                Make it at least 34.18726pt, for example:
(fancyhdr)                \setlength{\headheight}{34.18726pt}.
(fancyhdr)                You might also make \topmargin smaller:
(fancyhdr)                \addtolength{\topmargin}{-4.18726pt}.

[81]

Package fancyhdr Warning: \headheight is too small (30.0pt): 
(fancyhdr)                Make it at least 34.18726pt, for example:
(fancyhdr)                \setlength{\headheight}{34.18726pt}.
(fancyhdr)                You might also make \topmargin smaller:
(fancyhdr)                \addtolength{\topmargin}{-4.18726pt}.

[82]

Package fancyhdr Warning: \headheight is too small (30.0pt): 
(fancyhdr)                Make it at least 34.18726pt, for example:
(fancyhdr)                \setlength{\headheight}{34.18726pt}.
(fancyhdr)                You might also make \topmargin smaller:
(fancyhdr)                \addtolength{\topmargin}{-4.18726pt}.

[83]) (Coding Files/Two Bar Truss problem/custom_TBT_BFGS.py

Package fancyhdr Warning: \headheight is too small (30.0pt): 
(fancyhdr)                Make it at least 34.18726pt, for example:
(fancyhdr)                \setlength{\headheight}{34.18726pt}.
(fancyhdr)                You might also make \topmargin smaller:
(fancyhdr)                \addtolength{\topmargin}{-4.18726pt}.

[84]

Package fancyhdr Warning: \headheight is too small (30.0pt): 
(fancyhdr)                Make it at least 34.18726pt, for example:
(fancyhdr)                \setlength{\headheight}{34.18726pt}.
(fancyhdr)                You might also make \topmargin smaller:
(fancyhdr)                \addtolength{\topmargin}{-4.18726pt}.

[85]

Package fancyhdr Warning: \headheight is too small (30.0pt): 
(fancyhdr)                Make it at least 34.18726pt, for example:
(fancyhdr)                \setlength{\headheight}{34.18726pt}.
(fancyhdr)                You might also make \topmargin smaller:
(fancyhdr)                \addtolength{\topmargin}{-4.18726pt}.

[86]

Package fancyhdr Warning: \headheight is too small (30.0pt): 
(fancyhdr)                Make it at least 34.18726pt, for example:
(fancyhdr)                \setlength{\headheight}{34.18726pt}.
(fancyhdr)                You might also make \topmargin smaller:
(fancyhdr)                \addtolength{\topmargin}{-4.18726pt}.

[87]

! LaTeX Error: Invalid UTF-8 byte sequence (‚\lst@FillFixed@\lst@ECÅ).

See the LaTeX manual or LaTeX Companion for explanation.
Type  H <return>  for immediate help.
 ...                                              
                                                  
l.162         H ‚âà [‚àá¬≤f]‚Åª¬π 
                                   (inverse Hessian approximation)
The document does not appear to be in UTF-8 encoding.
Try adding \UseRawInputEncoding as the first line of the file
or specify an encoding such as \usepackage [latin1]{inputenc}
in the document preamble.
Alternatively, save the file in UTF-8 using your editor or another tool


! LaTeX Error: Invalid UTF-8 byte "BB.

See the LaTeX manual or LaTeX Companion for explanation.
Type  H <return>  for immediate help.
 ...                                              
                                                  
l.162         H ‚âà [‚àá¬≤f]‚Åª¬π 
                                   (inverse Hessian approximation)
The document does not appear to be in UTF-8 encoding.
Try adding \UseRawInputEncoding as the first line of the file
or specify an encoding such as \usepackage [latin1]{inputenc}
in the document preamble.
Alternatively, save the file in UTF-8 using your editor or another tool


! LaTeX Error: Invalid UTF-8 byte sequence (¬\lst@ECπ).

See the LaTeX manual or LaTeX Companion for explanation.
Type  H <return>  for immediate help.
 ...                                              
                                                  
l.162         H ‚âà [‚àá¬≤f]‚Åª¬π 
                                   (inverse Hessian approximation)
The document does not appear to be in UTF-8 encoding.
Try adding \UseRawInputEncoding as the first line of the file
or specify an encoding such as \usepackage [latin1]{inputenc}
in the document preamble.
Alternatively, save the file in UTF-8 using your editor or another tool


Package fancyhdr Warning: \headheight is too small (30.0pt): 
(fancyhdr)                Make it at least 34.18726pt, for example:
(fancyhdr)                \setlength{\headheight}{34.18726pt}.
(fancyhdr)                You might also make \topmargin smaller:
(fancyhdr)                \addtolength{\topmargin}{-4.18726pt}.

[88]

Package fancyhdr Warning: \headheight is too small (30.0pt): 
(fancyhdr)                Make it at least 34.18726pt, for example:
(fancyhdr)                \setlength{\headheight}{34.18726pt}.
(fancyhdr)                You might also make \topmargin smaller:
(fancyhdr)                \addtolength{\topmargin}{-4.18726pt}.

[89]

Package fancyhdr Warning: \headheight is too small (30.0pt): 
(fancyhdr)                Make it at least 34.18726pt, for example:
(fancyhdr)                \setlength{\headheight}{34.18726pt}.
(fancyhdr)                You might also make \topmargin smaller:
(fancyhdr)                \addtolength{\topmargin}{-4.18726pt}.

[90])
Overfull \hbox (53.01839pt too wide) in paragraph at lines 23--23
[]\T1/cmr/bx/n/12 Two Truss prob-lem script adapted for BFGS (two_bar_plane_tru
ss_problem.py) 
 []


Package fancyhdr Warning: \headheight is too small (30.0pt): 
(fancyhdr)                Make it at least 34.18726pt, for example:
(fancyhdr)                \setlength{\headheight}{34.18726pt}.
(fancyhdr)                You might also make \topmargin smaller:
(fancyhdr)                \addtolength{\topmargin}{-4.18726pt}.

[91] (Coding Files/Two Bar Truss problem/two_bar_plane_truss_problem.py

Package fancyhdr Warning: \headheight is too small (30.0pt): 
(fancyhdr)                Make it at least 34.18726pt, for example:
(fancyhdr)                \setlength{\headheight}{34.18726pt}.
(fancyhdr)                You might also make \topmargin smaller:
(fancyhdr)                \addtolength{\topmargin}{-4.18726pt}.

[92]

Package fancyhdr Warning: \headheight is too small (30.0pt): 
(fancyhdr)                Make it at least 34.18726pt, for example:
(fancyhdr)                \setlength{\headheight}{34.18726pt}.
(fancyhdr)                You might also make \topmargin smaller:
(fancyhdr)                \addtolength{\topmargin}{-4.18726pt}.

[93]) (Coding Files/Two Bar Truss problem/main_TBT_BFGS.py

Package fancyhdr Warning: \headheight is too small (30.0pt): 
(fancyhdr)                Make it at least 34.18726pt, for example:
(fancyhdr)                \setlength{\headheight}{34.18726pt}.
(fancyhdr)                You might also make \topmargin smaller:
(fancyhdr)                \addtolength{\topmargin}{-4.18726pt}.

[94]

Package fancyhdr Warning: \headheight is too small (30.0pt): 
(fancyhdr)                Make it at least 34.18726pt, for example:
(fancyhdr)                \setlength{\headheight}{34.18726pt}.
(fancyhdr)                You might also make \topmargin smaller:
(fancyhdr)                \addtolength{\topmargin}{-4.18726pt}.

[95]

Package fancyhdr Warning: \headheight is too small (30.0pt): 
(fancyhdr)                Make it at least 34.18726pt, for example:
(fancyhdr)                \setlength{\headheight}{34.18726pt}.
(fancyhdr)                You might also make \topmargin smaller:
(fancyhdr)                \addtolength{\topmargin}{-4.18726pt}.

[96]

Package fancyhdr Warning: \headheight is too small (30.0pt): 
(fancyhdr)                Make it at least 34.18726pt, for example:
(fancyhdr)                \setlength{\headheight}{34.18726pt}.
(fancyhdr)                You might also make \topmargin smaller:
(fancyhdr)                \addtolength{\topmargin}{-4.18726pt}.

[97]) (Coding Files/Two Bar Truss problem/main_TBT_BFGS_noise.py

Package fancyhdr Warning: \headheight is too small (30.0pt): 
(fancyhdr)                Make it at least 34.18726pt, for example:
(fancyhdr)                \setlength{\headheight}{34.18726pt}.
(fancyhdr)                You might also make \topmargin smaller:
(fancyhdr)                \addtolength{\topmargin}{-4.18726pt}.

[98]

! LaTeX Error: Invalid UTF-8 byte sequence (‚\expandafter\lst@FillFixed@).

See the LaTeX manual or LaTeX Companion for explanation.
Type  H <return>  for immediate help.
 ...                                              
                                                  
l.83 ...]   # <- change ici si tu veux d‚Äôautres 
                                                  niveaux
The document does not appear to be in UTF-8 encoding.
Try adding \UseRawInputEncoding as the first line of the file
or specify an encoding such as \usepackage [latin1]{inputenc}
in the document preamble.
Alternatively, save the file in UTF-8 using your editor or another tool


! LaTeX Error: Invalid UTF-8 byte "80.

See the LaTeX manual or LaTeX Companion for explanation.
Type  H <return>  for immediate help.
 ...                                              
                                                  
l.83 ...]   # <- change ici si tu veux d‚Äôautres 
                                                  niveaux
The document does not appear to be in UTF-8 encoding.
Try adding \UseRawInputEncoding as the first line of the file
or specify an encoding such as \usepackage [latin1]{inputenc}
in the document preamble.
Alternatively, save the file in UTF-8 using your editor or another tool


! LaTeX Error: Invalid UTF-8 byte "99.

See the LaTeX manual or LaTeX Companion for explanation.
Type  H <return>  for immediate help.
 ...                                              
                                                  
l.83 ...]   # <- change ici si tu veux d‚Äôautres 
                                                  niveaux
The document does not appear to be in UTF-8 encoding.
Try adding \UseRawInputEncoding as the first line of the file
or specify an encoding such as \usepackage [latin1]{inputenc}
in the document preamble.
Alternatively, save the file in UTF-8 using your editor or another tool


Package fancyhdr Warning: \headheight is too small (30.0pt): 
(fancyhdr)                Make it at least 34.18726pt, for example:
(fancyhdr)                \setlength{\headheight}{34.18726pt}.
(fancyhdr)                You might also make \topmargin smaller:
(fancyhdr)                \addtolength{\topmargin}{-4.18726pt}.

[99]

Package fancyhdr Warning: \headheight is too small (30.0pt): 
(fancyhdr)                Make it at least 34.18726pt, for example:
(fancyhdr)                \setlength{\headheight}{34.18726pt}.
(fancyhdr)                You might also make \topmargin smaller:
(fancyhdr)                \addtolength{\topmargin}{-4.18726pt}.

[100]

Package fancyhdr Warning: \headheight is too small (30.0pt): 
(fancyhdr)                Make it at least 34.18726pt, for example:
(fancyhdr)                \setlength{\headheight}{34.18726pt}.
(fancyhdr)                You might also make \topmargin smaller:
(fancyhdr)                \addtolength{\topmargin}{-4.18726pt}.

[101]) (Coding Files/Two Bar Truss problem/Test_noise.py

Package fancyhdr Warning: \headheight is too small (30.0pt): 
(fancyhdr)                Make it at least 34.18726pt, for example:
(fancyhdr)                \setlength{\headheight}{34.18726pt}.
(fancyhdr)                You might also make \topmargin smaller:
(fancyhdr)                \addtolength{\topmargin}{-4.18726pt}.

[102]

Package fancyhdr Warning: \headheight is too small (30.0pt): 
(fancyhdr)                Make it at least 34.18726pt, for example:
(fancyhdr)                \setlength{\headheight}{34.18726pt}.
(fancyhdr)                You might also make \topmargin smaller:
(fancyhdr)                \addtolength{\topmargin}{-4.18726pt}.

[103]

Package fancyhdr Warning: \headheight is too small (30.0pt): 
(fancyhdr)                Make it at least 34.18726pt, for example:
(fancyhdr)                \setlength{\headheight}{34.18726pt}.
(fancyhdr)                You might also make \topmargin smaller:
(fancyhdr)                \addtolength{\topmargin}{-4.18726pt}.

[104]

Package fancyhdr Warning: \headheight is too small (30.0pt): 
(fancyhdr)                Make it at least 34.18726pt, for example:
(fancyhdr)                \setlength{\headheight}{34.18726pt}.
(fancyhdr)                You might also make \topmargin smaller:
(fancyhdr)                \addtolength{\topmargin}{-4.18726pt}.

[105]

! LaTeX Error: Invalid UTF-8 byte sequence (‚\lst@FillFixed@\lst@ECî).

See the LaTeX manual or LaTeX Companion for explanation.
Type  H <return>  for immediate help.
 ...                                              
                                                  
l.201         print(f"\n{'‚îÄ'
                              *80}")
The document does not appear to be in UTF-8 encoding.
Try adding \UseRawInputEncoding as the first line of the file
or specify an encoding such as \usepackage [latin1]{inputenc}
in the document preamble.
Alternatively, save the file in UTF-8 using your editor or another tool


! LaTeX Error: Invalid UTF-8 byte "80.

See the LaTeX manual or LaTeX Companion for explanation.
Type  H <return>  for immediate help.
 ...                                              
                                                  
l.201         print(f"\n{'‚îÄ'
                              *80}")
The document does not appear to be in UTF-8 encoding.
Try adding \UseRawInputEncoding as the first line of the file
or specify an encoding such as \usepackage [latin1]{inputenc}
in the document preamble.
Alternatively, save the file in UTF-8 using your editor or another tool


! LaTeX Error: Invalid UTF-8 byte sequence (‚\lst@FillFixed@\lst@ECî).

See the LaTeX manual or LaTeX Companion for explanation.
Type  H <return>  for immediate help.
 ...                                              
                                                  
l.203         print(f"{'‚îÄ'
                            *80}")
The document does not appear to be in UTF-8 encoding.
Try adding \UseRawInputEncoding as the first line of the file
or specify an encoding such as \usepackage [latin1]{inputenc}
in the document preamble.
Alternatively, save the file in UTF-8 using your editor or another tool


! LaTeX Error: Invalid UTF-8 byte "80.

See the LaTeX manual or LaTeX Companion for explanation.
Type  H <return>  for immediate help.
 ...                                              
                                                  
l.203         print(f"{'‚îÄ'
                            *80}")
The document does not appear to be in UTF-8 encoding.
Try adding \UseRawInputEncoding as the first line of the file
or specify an encoding such as \usepackage [latin1]{inputenc}
in the document preamble.
Alternatively, save the file in UTF-8 using your editor or another tool


Package fancyhdr Warning: \headheight is too small (30.0pt): 
(fancyhdr)                Make it at least 34.18726pt, for example:
(fancyhdr)                \setlength{\headheight}{34.18726pt}.
(fancyhdr)                You might also make \topmargin smaller:
(fancyhdr)                \addtolength{\topmargin}{-4.18726pt}.

[106]

Package fancyhdr Warning: \headheight is too small (30.0pt): 
(fancyhdr)                Make it at least 34.18726pt, for example:
(fancyhdr)                \setlength{\headheight}{34.18726pt}.
(fancyhdr)                You might also make \topmargin smaller:
(fancyhdr)                \addtolength{\topmargin}{-4.18726pt}.

[107]

! LaTeX Error: Invalid UTF-8 byte sequence (‚\lst@FillFixed@\lst@ECî).

See the LaTeX manual or LaTeX Companion for explanation.
Type  H <return>  for immediate help.
 ...                                              
                                                  
l.290     print(f"\n{'‚îÄ'
                          *80}")
The document does not appear to be in UTF-8 encoding.
Try adding \UseRawInputEncoding as the first line of the file
or specify an encoding such as \usepackage [latin1]{inputenc}
in the document preamble.
Alternatively, save the file in UTF-8 using your editor or another tool


! LaTeX Error: Invalid UTF-8 byte "80.

See the LaTeX manual or LaTeX Companion for explanation.
Type  H <return>  for immediate help.
 ...                                              
                                                  
l.290     print(f"\n{'‚îÄ'
                          *80}")
The document does not appear to be in UTF-8 encoding.
Try adding \UseRawInputEncoding as the first line of the file
or specify an encoding such as \usepackage [latin1]{inputenc}
in the document preamble.
Alternatively, save the file in UTF-8 using your editor or another tool


! LaTeX Error: Invalid UTF-8 byte sequence (‚\lst@FillFixed@\lst@ECî).

See the LaTeX manual or LaTeX Companion for explanation.
Type  H <return>  for immediate help.
 ...                                              
                                                  
l.292     print(f"{'‚îÄ'
                        *80}\n")
The document does not appear to be in UTF-8 encoding.
Try adding \UseRawInputEncoding as the first line of the file
or specify an encoding such as \usepackage [latin1]{inputenc}
in the document preamble.
Alternatively, save the file in UTF-8 using your editor or another tool


! LaTeX Error: Invalid UTF-8 byte "80.

See the LaTeX manual or LaTeX Companion for explanation.
Type  H <return>  for immediate help.
 ...                                              
                                                  
l.292     print(f"{'‚îÄ'
                        *80}\n")
The document does not appear to be in UTF-8 encoding.
Try adding \UseRawInputEncoding as the first line of the file
or specify an encoding such as \usepackage [latin1]{inputenc}
in the document preamble.
Alternatively, save the file in UTF-8 using your editor or another tool


! LaTeX Error: Invalid UTF-8 byte sequence (‚\lst@FillFixed@\lst@ECö).

See the LaTeX manual or LaTeX Companion for explanation.
Type  H <return>  for immediate help.
 ...                                              
                                                  
l.304             print(f"  ‚ö†Ô∏è 
                                    WARNING: Less than 50% convergence rate!")
The document does not appear to be in UTF-8 encoding.
Try adding \UseRawInputEncoding as the first line of the file
or specify an encoding such as \usepackage [latin1]{inputenc}
in the document preamble.
Alternatively, save the file in UTF-8 using your editor or another tool


! LaTeX Error: Invalid UTF-8 byte "A0.

See the LaTeX manual or LaTeX Companion for explanation.
Type  H <return>  for immediate help.
 ...                                              
                                                  
l.304             print(f"  ‚ö†Ô∏è 
                                    WARNING: Less than 50% convergence rate!")
The document does not appear to be in UTF-8 encoding.
Try adding \UseRawInputEncoding as the first line of the file
or specify an encoding such as \usepackage [latin1]{inputenc}
in the document preamble.
Alternatively, save the file in UTF-8 using your editor or another tool


! LaTeX Error: Invalid UTF-8 byte sequence (Ô\lst@EC∏\lst@ECè).

See the LaTeX manual or LaTeX Companion for explanation.
Type  H <return>  for immediate help.
 ...                                              
                                                  
l.304             print(f"  ‚ö†Ô∏è 
                                    WARNING: Less than 50% convergence rate!")
The document does not appear to be in UTF-8 encoding.
Try adding \UseRawInputEncoding as the first line of the file
or specify an encoding such as \usepackage [latin1]{inputenc}
in the document preamble.
Alternatively, save the file in UTF-8 using your editor or another tool


! LaTeX Error: Invalid UTF-8 byte sequence (‚\lst@FillFixed@\lst@ECö).

See the LaTeX manual or LaTeX Companion for explanation.
Type  H <return>  for immediate help.
 ...                                              
                                                  
l.306             print(f"  ‚ö†Ô∏è 
                                    WARNING: Less than 80% feasible solution...

The document does not appear to be in UTF-8 encoding.
Try adding \UseRawInputEncoding as the first line of the file
or specify an encoding such as \usepackage [latin1]{inputenc}
in the document preamble.
Alternatively, save the file in UTF-8 using your editor or another tool


! LaTeX Error: Invalid UTF-8 byte "A0.

See the LaTeX manual or LaTeX Companion for explanation.
Type  H <return>  for immediate help.
 ...                                              
                                                  
l.306             print(f"  ‚ö†Ô∏è 
                                    WARNING: Less than 80% feasible solution...

The document does not appear to be in UTF-8 encoding.
Try adding \UseRawInputEncoding as the first line of the file
or specify an encoding such as \usepackage [latin1]{inputenc}
in the document preamble.
Alternatively, save the file in UTF-8 using your editor or another tool


! LaTeX Error: Invalid UTF-8 byte sequence (Ô\lst@EC∏\lst@ECè).

See the LaTeX manual or LaTeX Companion for explanation.
Type  H <return>  for immediate help.
 ...                                              
                                                  
l.306             print(f"  ‚ö†Ô∏è 
                                    WARNING: Less than 80% feasible solution...

The document does not appear to be in UTF-8 encoding.
Try adding \UseRawInputEncoding as the first line of the file
or specify an encoding such as \usepackage [latin1]{inputenc}
in the document preamble.
Alternatively, save the file in UTF-8 using your editor or another tool


Package fancyhdr Warning: \headheight is too small (30.0pt): 
(fancyhdr)                Make it at least 34.18726pt, for example:
(fancyhdr)                \setlength{\headheight}{34.18726pt}.
(fancyhdr)                You might also make \topmargin smaller:
(fancyhdr)                \addtolength{\topmargin}{-4.18726pt}.

[108]

Package fancyhdr Warning: \headheight is too small (30.0pt): 
(fancyhdr)                Make it at least 34.18726pt, for example:
(fancyhdr)                \setlength{\headheight}{34.18726pt}.
(fancyhdr)                You might also make \topmargin smaller:
(fancyhdr)                \addtolength{\topmargin}{-4.18726pt}.

[109]

Package fancyhdr Warning: \headheight is too small (30.0pt): 
(fancyhdr)                Make it at least 34.18726pt, for example:
(fancyhdr)                \setlength{\headheight}{34.18726pt}.
(fancyhdr)                You might also make \topmargin smaller:
(fancyhdr)                \addtolength{\topmargin}{-4.18726pt}.

[110]

Package fancyhdr Warning: \headheight is too small (30.0pt): 
(fancyhdr)                Make it at least 34.18726pt, for example:
(fancyhdr)                \setlength{\headheight}{34.18726pt}.
(fancyhdr)                You might also make \topmargin smaller:
(fancyhdr)                \addtolength{\topmargin}{-4.18726pt}.

[111]

Package fancyhdr Warning: \headheight is too small (30.0pt): 
(fancyhdr)                Make it at least 34.18726pt, for example:
(fancyhdr)                \setlength{\headheight}{34.18726pt}.
(fancyhdr)                You might also make \topmargin smaller:
(fancyhdr)                \addtolength{\topmargin}{-4.18726pt}.

[112])

Package fancyhdr Warning: \headheight is too small (30.0pt): 
(fancyhdr)                Make it at least 34.18726pt, for example:
(fancyhdr)                \setlength{\headheight}{34.18726pt}.
(fancyhdr)                You might also make \topmargin smaller:
(fancyhdr)                \addtolength{\topmargin}{-4.18726pt}.

[113]

Package fancyhdr Warning: \headheight is too small (30.0pt): 
(fancyhdr)                Make it at least 34.18726pt, for example:
(fancyhdr)                \setlength{\headheight}{34.18726pt}.
(fancyhdr)                You might also make \topmargin smaller:
(fancyhdr)                \addtolength{\topmargin}{-4.18726pt}.

[114]

Package fancyhdr Warning: \headheight is too small (30.0pt): 
(fancyhdr)                Make it at least 34.18726pt, for example:
(fancyhdr)                \setlength{\headheight}{34.18726pt}.
(fancyhdr)                You might also make \topmargin smaller:
(fancyhdr)                \addtolength{\topmargin}{-4.18726pt}.

[115]

Package fancyhdr Warning: \headheight is too small (30.0pt): 
(fancyhdr)                Make it at least 34.18726pt, for example:
(fancyhdr)                \setlength{\headheight}{34.18726pt}.
(fancyhdr)                You might also make \topmargin smaller:
(fancyhdr)                \addtolength{\topmargin}{-4.18726pt}.

[116]
Overfull \hbox (3.33568pt too wide) in paragraph at lines 173--181
 [][] 
 []

)

Package fancyhdr Warning: \headheight is too small (30.0pt): 
(fancyhdr)                Make it at least 34.18726pt, for example:
(fancyhdr)                \setlength{\headheight}{34.18726pt}.
(fancyhdr)                You might also make \topmargin smaller:
(fancyhdr)                \addtolength{\topmargin}{-4.18726pt}.

[117]

Package fancyhdr Warning: \headheight is too small (30.0pt): 
(fancyhdr)                Make it at least 34.18726pt, for example:
(fancyhdr)                \setlength{\headheight}{34.18726pt}.
(fancyhdr)                You might also make \topmargin smaller:
(fancyhdr)                \addtolength{\topmargin}{-4.18726pt}.

[118] (main.aux)
 ***********
LaTeX2e <2025-11-01>
L3 programming layer <2025-11-06>
 ***********


LaTeX Font Warning: Size substitutions with differences
(Font)              up to 4.17pt have occurred.


LaTeX Warning: Label(s) may have changed. Rerun to get cross-references right.

Package rerunfilecheck Info: File `main.out' has not changed.
(rerunfilecheck)             Checksum: 4E4A7EE9FA9E6A3BDC7A58661FE1B5A8;13805.
Package logreq Info: Writing requests to 'main.run.xml'.
\openout1 = `main.run.xml'.

 ) 
Here is how much of TeX's memory you used:
 30377 strings out of 467871
 585852 string characters out of 5414019
 1737152 words of memory out of 5000000
 55821 multiletter control sequences out of 15000+600000
 646810 words of font info for 85 fonts, out of 8000000 for 9000
 1141 hyphenation exceptions out of 8191
 78i,13n,81p,1028b,2996s stack positions out of 10000i,1000n,20000p,200000b,200000s
 <C:\Users\clemence.hinot\AppData\Local\MiKTeX\fonts/pk/ljfour/jknappen/ec/dp
i600\ecbx1000.pk> <C:\Users\clemence.hinot\AppData\Local\MiKTeX\fonts/pk/ljfour
/jknappen/ec/dpi600\ecrm1000.pk> <C:\Users\clemence.hinot\AppData\Local\MiKTeX\
fonts/pk/ljfour/jknappen/ec/dpi600\ectt0800.pk> <C:\Users\clemence.hinot\AppDat
a\Local\MiKTeX\fonts/pk/ljfour/jknappen/ec/dpi600\ecit0800.pk> <C:\Users\clemen
ce.hinot\AppData\Local\MiKTeX\fonts/pk/ljfour/jknappen/ec/dpi600\ecrm1095.pk> <
C:\Users\clemence.hinot\AppData\Local\MiKTeX\fonts/pk/ljfour/jknappen/ec/dpi600
\ecti1200.pk> <C:\Users\clemence.hinot\AppData\Local\MiKTeX\fonts/pk/ljfour/jkn
appen/ec/dpi600\ecbx1440.pk> <C:\Users\clemence.hinot\AppData\Local\MiKTeX\font
s/pk/ljfour/jknappen/ec/dpi600\tcrm1200.pk> <C:\Users\clemence.hinot\AppData\Lo
cal\MiKTeX\fonts/pk/ljfour/jknappen/ec/dpi600\ecbx1728.pk> <C:\Users\clemence.h
inot\AppData\Local\MiKTeX\fonts/pk/ljfour/jknappen/ec/dpi600\ecrm1440.pk> <C:\U
sers\clemence.hinot\AppData\Local\MiKTeX\fonts/pk/ljfour/jknappen/ec/dpi600\ecr
m1200.pk> <C:\Users\clemence.hinot\AppData\Local\MiKTeX\fonts/pk/ljfour/jknappe
n/ec/dpi600\ecbx1200.pk> <C:\Users\clemence.hinot\AppData\Local\MiKTeX\fonts/pk
/ljfour/jknappen/ec/dpi600\ecrm2074.pk> <C:\Users\clemence.hinot\AppData\Local\
MiKTeX\fonts/pk/ljfour/jknappen/ec/dpi600\ecbx3583.pk><C:/Users/clemence.hinot/
AppData/Local/Programs/MiKTeX/fonts/type1/public/amsfonts/cm/cmex10.pfb><C:/Use
rs/clemence.hinot/AppData/Local/Programs/MiKTeX/fonts/type1/public/amsfonts/cm/
cmmi12.pfb><C:/Users/clemence.hinot/AppData/Local/Programs/MiKTeX/fonts/type1/p
ublic/amsfonts/cm/cmmi6.pfb><C:/Users/clemence.hinot/AppData/Local/Programs/MiK
TeX/fonts/type1/public/amsfonts/cm/cmmi8.pfb><C:/Users/clemence.hinot/AppData/L
ocal/Programs/MiKTeX/fonts/type1/public/amsfonts/cm/cmr12.pfb><C:/Users/clemenc
e.hinot/AppData/Local/Programs/MiKTeX/fonts/type1/public/amsfonts/cm/cmr6.pfb><
C:/Users/clemence.hinot/AppData/Local/Programs/MiKTeX/fonts/type1/public/amsfon
ts/cm/cmr8.pfb><C:/Users/clemence.hinot/AppData/Local/Programs/MiKTeX/fonts/typ
e1/public/amsfonts/cm/cmsy10.pfb><C:/Users/clemence.hinot/AppData/Local/Program
s/MiKTeX/fonts/type1/public/amsfonts/cm/cmsy6.pfb><C:/Users/clemence.hinot/AppD
ata/Local/Programs/MiKTeX/fonts/type1/public/amsfonts/cm/cmsy8.pfb><C:/Users/cl
emence.hinot/AppData/Local/Programs/MiKTeX/fonts/type1/public/amsfonts/symbols/
msam10.pfb><C:/Users/clemence.hinot/AppData/Local/Programs/MiKTeX/fonts/type1/p
ublic/amsfonts/symbols/msbm10.pfb>
Output written on main.pdf (119 pages, 3292696 bytes).
PDF statistics:
 5218 PDF objects out of 6186 (max. 8388607)
 3104 named destinations out of 3580 (max. 500000)
 657 words of extra memory for PDF output out of 10000 (max. 10000000)

